{"type":"FeatureCollection","features":[{"type":"Feature","geometry":{"type":"Point","coordinates":[127.0059624,37.5885141]},"properties":{"feature":"metro","name":"한성대입구","source_url":"https://www.openstreetmap.org/node/287600947"}},{"type":"Feature","geometry":{"type":"Point","coordinates":[126.9356089,37.3843939]},"properties":{"feature":"metro","name":"명학","source_url":"https://www.openstreetmap.org/node/353186903"}},{"type":"Feature","geometry":{"type":"Point","coordinates":[126.9091539,37.4187236]},"properties":{"feature":"metro","name":"관악","source_url":"https://www.openstreetmap.org/node/355172696"}},{"type":"Feature","geometry":{"type":"Point","coordinates":[126.9484606,37.3535747]},"properties":{"feature":"metro","name":"군포","source_url":"https://www.openstreetmap.org/node/355172701"}},{"type":"Feature","geometry":{"type":"Point","coordinates":[127.0344672,37.5783784]},"properties":{"feature":"metro","name":"제기동","source_url":"https://www.openstreetmap.org/node/355172758"}},{"type":"Feature","geometry":{"type":"Point","coordinates":[127.0672904,37.6016378]},"properties":{"feature":"metro","name":"신이문","source_url":"https://www.openstreetmap.org/node/355172765"}},{"type":"Feature","geometry":{"type":"Point","coordinates":[127.0576239,37.5894974]},"properties":{"feature":"metro","name":"회기","source_url":"https://www.openstreetmap.org/node/355172769"}},{"type":"Feature","geometry":{"type":"Point","coordinates":[127.0588653,37.6330633]},"properties":{"feature":"metro","name":"월계","source_url":"https://www.openstreetmap.org/node/355172771"}},{"type":"Feature","geometry":{"type":"Point","coordinates":[127.0513984,37.6446274]},"properties":{"feature":"metro","name":"녹천","source_url":"https://www.openstreetmap.org/node/355172773"}},{"type":"Feature","geometry":{"type":"Point","coordinates":[127.0618193,37.6236987]},"properties":{"feature":"metro","name":"광운대","source_url":"https://www.openstreetmap.org/node/355172776"}},{"type":"Feature","geometry":{"type":"Point","coordinates":[127.047978,37.6525981]},"properties":{"feature":"metro","name":"창동","source_url":"https://www.openstreetmap.org/node/355172782"}},{"type":"Feature","geometry":{"type":"Point","coordinates":[127.0443033,37.6676904]},"properties":{"feature":"metro","name":"방학","source_url":"https://www.openstreetmap.org/node/355172784"}},{"type":"Feature","geometry":{"type":"Point","coordinates":[127.0443627,37.7483211]},"properties":{"feature":"metro","name":"가능","source_url":"https://www.openstreetmap.org/node/355172786"}},{"type":"Feature","geometry":{"type":"Point","coordinates":[127.0473968,37.7102529]},"properties":{"feature":"metro","name":"망월사","source_url":"https://www.openstreetmap.org/node/355172791"}},{"type":"Feature","geometry":{"type":"Point","coordinates":[126.8445367,37.4943466]},"properties":{"feature":"metro","name":"오류동","source_url":"https://www.openstreetmap.org/node/355172808"}},{"type":"Feature","geometry":{"type":"Point","coordinates":[126.8587536,37.4945934]},"properties":{"feature":"metro","name":"개봉","source_url":"https://www.openstreetmap.org/node/355172810"}},{"type":"Feature","geometry":{"type":"Point","coordinates":[126.8697062,37.4962071]},"properties":{"feature":"metro","name":"구일","source_url":"https://www.openstreetmap.org/node/355172812"}},{"type":"Feature","geometry":{"type":"Point","coordinates":[126.7639671,37.4867775]},"properties":{"feature":"metro","name":"중동","source_url":"https://www.openstreetmap.org/node/355172816"}},{"type":"Feature","geometry":{"type":"Point","coordinates":[126.7528847,37.4877038]},"properties":{"feature":"metro","name":"송내","source_url":"https://www.openstreetmap.org/node/355172817"}},{"type":"Feature","geometry":{"type":"Point","coordinates":[126.7245591,37.489454]},"properties":{"feature":"metro","name":"부평","source_url":"https://www.openstreetmap.org/node/355172821"}},{"type":"Feature","geometry":{"type":"Point","coordinates":[126.7955903,37.4827657]},"properties":{"feature":"metro","name":"소사","source_url":"https://www.openstreetmap.org/node/355172827"}},{"type":"Feature","geometry":{"type":"Point","coordinates":[126.7827347,37.4841098]},"properties":{"feature":"metro","name":"부천","source_url":"https://www.openstreetmap.org/node/355172828"}},{"type":"Feature","geometry":{"type":"Point","coordinates":[126.7071115,37.4831229]},"properties":{"feature":"metro","name":"백운","source_url":"https://www.openstreetmap.org/node/355172837"}},{"type":"Feature","geometry":{"type":"Point","coordinates":[126.7028769,37.4710457]},"properties":{"feature":"metro","name":"동암","source_url":"https://www.openstreetmap.org/node/355172839"}},{"type":"Feature","geometry":{"type":"Point","coordinates":[126.9969576,37.4330744]},"properties":{"feature":"metro","name":"과천","source_url":"https://www.openstreetmap.org/node/355173082"}},{"type":"Feature","geometry":{"type":"Point","coordinates":[127.0078955,37.4437648]},"properties":{"feature":"metro","name":"경마공원","source_url":"https://www.openstreetmap.org/node/355173088"}},{"type":"Feature","geometry":{"type":"Point","coordinates":[127.0843766,37.4836919]},"properties":{"feature":"metro","name":"일원","source_url":"https://www.openstreetmap.org/node/355173092"}},{"type":"Feature","geometry":{"type":"Point","coordinates":[126.943397,37.3723075]},"properties":{"feature":"metro","name":"금정","source_url":"https://www.openstreetmap.org/node/355173126"}},{"type":"Feature","geometry":{"type":"Point","coordinates":[126.9638795,37.394288]},"properties":{"feature":"metro","name":"평촌","source_url":"https://www.openstreetmap.org/node/355173129"}},{"type":"Feature","geometry":{"type":"Point","coordinates":[126.9330964,37.3580735]},"properties":{"feature":"metro","name":"산본","source_url":"https://www.openstreetmap.org/node/355173135"}},{"type":"Feature","geometry":{"type":"Point","coordinates":[127.0585005,37.6343549]},"properties":{"feature":"metro","name":"","source_url":"https://www.openstreetmap.org/node/357864451"}},{"type":"Feature","geometry":{"type":"Point","coordinates":[127.099733,37.5142591]},"properties":{"feature":"metro","name":"","source_url":"https://www.openstreetmap.org/node/357880576"}},{"type":"Feature","geometry":{"type":"Point","coordinates":[127.0432358,37.5793852]},"properties":{"feature":"metro","name":"","source_url":"https://www.openstreetmap.org/node/490631737"}},{"type":"Feature","geometry":{"type":"Point","coordinates":[126.9823785,37.5699147]},"properties":{"feature":"metro","name":"","source_url":"https://www.openstreetmap.org/node/1553878333"}},{"type":"Feature","geometry":{"type":"Point","coordinates":[126.9825908,37.569798]},"properties":{"feature":"metro","name":"","source_url":"https://www.openstreetmap.org/node/1555198917"}},{"type":"Feature","geometry":{"type":"Point","coordinates":[127.0078097,37.5643754]},"properties":{"feature":"metro","name":"","source_url":"https://www.openstreetmap.org/node/1561114419"}},{"type":"Feature","geometry":{"type":"Point","coordinates":[126.9504791,37.5824919]},"properties":{"feature":"metro","name":"","source_url":"https://www.openstreetmap.org/node/1831648734"}},{"type":"Feature","geometry":{"type":"Point","coordinates":[126.950648,37.5821669]},"properties":{"feature":"metro","name":"","source_url":"https://www.openstreetmap.org/node/1831648735"}},{"type":"Feature","geometry":{"type":"Point","coordinates":[126.9503581,37.5820904]},"properties":{"feature":"metro","name":"","source_url":"https://www.openstreetmap.org/node/1831648736"}},{"type":"Feature","geometry":{"type":"Point","coordinates":[126.9502078,37.5824007]},"properties":{"feature":"metro","name":"","source_url":"https://www.openstreetmap.org/node/1831648737"}},{"type":"Feature","geometry":{"type":"Point","coordinates":[126.9179639,37.5280157]},"properties":{"feature":"metro","name":"국회의사당","source_url":"https://www.openstreetmap.org/node/1849176201"}},{"type":"Feature","geometry":{"type":"Point","coordinates":[127.0334789,37.48495]},"properties":{"feature":"metro","name":"","source_url":"https://www.openstreetmap.org/node/1918317450"}},{"type":"Feature","geometry":{"type":"Point","coordinates":[127.0548783,37.4909151]},"properties":{"feature":"metro","name":"","source_url":"https://www.openstreetmap.org/node/1925380572"}},{"type":"Feature","geometry":{"type":"Point","coordinates":[127.0557518,37.4912867]},"properties":{"feature":"metro","name":"","source_url":"https://www.openstreetmap.org/node/1925380575"}},{"type":"Feature","geometry":{"type":"Point","coordinates":[127.0551199,37.490551]},"properties":{"feature":"metro","name":"","source_url":"https://www.openstreetmap.org/node/1925380581"}},{"type":"Feature","geometry":{"type":"Point","coordinates":[127.0339735,37.484163]},"properties":{"feature":"metro","name":"","source_url":"https://www.openstreetmap.org/node/1925380667"}},{"type":"Feature","geometry":{"type":"Point","coordinates":[127.0335599,37.4842698]},"properties":{"feature":"metro","name":"","source_url":"https://www.openstreetmap.org/node/1925380669"}},{"type":"Feature","geometry":{"type":"Point","coordinates":[127.0333223,37.4847163]},"properties":{"feature":"metro","name":"","source_url":"https://www.openstreetmap.org/node/1925380670"}},{"type":"Feature","geometry":{"type":"Point","coordinates":[127.0341766,37.4849787]},"properties":{"feature":"metro","name":"","source_url":"https://www.openstreetmap.org/node/1925380671"}},{"type":"Feature","geometry":{"type":"Point","coordinates":[127.0345079,37.4848174]},"properties":{"feature":"metro","name":"","source_url":"https://www.openstreetmap.org/node/1925380672"}},{"type":"Feature","geometry":{"type":"Point","coordinates":[127.0349493,37.4844476]},"properties":{"feature":"metro","name":"","source_url":"https://www.openstreetmap.org/node/1925380687"}},{"type":"Feature","geometry":{"type":"Point","coordinates":[127.0348289,37.484029]},"properties":{"feature":"metro","name":"","source_url":"https://www.openstreetmap.org/node/1925380692"}},{"type":"Feature","geometry":{"type":"Point","coordinates":[127.0270249,37.498634]},"properties":{"feature":"metro","name":"","source_url":"https://www.openstreetmap.org/node/1925407862"}},{"type":"Feature","geometry":{"type":"Point","coordinates":[127.0274066,37.4987305]},"properties":{"feature":"metro","name":"","source_url":"https://www.openstreetmap.org/node/1925407863"}},{"type":"Feature","geometry":{"type":"Point","coordinates":[127.0286275,37.49805]},"properties":{"feature":"metro","name":"","source_url":"https://www.openstreetmap.org/node/1925407864"}},{"type":"Feature","geometry":{"type":"Point","coordinates":[127.0281134,37.4971929]},"properties":{"feature":"metro","name":"","source_url":"https://www.openstreetmap.org/node/1925407865"}},{"type":"Feature","geometry":{"type":"Point","coordinates":[127.0268964,37.4979952]},"properties":{"feature":"metro","name":"","source_url":"https://www.openstreetmap.org/node/1925407866"}},{"type":"Feature","geometry":{"type":"Point","coordinates":[127.0533718,37.4965064]},"properties":{"feature":"metro","name":"","source_url":"https://www.openstreetmap.org/node/1925419739"}},{"type":"Feature","geometry":{"type":"Point","coordinates":[127.0538558,37.4966628]},"properties":{"feature":"metro","name":"","source_url":"https://www.openstreetmap.org/node/1925419740"}},{"type":"Feature","geometry":{"type":"Point","coordinates":[127.0539037,37.4966006]},"properties":{"feature":"metro","name":"","source_url":"https://www.openstreetmap.org/node/1925419741"}},{"type":"Feature","geometry":{"type":"Point","coordinates":[127.0534114,37.4964397]},"properties":{"feature":"metro","name":"","source_url":"https://www.openstreetmap.org/node/1925419742"}},{"type":"Feature","geometry":{"type":"Point","coordinates":[127.0526436,37.4960422]},"properties":{"feature":"metro","name":"","source_url":"https://www.openstreetmap.org/node/1925419743"}},{"type":"Feature","geometry":{"type":"Point","coordinates":[127.0521489,37.4958292]},"properties":{"feature":"metro","name":"","source_url":"https://www.openstreetmap.org/node/1925419744"}},{"type":"Feature","geometry":{"type":"Point","coordinates":[127.0518943,37.4961274]},"properties":{"feature":"metro","name":"","source_url":"https://www.openstreetmap.org/node/1925419745"}},{"type":"Feature","geometry":{"type":"Point","coordinates":[127.0524811,37.496327]},"properties":{"feature":"metro","name":"","source_url":"https://www.openstreetmap.org/node/1925419746"}},{"type":"Feature","geometry":{"type":"Point","coordinates":[127.0432752,37.5557862]},"properties":{"feature":"metro","name":"","source_url":"https://www.openstreetmap.org/node/1979137813"}},{"type":"Feature","geometry":{"type":"Point","coordinates":[127.043294,37.5556416]},"properties":{"feature":"metro","name":"","source_url":"https://www.openstreetmap.org/node/1979137840"}},{"type":"Feature","geometry":{"type":"Point","coordinates":[127.0438928,37.5558418]},"properties":{"feature":"metro","name":"","source_url":"https://www.openstreetmap.org/node/1979145964"}},{"type":"Feature","geometry":{"type":"Point","coordinates":[127.0432722,37.5568265]},"properties":{"feature":"metro","name":"","source_url":"https://www.openstreetmap.org/node/1981058749"}},{"type":"Feature","geometry":{"type":"Point","coordinates":[126.9535497,37.5129744]},"properties":{"feature":"metro","name":"노들","source_url":"https://www.openstreetmap.org/node/1994702339"}},{"type":"Feature","geometry":{"type":"Point","coordinates":[127.0246657,37.5760544]},"properties":{"feature":"metro","name":"신설동","source_url":"https://www.openstreetmap.org/node/2028051082"}},{"type":"Feature","geometry":{"type":"Point","coordinates":[127.0508609,37.56209]},"properties":{"feature":"metro","name":"용답","source_url":"https://www.openstreetmap.org/node/2246104056"}},{"type":"Feature","geometry":{"type":"Point","coordinates":[127.1018399,37.4874159]},"properties":{"feature":"metro","name":"수서","source_url":"https://www.openstreetmap.org/node/2346858840"}},{"type":"Feature","geometry":{"type":"Point","coordinates":[126.7425924,37.566113]},"properties":{"feature":"metro","name":"","source_url":"https://www.openstreetmap.org/node/2354552352"}},{"type":"Feature","geometry":{"type":"Point","coordinates":[126.986776,37.5345476]},"properties":{"feature":"metro","name":"","source_url":"https://www.openstreetmap.org/node/2384911744"}},{"type":"Feature","geometry":{"type":"Point","coordinates":[126.9861314,37.5346886]},"properties":{"feature":"metro","name":"","source_url":"https://www.openstreetmap.org/node/2384911745"}},{"type":"Feature","geometry":{"type":"Point","coordinates":[126.9863819,37.5352731]},"properties":{"feature":"metro","name":"","source_url":"https://www.openstreetmap.org/node/2384911746"}},{"type":"Feature","geometry":{"type":"Point","coordinates":[126.9866669,37.5356542]},"properties":{"feature":"metro","name":"","source_url":"https://www.openstreetmap.org/node/2384911747"}},{"type":"Feature","geometry":{"type":"Point","coordinates":[126.9936964,37.5343898]},"properties":{"feature":"metro","name":"","source_url":"https://www.openstreetmap.org/node/2384914024"}},{"type":"Feature","geometry":{"type":"Point","coordinates":[126.994108,37.5344094]},"properties":{"feature":"metro","name":"","source_url":"https://www.openstreetmap.org/node/2384914025"}},{"type":"Feature","geometry":{"type":"Point","coordinates":[126.9936553,37.534499]},"properties":{"feature":"metro","name":"","source_url":"https://www.openstreetmap.org/node/2384914026"}},{"type":"Feature","geometry":{"type":"Point","coordinates":[126.994128,37.5345257]},"properties":{"feature":"metro","name":"","source_url":"https://www.openstreetmap.org/node/2384914027"}},{"type":"Feature","geometry":{"type":"Point","coordinates":[126.9721181,37.5333335]},"properties":{"feature":"metro","name":"","source_url":"https://www.openstreetmap.org/node/2385324659"}},{"type":"Feature","geometry":{"type":"Point","coordinates":[126.9718741,37.5335801]},"properties":{"feature":"metro","name":"","source_url":"https://www.openstreetmap.org/node/2385324664"}},{"type":"Feature","geometry":{"type":"Point","coordinates":[126.9730498,37.5342091]},"properties":{"feature":"metro","name":"","source_url":"https://www.openstreetmap.org/node/2385324666"}},{"type":"Feature","geometry":{"type":"Point","coordinates":[126.9726643,37.5344585]},"properties":{"feature":"metro","name":"","source_url":"https://www.openstreetmap.org/node/2385324669"}},{"type":"Feature","geometry":{"type":"Point","coordinates":[126.9733951,37.534594]},"properties":{"feature":"metro","name":"","source_url":"https://www.openstreetmap.org/node/2385324673"}},{"type":"Feature","geometry":{"type":"Point","coordinates":[126.9730766,37.5348671]},"properties":{"feature":"metro","name":"","source_url":"https://www.openstreetmap.org/node/2385324676"}},{"type":"Feature","geometry":{"type":"Point","coordinates":[126.9734293,37.5354653]},"properties":{"feature":"metro","name":"","source_url":"https://www.openstreetmap.org/node/2385324678"}},{"type":"Feature","geometry":{"type":"Point","coordinates":[126.9748829,37.5353223]},"properties":{"feature":"metro","name":"삼각지(엘리베이터)","source_url":"https://www.openstreetmap.org/node/2385324680"}},{"type":"Feature","geometry":{"type":"Point","coordinates":[126.9748371,37.5353948]},"properties":{"feature":"metro","name":"","source_url":"https://www.openstreetmap.org/node/2385324681"}},{"type":"Feature","geometry":{"type":"Point","coordinates":[126.9746839,37.5358665]},"properties":{"feature":"metro","name":"","source_url":"https://www.openstreetmap.org/node/2385324687"}},{"type":"Feature","geometry":{"type":"Point","coordinates":[126.9737268,37.5361206]},"properties":{"feature":"metro","name":"","source_url":"https://www.openstreetmap.org/node/2385324694"}},{"type":"Feature","geometry":{"type":"Point","coordinates":[126.9739036,37.5363668]},"properties":{"feature":"metro","name":"","source_url":"https://www.openstreetmap.org/node/2385324697"}},{"type":"Feature","geometry":{"type":"Point","coordinates":[127.0155699,37.4940575]},"properties":{"feature":"metro","name":"","source_url":"https://www.openstreetmap.org/node/2408650071"}},{"type":"Feature","geometry":{"type":"Point","coordinates":[127.0507239,37.5623164]},"properties":{"feature":"metro","name":"","source_url":"https://www.openstreetmap.org/node/2460188229"}},{"type":"Feature","geometry":{"type":"Point","coordinates":[126.8465416,37.5318147]},"properties":{"feature":"metro","name":"","source_url":"https://www.openstreetmap.org/node/2598277384"}},{"type":"Feature","geometry":{"type":"Point","coordinates":[126.8468599,37.5319245]},"properties":{"feature":"metro","name":"","source_url":"https://www.openstreetmap.org/node/2598277385"}},{"type":"Feature","geometry":{"type":"Point","coordinates":[126.8461747,37.5324106]},"properties":{"feature":"metro","name":"","source_url":"https://www.openstreetmap.org/node/2598277386"}},{"type":"Feature","geometry":{"type":"Point","coordinates":[126.8464416,37.5324893]},"properties":{"feature":"metro","name":"","source_url":"https://www.openstreetmap.org/node/2598277387"}},{"type":"Feature","geometry":{"type":"Point","coordinates":[126.7531151,37.5064571]},"properties":{"feature":"metro","name":"","source_url":"https://www.openstreetmap.org/node/2697271769"}},{"type":"Feature","geometry":{"type":"Point","coordinates":[126.7534312,37.5064486]},"properties":{"feature":"metro","name":"","source_url":"https://www.openstreetmap.org/node/2697271770"}},{"type":"Feature","geometry":{"type":"Point","coordinates":[126.7525674,37.5061079]},"properties":{"feature":"metro","name":"","source_url":"https://www.openstreetmap.org/node/2697271771"}},{"type":"Feature","geometry":{"type":"Point","coordinates":[126.7528636,37.5053082]},"properties":{"feature":"metro","name":"","source_url":"https://www.openstreetmap.org/node/2697271772"}},{"type":"Feature","geometry":{"type":"Point","coordinates":[126.7532632,37.5052933]},"properties":{"feature":"metro","name":"","source_url":"https://www.openstreetmap.org/node/2697271774"}},{"type":"Feature","geometry":{"type":"Point","coordinates":[126.7537085,37.5056018]},"properties":{"feature":"metro","name":"","source_url":"https://www.openstreetmap.org/node/2697271775"}},{"type":"Feature","geometry":{"type":"Point","coordinates":[126.7537926,37.506079]},"properties":{"feature":"metro","name":"","source_url":"https://www.openstreetmap.org/node/2697271830"}},{"type":"Feature","geometry":{"type":"Point","coordinates":[126.7526121,37.5055781]},"properties":{"feature":"metro","name":"","source_url":"https://www.openstreetmap.org/node/2712534499"}},{"type":"Feature","geometry":{"type":"Point","coordinates":[126.7634771,37.5049584]},"properties":{"feature":"metro","name":"","source_url":"https://www.openstreetmap.org/node/2735909665"}},{"type":"Feature","geometry":{"type":"Point","coordinates":[126.764597,37.5048212]},"properties":{"feature":"metro","name":"","source_url":"https://www.openstreetmap.org/node/2735909669"}},{"type":"Feature","geometry":{"type":"Point","coordinates":[126.764495,37.5043318]},"properties":{"feature":"metro","name":"","source_url":"https://www.openstreetmap.org/node/2735909674"}},{"type":"Feature","geometry":{"type":"Point","coordinates":[126.7618211,37.504674]},"properties":{"feature":"metro","name":"","source_url":"https://www.openstreetmap.org/node/2735909680"}},{"type":"Feature","geometry":{"type":"Point","coordinates":[126.7636421,37.5044395]},"properties":{"feature":"metro","name":"","source_url":"https://www.openstreetmap.org/node/2735909685"}},{"type":"Feature","geometry":{"type":"Point","coordinates":[126.9101031,37.555942]},"properties":{"feature":"metro","name":"","source_url":"https://www.openstreetmap.org/node/3071551633"}},{"type":"Feature","geometry":{"type":"Point","coordinates":[126.9102593,37.555999]},"properties":{"feature":"metro","name":"","source_url":"https://www.openstreetmap.org/node/3071551733"}},{"type":"Feature","geometry":{"type":"Point","coordinates":[126.913375,37.5497901]},"properties":{"feature":"metro","name":"","source_url":"https://www.openstreetmap.org/node/3072637855"}},{"type":"Feature","geometry":{"type":"Point","coordinates":[126.913624,37.5487711]},"properties":{"feature":"metro","name":"","source_url":"https://www.openstreetmap.org/node/3072637856"}},{"type":"Feature","geometry":{"type":"Point","coordinates":[126.9139171,37.5498936]},"properties":{"feature":"metro","name":"","source_url":"https://www.openstreetmap.org/node/3073421917"}},{"type":"Feature","geometry":{"type":"Point","coordinates":[126.914172,37.5494932]},"properties":{"feature":"metro","name":"","source_url":"https://www.openstreetmap.org/node/3073421918"}},{"type":"Feature","geometry":{"type":"Point","coordinates":[126.9139953,37.5490428]},"properties":{"feature":"metro","name":"","source_url":"https://www.openstreetmap.org/node/3073421919"}},{"type":"Feature","geometry":{"type":"Point","coordinates":[126.9129173,37.5494092]},"properties":{"feature":"metro","name":"","source_url":"https://www.openstreetmap.org/node/3073421920"}},{"type":"Feature","geometry":{"type":"Point","coordinates":[126.9508707,37.5434208]},"properties":{"feature":"metro","name":"","source_url":"https://www.openstreetmap.org/node/3074775733"}},{"type":"Feature","geometry":{"type":"Point","coordinates":[126.9413595,37.5480479]},"properties":{"feature":"metro","name":"","source_url":"https://www.openstreetmap.org/node/3081306733"}},{"type":"Feature","geometry":{"type":"Point","coordinates":[126.9408021,37.4828975]},"properties":{"feature":"metro","name":"","source_url":"https://www.openstreetmap.org/node/3090581870"}},{"type":"Feature","geometry":{"type":"Point","coordinates":[127.0285441,37.4984172]},"properties":{"feature":"metro","name":"","source_url":"https://www.openstreetmap.org/node/3103183129"}},{"type":"Feature","geometry":{"type":"Point","coordinates":[127.0277165,37.4970955]},"properties":{"feature":"metro","name":"","source_url":"https://www.openstreetmap.org/node/3106206002"}},{"type":"Feature","geometry":{"type":"Point","coordinates":[127.0270696,37.4975453]},"properties":{"feature":"metro","name":"","source_url":"https://www.openstreetmap.org/node/3106206003"}},{"type":"Feature","geometry":{"type":"Point","coordinates":[126.9156807,37.5510084]},"properties":{"feature":"metro","name":"","source_url":"https://www.openstreetmap.org/node/3121496729"}},{"type":"Feature","geometry":{"type":"Point","coordinates":[126.915912,37.5507869]},"properties":{"feature":"metro","name":"","source_url":"https://www.openstreetmap.org/node/3121496829"}},{"type":"Feature","geometry":{"type":"Point","coordinates":[126.915153,37.5502054]},"properties":{"feature":"metro","name":"","source_url":"https://www.openstreetmap.org/node/3121496929"}},{"type":"Feature","geometry":{"type":"Point","coordinates":[126.9149721,37.5505454]},"properties":{"feature":"metro","name":"","source_url":"https://www.openstreetmap.org/node/3121497029"}},{"type":"Feature","geometry":{"type":"Point","coordinates":[127.0043201,37.5058063]},"properties":{"feature":"metro","name":"","source_url":"https://www.openstreetmap.org/node/3146849197"}},{"type":"Feature","geometry":{"type":"Point","coordinates":[127.0045475,37.5062304]},"properties":{"feature":"metro","name":"","source_url":"https://www.openstreetmap.org/node/3146849198"}},{"type":"Feature","geometry":{"type":"Point","coordinates":[127.0055463,37.5039136]},"properties":{"feature":"metro","name":"","source_url":"https://www.openstreetmap.org/node/3146849230"}},{"type":"Feature","geometry":{"type":"Point","coordinates":[127.0053468,37.5038503]},"properties":{"feature":"metro","name":"","source_url":"https://www.openstreetmap.org/node/3146849231"}},{"type":"Feature","geometry":{"type":"Point","coordinates":[127.0055123,37.5034175]},"properties":{"feature":"metro","name":"","source_url":"https://www.openstreetmap.org/node/3146849471"}},{"type":"Feature","geometry":{"type":"Point","coordinates":[127.0034447,37.5027748]},"properties":{"feature":"metro","name":"","source_url":"https://www.openstreetmap.org/node/3146849472"}},{"type":"Feature","geometry":{"type":"Point","coordinates":[127.0028201,37.5025322]},"properties":{"feature":"metro","name":"","source_url":"https://www.openstreetmap.org/node/3146849639"}},{"type":"Feature","geometry":{"type":"Point","coordinates":[127.0055038,37.5059936]},"properties":{"feature":"metro","name":"","source_url":"https://www.openstreetmap.org/node/3146856929"}},{"type":"Feature","geometry":{"type":"Point","coordinates":[127.0038235,37.5060148]},"properties":{"feature":"metro","name":"","source_url":"https://www.openstreetmap.org/node/3146857129"}},{"type":"Feature","geometry":{"type":"Point","coordinates":[127.0027111,37.5026713]},"properties":{"feature":"metro","name":"","source_url":"https://www.openstreetmap.org/node/3146857229"}},{"type":"Feature","geometry":{"type":"Point","coordinates":[126.7358582,37.5715012]},"properties":{"feature":"metro","name":"계양","source_url":"https://www.openstreetmap.org/node/3152004117"}},{"type":"Feature","geometry":{"type":"Point","coordinates":[126.7426554,37.5663544]},"properties":{"feature":"metro","name":"귤현","source_url":"https://www.openstreetmap.org/node/3152004119"}},{"type":"Feature","geometry":{"type":"Point","coordinates":[126.7289661,37.5431096]},"properties":{"feature":"metro","name":"","source_url":"https://www.openstreetmap.org/node/3152004131"}},{"type":"Feature","geometry":{"type":"Point","coordinates":[126.7269545,37.5431947]},"properties":{"feature":"metro","name":"","source_url":"https://www.openstreetmap.org/node/3152004133"}},{"type":"Feature","geometry":{"type":"Point","coordinates":[126.7289782,37.5434097]},"properties":{"feature":"metro","name":"","source_url":"https://www.openstreetmap.org/node/3152004134"}},{"type":"Feature","geometry":{"type":"Point","coordinates":[126.7281317,37.5434463]},"properties":{"feature":"metro","name":"","source_url":"https://www.openstreetmap.org/node/3152004135"}},{"type":"Feature","geometry":{"type":"Point","coordinates":[126.7269839,37.5434975]},"properties":{"feature":"metro","name":"","source_url":"https://www.openstreetmap.org/node/3152004136"}},{"type":"Feature","geometry":{"type":"Point","coordinates":[126.7385839,37.5446587]},"properties":{"feature":"metro","name":"","source_url":"https://www.openstreetmap.org/node/3152004137"}},{"type":"Feature","geometry":{"type":"Point","coordinates":[126.7383607,37.5448804]},"properties":{"feature":"metro","name":"","source_url":"https://www.openstreetmap.org/node/3152004138"}},{"type":"Feature","geometry":{"type":"Point","coordinates":[126.7389326,37.5450843]},"properties":{"feature":"metro","name":"","source_url":"https://www.openstreetmap.org/node/3152004139"}},{"type":"Feature","geometry":{"type":"Point","coordinates":[126.7387926,37.5454082]},"properties":{"feature":"metro","name":"","source_url":"https://www.openstreetmap.org/node/3152004140"}},{"type":"Feature","geometry":{"type":"Point","coordinates":[126.7363621,37.5713082]},"properties":{"feature":"metro","name":"","source_url":"https://www.openstreetmap.org/node/3152004141"}},{"type":"Feature","geometry":{"type":"Point","coordinates":[126.8650643,37.5512235]},"properties":{"feature":"metro","name":"","source_url":"https://www.openstreetmap.org/node/3158880798"}},{"type":"Feature","geometry":{"type":"Point","coordinates":[126.8820529,37.4797063]},"properties":{"feature":"metro","name":"","source_url":"https://www.openstreetmap.org/node/3191735345"}},{"type":"Feature","geometry":{"type":"Point","coordinates":[126.8816696,37.4805629]},"properties":{"feature":"metro","name":"","source_url":"https://www.openstreetmap.org/node/3191735569"}},{"type":"Feature","geometry":{"type":"Point","coordinates":[126.8836502,37.4802682]},"properties":{"feature":"metro","name":"","source_url":"https://www.openstreetmap.org/node/3192369178"}},{"type":"Feature","geometry":{"type":"Point","coordinates":[126.8832955,37.481104]},"properties":{"feature":"metro","name":"","source_url":"https://www.openstreetmap.org/node/3192369180"}},{"type":"Feature","geometry":{"type":"Point","coordinates":[126.8838096,37.4808524]},"properties":{"feature":"metro","name":"","source_url":"https://www.openstreetmap.org/node/3192369182"}},{"type":"Feature","geometry":{"type":"Point","coordinates":[126.882837,37.4816781]},"properties":{"feature":"metro","name":"","source_url":"https://www.openstreetmap.org/node/3192369184"}},{"type":"Feature","geometry":{"type":"Point","coordinates":[126.9733882,37.5356469]},"properties":{"feature":"metro","name":"","source_url":"https://www.openstreetmap.org/node/3193995784"}},{"type":"Feature","geometry":{"type":"Point","coordinates":[126.9796431,37.5595146]},"properties":{"feature":"metro","name":"","source_url":"https://www.openstreetmap.org/node/3217915178"}},{"type":"Feature","geometry":{"type":"Point","coordinates":[126.7406058,37.4884914]},"properties":{"feature":"metro","name":"부개","source_url":"https://www.openstreetmap.org/node/3233869354"}},{"type":"Feature","geometry":{"type":"Point","coordinates":[127.1077875,37.3659366]},"properties":{"feature":"metro","name":"","source_url":"https://www.openstreetmap.org/node/3234938504"}},{"type":"Feature","geometry":{"type":"Point","coordinates":[127.1077861,37.366396]},"properties":{"feature":"metro","name":"","source_url":"https://www.openstreetmap.org/node/3234938506"}},{"type":"Feature","geometry":{"type":"Point","coordinates":[126.8159121,37.5676253]},"properties":{"feature":"metro","name":"","source_url":"https://www.openstreetmap.org/node/3235365150"}},{"type":"Feature","geometry":{"type":"Point","coordinates":[126.8159148,37.5674573]},"properties":{"feature":"metro","name":"","source_url":"https://www.openstreetmap.org/node/3235365152"}},{"type":"Feature","geometry":{"type":"Point","coordinates":[126.9526066,37.5436202]},"properties":{"feature":"metro","name":"","source_url":"https://www.openstreetmap.org/node/3242365331"}},{"type":"Feature","geometry":{"type":"Point","coordinates":[126.9629108,37.5593715]},"properties":{"feature":"metro","name":"충정로","source_url":"https://www.openstreetmap.org/node/3278844468"}},{"type":"Feature","geometry":{"type":"Point","coordinates":[126.9973454,37.4816822]},"properties":{"feature":"metro","name":"","source_url":"https://www.openstreetmap.org/node/3287116561"}},{"type":"Feature","geometry":{"type":"Point","coordinates":[126.9976492,37.481158]},"properties":{"feature":"metro","name":"","source_url":"https://www.openstreetmap.org/node/3287116661"}},{"type":"Feature","geometry":{"type":"Point","coordinates":[126.9979338,37.4812042]},"properties":{"feature":"metro","name":"","source_url":"https://www.openstreetmap.org/node/3287116861"}},{"type":"Feature","geometry":{"type":"Point","coordinates":[126.9977329,37.4817124]},"properties":{"feature":"metro","name":"","source_url":"https://www.openstreetmap.org/node/3287116961"}},{"type":"Feature","geometry":{"type":"Point","coordinates":[126.9466327,37.5398067]},"properties":{"feature":"metro","name":"","source_url":"https://www.openstreetmap.org/node/3331238993"}},{"type":"Feature","geometry":{"type":"Point","coordinates":[126.9457807,37.5392637]},"properties":{"feature":"metro","name":"","source_url":"https://www.openstreetmap.org/node/3331258896"}},{"type":"Feature","geometry":{"type":"Point","coordinates":[126.9180224,37.5274728]},"properties":{"feature":"metro","name":"","source_url":"https://www.openstreetmap.org/node/3355353493"}},{"type":"Feature","geometry":{"type":"Point","coordinates":[126.9163213,37.5288087]},"properties":{"feature":"metro","name":"","source_url":"https://www.openstreetmap.org/node/3355353694"}},{"type":"Feature","geometry":{"type":"Point","coordinates":[126.9917508,37.5724796]},"properties":{"feature":"metro","name":"","source_url":"https://www.openstreetmap.org/node/3361170793"}},{"type":"Feature","geometry":{"type":"Point","coordinates":[126.9917312,37.5726234]},"properties":{"feature":"metro","name":"","source_url":"https://www.openstreetmap.org/node/3361170794"}},{"type":"Feature","geometry":{"type":"Point","coordinates":[126.9912018,37.5724985]},"properties":{"feature":"metro","name":"","source_url":"https://www.openstreetmap.org/node/3361170795"}},{"type":"Feature","geometry":{"type":"Point","coordinates":[126.9911058,37.5726198]},"properties":{"feature":"metro","name":"","source_url":"https://www.openstreetmap.org/node/3361170993"}},{"type":"Feature","geometry":{"type":"Point","coordinates":[126.9186104,37.5278498]},"properties":{"feature":"metro","name":"","source_url":"https://www.openstreetmap.org/node/3380540193"}},{"type":"Feature","geometry":{"type":"Point","coordinates":[126.9178402,37.5286588]},"properties":{"feature":"metro","name":"","source_url":"https://www.openstreetmap.org/node/3380540293"}},{"type":"Feature","geometry":{"type":"Point","coordinates":[126.9172199,37.5282738]},"properties":{"feature":"metro","name":"","source_url":"https://www.openstreetmap.org/node/3380540294"}},{"type":"Feature","geometry":{"type":"Point","coordinates":[126.8659383,37.5125948]},"properties":{"feature":"metro","name":"","source_url":"https://www.openstreetmap.org/node/3380999909"}},{"type":"Feature","geometry":{"type":"Point","coordinates":[126.9653686,37.5603972]},"properties":{"feature":"metro","name":"","source_url":"https://www.openstreetmap.org/node/3390463694"}},{"type":"Feature","geometry":{"type":"Point","coordinates":[126.9655286,37.5602504]},"properties":{"feature":"metro","name":"","source_url":"https://www.openstreetmap.org/node/3390468393"}},{"type":"Feature","geometry":{"type":"Point","coordinates":[126.9717005,37.555049]},"properties":{"feature":"metro","name":"","source_url":"https://www.openstreetmap.org/node/3390512293"}},{"type":"Feature","geometry":{"type":"Point","coordinates":[126.9727697,37.5549468]},"properties":{"feature":"metro","name":"","source_url":"https://www.openstreetmap.org/node/3390524793"}},{"type":"Feature","geometry":{"type":"Point","coordinates":[127.0246287,37.5047215]},"properties":{"feature":"metro","name":"","source_url":"https://www.openstreetmap.org/node/3396343278"}},{"type":"Feature","geometry":{"type":"Point","coordinates":[126.801129,37.5634922]},"properties":{"feature":"metro","name":"","source_url":"https://www.openstreetmap.org/node/3396415903"}},{"type":"Feature","geometry":{"type":"Point","coordinates":[126.8018222,37.5625739]},"properties":{"feature":"metro","name":"","source_url":"https://www.openstreetmap.org/node/3396415904"}},{"type":"Feature","geometry":{"type":"Point","coordinates":[126.8008731,37.5615202]},"properties":{"feature":"metro","name":"","source_url":"https://www.openstreetmap.org/node/3396415905"}},{"type":"Feature","geometry":{"type":"Point","coordinates":[126.8021015,37.561584]},"properties":{"feature":"metro","name":"","source_url":"https://www.openstreetmap.org/node/3396415906"}},{"type":"Feature","geometry":{"type":"Point","coordinates":[126.8102255,37.5634496]},"properties":{"feature":"metro","name":"","source_url":"https://www.openstreetmap.org/node/3396415907"}},{"type":"Feature","geometry":{"type":"Point","coordinates":[126.8102895,37.5633196]},"properties":{"feature":"metro","name":"","source_url":"https://www.openstreetmap.org/node/3396415908"}},{"type":"Feature","geometry":{"type":"Point","coordinates":[126.8108638,37.5640218]},"properties":{"feature":"metro","name":"","source_url":"https://www.openstreetmap.org/node/3396415910"}},{"type":"Feature","geometry":{"type":"Point","coordinates":[126.8109768,37.5639415]},"properties":{"feature":"metro","name":"","source_url":"https://www.openstreetmap.org/node/3396415911"}},{"type":"Feature","geometry":{"type":"Point","coordinates":[126.8164227,37.5678983]},"properties":{"feature":"metro","name":"","source_url":"https://www.openstreetmap.org/node/3396415914"}},{"type":"Feature","geometry":{"type":"Point","coordinates":[126.8168333,37.5679015]},"properties":{"feature":"metro","name":"","source_url":"https://www.openstreetmap.org/node/3396415915"}},{"type":"Feature","geometry":{"type":"Point","coordinates":[126.8164267,37.5670186]},"properties":{"feature":"metro","name":"","source_url":"https://www.openstreetmap.org/node/3396415916"}},{"type":"Feature","geometry":{"type":"Point","coordinates":[126.8168129,37.5670283]},"properties":{"feature":"metro","name":"","source_url":"https://www.openstreetmap.org/node/3396415917"}},{"type":"Feature","geometry":{"type":"Point","coordinates":[126.8180203,37.5675464]},"properties":{"feature":"metro","name":"","source_url":"https://www.openstreetmap.org/node/3396415918"}},{"type":"Feature","geometry":{"type":"Point","coordinates":[126.8180184,37.5673527]},"properties":{"feature":"metro","name":"","source_url":"https://www.openstreetmap.org/node/3396415919"}},{"type":"Feature","geometry":{"type":"Point","coordinates":[126.8266802,37.5669611]},"properties":{"feature":"metro","name":"","source_url":"https://www.openstreetmap.org/node/3396415921"}},{"type":"Feature","geometry":{"type":"Point","coordinates":[126.84134,37.5692052]},"properties":{"feature":"metro","name":"","source_url":"https://www.openstreetmap.org/node/3396415922"}},{"type":"Feature","geometry":{"type":"Point","coordinates":[126.841475,37.5690018]},"properties":{"feature":"metro","name":"","source_url":"https://www.openstreetmap.org/node/3396415923"}},{"type":"Feature","geometry":{"type":"Point","coordinates":[126.8407193,37.5688446]},"properties":{"feature":"metro","name":"","source_url":"https://www.openstreetmap.org/node/3396415924"}},{"type":"Feature","geometry":{"type":"Point","coordinates":[126.8407975,37.5686203]},"properties":{"feature":"metro","name":"","source_url":"https://www.openstreetmap.org/node/3396415925"}},{"type":"Feature","geometry":{"type":"Point","coordinates":[126.8410005,37.5679464]},"properties":{"feature":"metro","name":"","source_url":"https://www.openstreetmap.org/node/3396415926"}},{"type":"Feature","geometry":{"type":"Point","coordinates":[126.8413271,37.5680432]},"properties":{"feature":"metro","name":"","source_url":"https://www.openstreetmap.org/node/3396415927"}},{"type":"Feature","geometry":{"type":"Point","coordinates":[126.8417929,37.5680908]},"properties":{"feature":"metro","name":"","source_url":"https://www.openstreetmap.org/node/3396415928"}},{"type":"Feature","geometry":{"type":"Point","coordinates":[126.8418933,37.5682101]},"properties":{"feature":"metro","name":"","source_url":"https://www.openstreetmap.org/node/3396415929"}},{"type":"Feature","geometry":{"type":"Point","coordinates":[126.854504,37.5612394]},"properties":{"feature":"metro","name":"","source_url":"https://www.openstreetmap.org/node/3396415930"}},{"type":"Feature","geometry":{"type":"Point","coordinates":[126.8546757,37.5614806]},"properties":{"feature":"metro","name":"","source_url":"https://www.openstreetmap.org/node/3396415931"}},{"type":"Feature","geometry":{"type":"Point","coordinates":[126.8552066,37.5615522]},"properties":{"feature":"metro","name":"","source_url":"https://www.openstreetmap.org/node/3396415932"}},{"type":"Feature","geometry":{"type":"Point","coordinates":[126.8556189,37.5614343]},"properties":{"feature":"metro","name":"","source_url":"https://www.openstreetmap.org/node/3396415933"}},{"type":"Feature","geometry":{"type":"Point","coordinates":[126.8556773,37.5609392]},"properties":{"feature":"metro","name":"","source_url":"https://www.openstreetmap.org/node/3396415934"}},{"type":"Feature","geometry":{"type":"Point","coordinates":[126.8555799,37.5607147]},"properties":{"feature":"metro","name":"","source_url":"https://www.openstreetmap.org/node/3396415935"}},{"type":"Feature","geometry":{"type":"Point","coordinates":[126.8551039,37.5605534]},"properties":{"feature":"metro","name":"","source_url":"https://www.openstreetmap.org/node/3396415936"}},{"type":"Feature","geometry":{"type":"Point","coordinates":[126.8548243,37.5606867]},"properties":{"feature":"metro","name":"","source_url":"https://www.openstreetmap.org/node/3396415937"}},{"type":"Feature","geometry":{"type":"Point","coordinates":[126.8525345,37.5626253]},"properties":{"feature":"metro","name":"","source_url":"https://www.openstreetmap.org/node/3396415938"}},{"type":"Feature","geometry":{"type":"Point","coordinates":[126.8613465,37.5579364]},"properties":{"feature":"metro","name":"","source_url":"https://www.openstreetmap.org/node/3396415939"}},{"type":"Feature","geometry":{"type":"Point","coordinates":[126.8611453,37.557728]},"properties":{"feature":"metro","name":"","source_url":"https://www.openstreetmap.org/node/3396415940"}},{"type":"Feature","geometry":{"type":"Point","coordinates":[126.8617556,37.5574446]},"properties":{"feature":"metro","name":"","source_url":"https://www.openstreetmap.org/node/3396415941"}},{"type":"Feature","geometry":{"type":"Point","coordinates":[126.8624567,37.5573631]},"properties":{"feature":"metro","name":"","source_url":"https://www.openstreetmap.org/node/3396415942"}},{"type":"Feature","geometry":{"type":"Point","coordinates":[126.8641311,37.5515898]},"properties":{"feature":"metro","name":"","source_url":"https://www.openstreetmap.org/node/3396415943"}},{"type":"Feature","geometry":{"type":"Point","coordinates":[126.8637498,37.5512919]},"properties":{"feature":"metro","name":"","source_url":"https://www.openstreetmap.org/node/3396415944"}},{"type":"Feature","geometry":{"type":"Point","coordinates":[126.8639568,37.5508738]},"properties":{"feature":"metro","name":"","source_url":"https://www.openstreetmap.org/node/3396415945"}},{"type":"Feature","geometry":{"type":"Point","coordinates":[126.8643231,37.5506914]},"properties":{"feature":"metro","name":"","source_url":"https://www.openstreetmap.org/node/3396415946"}},{"type":"Feature","geometry":{"type":"Point","coordinates":[126.8646788,37.5508303]},"properties":{"feature":"metro","name":"","source_url":"https://www.openstreetmap.org/node/3396415947"}},{"type":"Feature","geometry":{"type":"Point","coordinates":[126.8676358,37.5497458]},"properties":{"feature":"metro","name":"","source_url":"https://www.openstreetmap.org/node/3396415948"}},{"type":"Feature","geometry":{"type":"Point","coordinates":[126.8672182,37.5496041]},"properties":{"feature":"metro","name":"","source_url":"https://www.openstreetmap.org/node/3396415949"}},{"type":"Feature","geometry":{"type":"Point","coordinates":[126.8741568,37.5471273]},"properties":{"feature":"metro","name":"","source_url":"https://www.openstreetmap.org/node/3396415950"}},{"type":"Feature","geometry":{"type":"Point","coordinates":[126.874869,37.5471661]},"properties":{"feature":"metro","name":"","source_url":"https://www.openstreetmap.org/node/3396415951"}},{"type":"Feature","geometry":{"type":"Point","coordinates":[126.8747452,37.5468125]},"properties":{"feature":"metro","name":"","source_url":"https://www.openstreetmap.org/node/3396415952"}},{"type":"Feature","geometry":{"type":"Point","coordinates":[126.8741802,37.546807]},"properties":{"feature":"metro","name":"","source_url":"https://www.openstreetmap.org/node/3396415953"}},{"type":"Feature","geometry":{"type":"Point","coordinates":[126.8835451,37.5438564]},"properties":{"feature":"metro","name":"","source_url":"https://www.openstreetmap.org/node/3396415954"}},{"type":"Feature","geometry":{"type":"Point","coordinates":[126.8825782,37.5445927]},"properties":{"feature":"metro","name":"","source_url":"https://www.openstreetmap.org/node/3396415955"}},{"type":"Feature","geometry":{"type":"Point","coordinates":[126.8827698,37.543936]},"properties":{"feature":"metro","name":"","source_url":"https://www.openstreetmap.org/node/3396415956"}},{"type":"Feature","geometry":{"type":"Point","coordinates":[126.8936629,37.5381084]},"properties":{"feature":"metro","name":"","source_url":"https://www.openstreetmap.org/node/3396415957"}},{"type":"Feature","geometry":{"type":"Point","coordinates":[126.8935008,37.5379375]},"properties":{"feature":"metro","name":"","source_url":"https://www.openstreetmap.org/node/3396415958"}},{"type":"Feature","geometry":{"type":"Point","coordinates":[126.8940403,37.5381943]},"properties":{"feature":"metro","name":"","source_url":"https://www.openstreetmap.org/node/3396415959"}},{"type":"Feature","geometry":{"type":"Point","coordinates":[126.8936786,37.537686]},"properties":{"feature":"metro","name":"","source_url":"https://www.openstreetmap.org/node/3396415960"}},{"type":"Feature","geometry":{"type":"Point","coordinates":[126.8939153,37.5376569]},"properties":{"feature":"metro","name":"","source_url":"https://www.openstreetmap.org/node/3396415961"}},{"type":"Feature","geometry":{"type":"Point","coordinates":[126.8941967,37.5376157]},"properties":{"feature":"metro","name":"","source_url":"https://www.openstreetmap.org/node/3396415962"}},{"type":"Feature","geometry":{"type":"Point","coordinates":[126.8942885,37.5377864]},"properties":{"feature":"metro","name":"","source_url":"https://www.openstreetmap.org/node/3396415963"}},{"type":"Feature","geometry":{"type":"Point","coordinates":[126.8941494,37.5379749]},"properties":{"feature":"metro","name":"","source_url":"https://www.openstreetmap.org/node/3396415964"}},{"type":"Feature","geometry":{"type":"Point","coordinates":[126.9018912,37.5343802]},"properties":{"feature":"metro","name":"","source_url":"https://www.openstreetmap.org/node/3396415965"}},{"type":"Feature","geometry":{"type":"Point","coordinates":[126.9022313,37.5346161]},"properties":{"feature":"metro","name":"","source_url":"https://www.openstreetmap.org/node/3396415966"}},{"type":"Feature","geometry":{"type":"Point","coordinates":[126.9028455,37.5354292]},"properties":{"feature":"metro","name":"","source_url":"https://www.openstreetmap.org/node/3396415967"}},{"type":"Feature","geometry":{"type":"Point","coordinates":[126.9031934,37.5353107]},"properties":{"feature":"metro","name":"","source_url":"https://www.openstreetmap.org/node/3396415968"}},{"type":"Feature","geometry":{"type":"Point","coordinates":[126.9026361,37.5344279]},"properties":{"feature":"metro","name":"","source_url":"https://www.openstreetmap.org/node/3396415969"}},{"type":"Feature","geometry":{"type":"Point","coordinates":[126.9024509,37.5341886]},"properties":{"feature":"metro","name":"","source_url":"https://www.openstreetmap.org/node/3396415970"}},{"type":"Feature","geometry":{"type":"Point","coordinates":[126.9175539,37.5291689]},"properties":{"feature":"metro","name":"","source_url":"https://www.openstreetmap.org/node/3396415978"}},{"type":"Feature","geometry":{"type":"Point","coordinates":[126.9237311,37.5215226]},"properties":{"feature":"metro","name":"","source_url":"https://www.openstreetmap.org/node/3396415979"}},{"type":"Feature","geometry":{"type":"Point","coordinates":[126.9234638,37.5219647]},"properties":{"feature":"metro","name":"","source_url":"https://www.openstreetmap.org/node/3396415980"}},{"type":"Feature","geometry":{"type":"Point","coordinates":[126.9238114,37.5226942]},"properties":{"feature":"metro","name":"","source_url":"https://www.openstreetmap.org/node/3396415981"}},{"type":"Feature","geometry":{"type":"Point","coordinates":[126.9245415,37.52205]},"properties":{"feature":"metro","name":"","source_url":"https://www.openstreetmap.org/node/3396415982"}},{"type":"Feature","geometry":{"type":"Point","coordinates":[126.9247465,37.5218241]},"properties":{"feature":"metro","name":"","source_url":"https://www.openstreetmap.org/node/3396415983"}},{"type":"Feature","geometry":{"type":"Point","coordinates":[126.9243216,37.5212371]},"properties":{"feature":"metro","name":"","source_url":"https://www.openstreetmap.org/node/3396415984"}},{"type":"Feature","geometry":{"type":"Point","coordinates":[126.9279316,37.5175182]},"properties":{"feature":"metro","name":"","source_url":"https://www.openstreetmap.org/node/3396415985"}},{"type":"Feature","geometry":{"type":"Point","coordinates":[126.9282793,37.5177235]},"properties":{"feature":"metro","name":"","source_url":"https://www.openstreetmap.org/node/3396415986"}},{"type":"Feature","geometry":{"type":"Point","coordinates":[126.9291911,37.517448]},"properties":{"feature":"metro","name":"","source_url":"https://www.openstreetmap.org/node/3396415987"}},{"type":"Feature","geometry":{"type":"Point","coordinates":[126.9291538,37.5176711]},"properties":{"feature":"metro","name":"","source_url":"https://www.openstreetmap.org/node/3396415988"}},{"type":"Feature","geometry":{"type":"Point","coordinates":[126.9401743,37.5136241]},"properties":{"feature":"metro","name":"","source_url":"https://www.openstreetmap.org/node/3396415990"}},{"type":"Feature","geometry":{"type":"Point","coordinates":[126.9393719,37.5133522]},"properties":{"feature":"metro","name":"","source_url":"https://www.openstreetmap.org/node/3396415991"}},{"type":"Feature","geometry":{"type":"Point","coordinates":[126.9400444,37.5131733]},"properties":{"feature":"metro","name":"","source_url":"https://www.openstreetmap.org/node/3396415992"}},{"type":"Feature","geometry":{"type":"Point","coordinates":[126.9404467,37.5133871]},"properties":{"feature":"metro","name":"","source_url":"https://www.openstreetmap.org/node/3396422893"}},{"type":"Feature","geometry":{"type":"Point","coordinates":[126.9422357,37.5135723]},"properties":{"feature":"metro","name":"","source_url":"https://www.openstreetmap.org/node/3396422894"}},{"type":"Feature","geometry":{"type":"Point","coordinates":[126.9421405,37.5137811]},"properties":{"feature":"metro","name":"","source_url":"https://www.openstreetmap.org/node/3396422895"}},{"type":"Feature","geometry":{"type":"Point","coordinates":[126.9428894,37.5139422]},"properties":{"feature":"metro","name":"","source_url":"https://www.openstreetmap.org/node/3396422896"}},{"type":"Feature","geometry":{"type":"Point","coordinates":[126.9519919,37.5128931]},"properties":{"feature":"metro","name":"","source_url":"https://www.openstreetmap.org/node/3396422897"}},{"type":"Feature","geometry":{"type":"Point","coordinates":[126.9521844,37.5124942]},"properties":{"feature":"metro","name":"","source_url":"https://www.openstreetmap.org/node/3396422898"}},{"type":"Feature","geometry":{"type":"Point","coordinates":[126.954043,37.5128869]},"properties":{"feature":"metro","name":"","source_url":"https://www.openstreetmap.org/node/3396422899"}},{"type":"Feature","geometry":{"type":"Point","coordinates":[126.9536528,37.5124332]},"properties":{"feature":"metro","name":"","source_url":"https://www.openstreetmap.org/node/3396422900"}},{"type":"Feature","geometry":{"type":"Point","coordinates":[126.9543623,37.5122809]},"properties":{"feature":"metro","name":"","source_url":"https://www.openstreetmap.org/node/3396422901"}},{"type":"Feature","geometry":{"type":"Point","coordinates":[127.0241692,37.5046514]},"properties":{"feature":"metro","name":"","source_url":"https://www.openstreetmap.org/node/3396445127"}},{"type":"Feature","geometry":{"type":"Point","coordinates":[127.0239975,37.5043997]},"properties":{"feature":"metro","name":"","source_url":"https://www.openstreetmap.org/node/3396445128"}},{"type":"Feature","geometry":{"type":"Point","coordinates":[127.0248942,37.5041873]},"properties":{"feature":"metro","name":"","source_url":"https://www.openstreetmap.org/node/3396445129"}},{"type":"Feature","geometry":{"type":"Point","coordinates":[127.0250153,37.5029515]},"properties":{"feature":"metro","name":"","source_url":"https://www.openstreetmap.org/node/3396445130"}},{"type":"Feature","geometry":{"type":"Point","coordinates":[127.0252201,37.504627]},"properties":{"feature":"metro","name":"","source_url":"https://www.openstreetmap.org/node/3396445131"}},{"type":"Feature","geometry":{"type":"Point","coordinates":[127.0148602,37.5048323]},"properties":{"feature":"metro","name":"","source_url":"https://www.openstreetmap.org/node/3396445137"}},{"type":"Feature","geometry":{"type":"Point","coordinates":[127.0156372,37.5038875]},"properties":{"feature":"metro","name":"","source_url":"https://www.openstreetmap.org/node/3396445138"}},{"type":"Feature","geometry":{"type":"Point","coordinates":[127.1276863,37.5502389]},"properties":{"feature":"metro","name":"","source_url":"https://www.openstreetmap.org/node/3396455839"}},{"type":"Feature","geometry":{"type":"Point","coordinates":[127.1274575,37.5502908]},"properties":{"feature":"metro","name":"","source_url":"https://www.openstreetmap.org/node/3396455840"}},{"type":"Feature","geometry":{"type":"Point","coordinates":[127.1275384,37.5498682]},"properties":{"feature":"metro","name":"","source_url":"https://www.openstreetmap.org/node/3396455841"}},{"type":"Feature","geometry":{"type":"Point","coordinates":[127.1273266,37.5499182]},"properties":{"feature":"metro","name":"","source_url":"https://www.openstreetmap.org/node/3396455842"}},{"type":"Feature","geometry":{"type":"Point","coordinates":[127.1229792,37.5389891]},"properties":{"feature":"metro","name":"","source_url":"https://www.openstreetmap.org/node/3396455843"}},{"type":"Feature","geometry":{"type":"Point","coordinates":[127.1233756,37.5391154]},"properties":{"feature":"metro","name":"","source_url":"https://www.openstreetmap.org/node/3396455844"}},{"type":"Feature","geometry":{"type":"Point","coordinates":[127.1237313,37.5390718]},"properties":{"feature":"metro","name":"","source_url":"https://www.openstreetmap.org/node/3396455845"}},{"type":"Feature","geometry":{"type":"Point","coordinates":[127.1240533,37.5385857]},"properties":{"feature":"metro","name":"","source_url":"https://www.openstreetmap.org/node/3396455846"}},{"type":"Feature","geometry":{"type":"Point","coordinates":[127.1234026,37.5380405]},"properties":{"feature":"metro","name":"","source_url":"https://www.openstreetmap.org/node/3396455847"}},{"type":"Feature","geometry":{"type":"Point","coordinates":[127.1239572,37.5382508]},"properties":{"feature":"metro","name":"","source_url":"https://www.openstreetmap.org/node/3396455848"}},{"type":"Feature","geometry":{"type":"Point","coordinates":[127.1230855,37.5381922]},"properties":{"feature":"metro","name":"","source_url":"https://www.openstreetmap.org/node/3396455849"}},{"type":"Feature","geometry":{"type":"Point","coordinates":[127.1228176,37.5386514]},"properties":{"feature":"metro","name":"","source_url":"https://www.openstreetmap.org/node/3396455850"}},{"type":"Feature","geometry":{"type":"Point","coordinates":[127.1250417,37.5382553]},"properties":{"feature":"metro","name":"","source_url":"https://www.openstreetmap.org/node/3396455851"}},{"type":"Feature","geometry":{"type":"Point","coordinates":[127.1248218,37.5379954]},"properties":{"feature":"metro","name":"","source_url":"https://www.openstreetmap.org/node/3396455852"}},{"type":"Feature","geometry":{"type":"Point","coordinates":[127.1208557,37.5309874]},"properties":{"feature":"metro","name":"","source_url":"https://www.openstreetmap.org/node/3396455853"}},{"type":"Feature","geometry":{"type":"Point","coordinates":[127.120617,37.5310344]},"properties":{"feature":"metro","name":"","source_url":"https://www.openstreetmap.org/node/3396455854"}},{"type":"Feature","geometry":{"type":"Point","coordinates":[127.1212389,37.5306337]},"properties":{"feature":"metro","name":"","source_url":"https://www.openstreetmap.org/node/3396455855"}},{"type":"Feature","geometry":{"type":"Point","coordinates":[127.121004,37.5303806]},"properties":{"feature":"metro","name":"","source_url":"https://www.openstreetmap.org/node/3396455856"}},{"type":"Feature","geometry":{"type":"Point","coordinates":[127.1204329,37.5304492]},"properties":{"feature":"metro","name":"","source_url":"https://www.openstreetmap.org/node/3396455857"}},{"type":"Feature","geometry":{"type":"Point","coordinates":[126.9957138,37.5035007]},"properties":{"feature":"metro","name":"","source_url":"https://www.openstreetmap.org/node/3396456905"}},{"type":"Feature","geometry":{"type":"Point","coordinates":[126.9959649,37.5032722]},"properties":{"feature":"metro","name":"","source_url":"https://www.openstreetmap.org/node/3396456906"}},{"type":"Feature","geometry":{"type":"Point","coordinates":[126.9965765,37.503728]},"properties":{"feature":"metro","name":"","source_url":"https://www.openstreetmap.org/node/3396456907"}},{"type":"Feature","geometry":{"type":"Point","coordinates":[126.9967633,37.5035033]},"properties":{"feature":"metro","name":"","source_url":"https://www.openstreetmap.org/node/3396456908"}},{"type":"Feature","geometry":{"type":"Point","coordinates":[126.9641749,37.5086538]},"properties":{"feature":"metro","name":"","source_url":"https://www.openstreetmap.org/node/3401120488"}},{"type":"Feature","geometry":{"type":"Point","coordinates":[126.9638423,37.5083985]},"properties":{"feature":"metro","name":"","source_url":"https://www.openstreetmap.org/node/3401120489"}},{"type":"Feature","geometry":{"type":"Point","coordinates":[126.9633193,37.5088475]},"properties":{"feature":"metro","name":"","source_url":"https://www.openstreetmap.org/node/3401120490"}},{"type":"Feature","geometry":{"type":"Point","coordinates":[126.9635231,37.509302]},"properties":{"feature":"metro","name":"","source_url":"https://www.openstreetmap.org/node/3401120491"}},{"type":"Feature","geometry":{"type":"Point","coordinates":[126.9769985,37.5033238]},"properties":{"feature":"metro","name":"","source_url":"https://www.openstreetmap.org/node/3401123573"}},{"type":"Feature","geometry":{"type":"Point","coordinates":[126.9766391,37.5032472]},"properties":{"feature":"metro","name":"","source_url":"https://www.openstreetmap.org/node/3401123574"}},{"type":"Feature","geometry":{"type":"Point","coordinates":[126.9759981,37.5032514]},"properties":{"feature":"metro","name":"","source_url":"https://www.openstreetmap.org/node/3401123575"}},{"type":"Feature","geometry":{"type":"Point","coordinates":[126.9758398,37.503411]},"properties":{"feature":"metro","name":"","source_url":"https://www.openstreetmap.org/node/3401123576"}},{"type":"Feature","geometry":{"type":"Point","coordinates":[126.9788198,37.5033706]},"properties":{"feature":"metro","name":"","source_url":"https://www.openstreetmap.org/node/3401123577"}},{"type":"Feature","geometry":{"type":"Point","coordinates":[126.9807711,37.5029333]},"properties":{"feature":"metro","name":"","source_url":"https://www.openstreetmap.org/node/3401123578"}},{"type":"Feature","geometry":{"type":"Point","coordinates":[126.9802588,37.5016282]},"properties":{"feature":"metro","name":"","source_url":"https://www.openstreetmap.org/node/3401123579"}},{"type":"Feature","geometry":{"type":"Point","coordinates":[126.9806856,37.5015939]},"properties":{"feature":"metro","name":"","source_url":"https://www.openstreetmap.org/node/3401123580"}},{"type":"Feature","geometry":{"type":"Point","coordinates":[126.7315812,37.5075404]},"properties":{"feature":"metro","name":"","source_url":"https://www.openstreetmap.org/node/3401129411"}},{"type":"Feature","geometry":{"type":"Point","coordinates":[126.7310631,37.5076238]},"properties":{"feature":"metro","name":"","source_url":"https://www.openstreetmap.org/node/3401129412"}},{"type":"Feature","geometry":{"type":"Point","coordinates":[126.7306084,37.5072517]},"properties":{"feature":"metro","name":"","source_url":"https://www.openstreetmap.org/node/3401129413"}},{"type":"Feature","geometry":{"type":"Point","coordinates":[126.730382,37.5068485]},"properties":{"feature":"metro","name":"","source_url":"https://www.openstreetmap.org/node/3401129414"}},{"type":"Feature","geometry":{"type":"Point","coordinates":[126.7308846,37.5068233]},"properties":{"feature":"metro","name":"","source_url":"https://www.openstreetmap.org/node/3401129415"}},{"type":"Feature","geometry":{"type":"Point","coordinates":[126.7321581,37.5072087]},"properties":{"feature":"metro","name":"","source_url":"https://www.openstreetmap.org/node/3401129416"}},{"type":"Feature","geometry":{"type":"Point","coordinates":[126.7321527,37.5067532]},"properties":{"feature":"metro","name":"","source_url":"https://www.openstreetmap.org/node/3401129417"}},{"type":"Feature","geometry":{"type":"Point","coordinates":[126.7315977,37.5067783]},"properties":{"feature":"metro","name":"","source_url":"https://www.openstreetmap.org/node/3401129418"}},{"type":"Feature","geometry":{"type":"Point","coordinates":[126.7203432,37.5082134]},"properties":{"feature":"metro","name":"","source_url":"https://www.openstreetmap.org/node/3401135018"}},{"type":"Feature","geometry":{"type":"Point","coordinates":[126.7201537,37.5077287]},"properties":{"feature":"metro","name":"","source_url":"https://www.openstreetmap.org/node/3401135019"}},{"type":"Feature","geometry":{"type":"Point","coordinates":[126.7207653,37.5084772]},"properties":{"feature":"metro","name":"","source_url":"https://www.openstreetmap.org/node/3401135020"}},{"type":"Feature","geometry":{"type":"Point","coordinates":[126.7207493,37.5080202]},"properties":{"feature":"metro","name":"","source_url":"https://www.openstreetmap.org/node/3401135021"}},{"type":"Feature","geometry":{"type":"Point","coordinates":[126.721609,37.5076186]},"properties":{"feature":"metro","name":"","source_url":"https://www.openstreetmap.org/node/3401135022"}},{"type":"Feature","geometry":{"type":"Point","coordinates":[126.7213977,37.5072431]},"properties":{"feature":"metro","name":"","source_url":"https://www.openstreetmap.org/node/3401135023"}},{"type":"Feature","geometry":{"type":"Point","coordinates":[126.7221606,37.5072238]},"properties":{"feature":"metro","name":"","source_url":"https://www.openstreetmap.org/node/3401135024"}},{"type":"Feature","geometry":{"type":"Point","coordinates":[126.7203902,37.5072785]},"properties":{"feature":"metro","name":"","source_url":"https://www.openstreetmap.org/node/3401135025"}},{"type":"Feature","geometry":{"type":"Point","coordinates":[126.7197861,37.5074007]},"properties":{"feature":"metro","name":"","source_url":"https://www.openstreetmap.org/node/3401135026"}},{"type":"Feature","geometry":{"type":"Point","coordinates":[126.742663,37.506965]},"properties":{"feature":"metro","name":"","source_url":"https://www.openstreetmap.org/node/3401145760"}},{"type":"Feature","geometry":{"type":"Point","coordinates":[126.741173,37.5067264]},"properties":{"feature":"metro","name":"","source_url":"https://www.openstreetmap.org/node/3401145761"}},{"type":"Feature","geometry":{"type":"Point","coordinates":[126.7418455,37.5072205]},"properties":{"feature":"metro","name":"","source_url":"https://www.openstreetmap.org/node/3401145762"}},{"type":"Feature","geometry":{"type":"Point","coordinates":[126.7416579,37.5062238]},"properties":{"feature":"metro","name":"","source_url":"https://www.openstreetmap.org/node/3401145763"}},{"type":"Feature","geometry":{"type":"Point","coordinates":[126.7421321,37.5059599]},"properties":{"feature":"metro","name":"","source_url":"https://www.openstreetmap.org/node/3401145764"}},{"type":"Feature","geometry":{"type":"Point","coordinates":[127.1127931,37.5170369]},"properties":{"feature":"metro","name":"","source_url":"https://www.openstreetmap.org/node/3401171485"}},{"type":"Feature","geometry":{"type":"Point","coordinates":[127.1123576,37.5170323]},"properties":{"feature":"metro","name":"","source_url":"https://www.openstreetmap.org/node/3401171486"}},{"type":"Feature","geometry":{"type":"Point","coordinates":[127.1122327,37.5175851]},"properties":{"feature":"metro","name":"","source_url":"https://www.openstreetmap.org/node/3401171487"}},{"type":"Feature","geometry":{"type":"Point","coordinates":[127.1125993,37.5178296]},"properties":{"feature":"metro","name":"","source_url":"https://www.openstreetmap.org/node/3401171488"}},{"type":"Feature","geometry":{"type":"Point","coordinates":[127.1011759,37.513282]},"properties":{"feature":"metro","name":"","source_url":"https://www.openstreetmap.org/node/3401171489"}},{"type":"Feature","geometry":{"type":"Point","coordinates":[127.1009003,37.5128484]},"properties":{"feature":"metro","name":"","source_url":"https://www.openstreetmap.org/node/3401171490"}},{"type":"Feature","geometry":{"type":"Point","coordinates":[127.1004716,37.5128835]},"properties":{"feature":"metro","name":"","source_url":"https://www.openstreetmap.org/node/3401171491"}},{"type":"Feature","geometry":{"type":"Point","coordinates":[127.1002279,37.5123792]},"properties":{"feature":"metro","name":"","source_url":"https://www.openstreetmap.org/node/3401171492"}},{"type":"Feature","geometry":{"type":"Point","coordinates":[127.0992214,37.5126596]},"properties":{"feature":"metro","name":"","source_url":"https://www.openstreetmap.org/node/3401171593"}},{"type":"Feature","geometry":{"type":"Point","coordinates":[127.0988675,37.5131323]},"properties":{"feature":"metro","name":"","source_url":"https://www.openstreetmap.org/node/3401171594"}},{"type":"Feature","geometry":{"type":"Point","coordinates":[127.0991215,37.5140537]},"properties":{"feature":"metro","name":"","source_url":"https://www.openstreetmap.org/node/3401171595"}},{"type":"Feature","geometry":{"type":"Point","coordinates":[127.1042405,37.5142811]},"properties":{"feature":"metro","name":"","source_url":"https://www.openstreetmap.org/node/3401171597"}},{"type":"Feature","geometry":{"type":"Point","coordinates":[127.104536,37.514436]},"properties":{"feature":"metro","name":"","source_url":"https://www.openstreetmap.org/node/3401171598"}},{"type":"Feature","geometry":{"type":"Point","coordinates":[127.1071926,37.5056458]},"properties":{"feature":"metro","name":"","source_url":"https://www.openstreetmap.org/node/3401171599"}},{"type":"Feature","geometry":{"type":"Point","coordinates":[127.1076172,37.5056537]},"properties":{"feature":"metro","name":"","source_url":"https://www.openstreetmap.org/node/3401171600"}},{"type":"Feature","geometry":{"type":"Point","coordinates":[127.107866,37.5053721]},"properties":{"feature":"metro","name":"","source_url":"https://www.openstreetmap.org/node/3401171601"}},{"type":"Feature","geometry":{"type":"Point","coordinates":[127.107656,37.5050095]},"properties":{"feature":"metro","name":"","source_url":"https://www.openstreetmap.org/node/3401171602"}},{"type":"Feature","geometry":{"type":"Point","coordinates":[127.107199,37.5048045]},"properties":{"feature":"metro","name":"","source_url":"https://www.openstreetmap.org/node/3401171603"}},{"type":"Feature","geometry":{"type":"Point","coordinates":[127.1066673,37.5048141]},"properties":{"feature":"metro","name":"","source_url":"https://www.openstreetmap.org/node/3401171604"}},{"type":"Feature","geometry":{"type":"Point","coordinates":[127.1064888,37.5050275]},"properties":{"feature":"metro","name":"","source_url":"https://www.openstreetmap.org/node/3401171605"}},{"type":"Feature","geometry":{"type":"Point","coordinates":[127.1066508,37.5054045]},"properties":{"feature":"metro","name":"","source_url":"https://www.openstreetmap.org/node/3401171606"}},{"type":"Feature","geometry":{"type":"Point","coordinates":[127.1125093,37.4997942]},"properties":{"feature":"metro","name":"","source_url":"https://www.openstreetmap.org/node/3401171607"}},{"type":"Feature","geometry":{"type":"Point","coordinates":[127.1129125,37.4993602]},"properties":{"feature":"metro","name":"","source_url":"https://www.openstreetmap.org/node/3401171608"}},{"type":"Feature","geometry":{"type":"Point","coordinates":[127.1124255,37.4991052]},"properties":{"feature":"metro","name":"","source_url":"https://www.openstreetmap.org/node/3401171609"}},{"type":"Feature","geometry":{"type":"Point","coordinates":[127.1120379,37.4995361]},"properties":{"feature":"metro","name":"","source_url":"https://www.openstreetmap.org/node/3401171610"}},{"type":"Feature","geometry":{"type":"Point","coordinates":[127.1178402,37.4925137]},"properties":{"feature":"metro","name":"","source_url":"https://www.openstreetmap.org/node/3401171611"}},{"type":"Feature","geometry":{"type":"Point","coordinates":[127.1180443,37.4929078]},"properties":{"feature":"metro","name":"","source_url":"https://www.openstreetmap.org/node/3401171612"}},{"type":"Feature","geometry":{"type":"Point","coordinates":[127.1186939,37.4930859]},"properties":{"feature":"metro","name":"","source_url":"https://www.openstreetmap.org/node/3401171613"}},{"type":"Feature","geometry":{"type":"Point","coordinates":[127.1190743,37.4927983]},"properties":{"feature":"metro","name":"","source_url":"https://www.openstreetmap.org/node/3401171614"}},{"type":"Feature","geometry":{"type":"Point","coordinates":[127.1192012,37.492661]},"properties":{"feature":"metro","name":"","source_url":"https://www.openstreetmap.org/node/3401171615"}},{"type":"Feature","geometry":{"type":"Point","coordinates":[127.1190665,37.4922346]},"properties":{"feature":"metro","name":"","source_url":"https://www.openstreetmap.org/node/3401171616"}},{"type":"Feature","geometry":{"type":"Point","coordinates":[127.1188447,37.4921063]},"properties":{"feature":"metro","name":"","source_url":"https://www.openstreetmap.org/node/3401171617"}},{"type":"Feature","geometry":{"type":"Point","coordinates":[127.1162326,37.4916673]},"properties":{"feature":"metro","name":"","source_url":"https://www.openstreetmap.org/node/3401171618"}},{"type":"Feature","geometry":{"type":"Point","coordinates":[127.12218,37.4860479]},"properties":{"feature":"metro","name":"","source_url":"https://www.openstreetmap.org/node/3401171619"}},{"type":"Feature","geometry":{"type":"Point","coordinates":[127.1226186,37.4862374]},"properties":{"feature":"metro","name":"","source_url":"https://www.openstreetmap.org/node/3401171620"}},{"type":"Feature","geometry":{"type":"Point","coordinates":[127.1223868,37.4866261]},"properties":{"feature":"metro","name":"","source_url":"https://www.openstreetmap.org/node/3401171621"}},{"type":"Feature","geometry":{"type":"Point","coordinates":[127.1219203,37.4865027]},"properties":{"feature":"metro","name":"","source_url":"https://www.openstreetmap.org/node/3401171622"}},{"type":"Feature","geometry":{"type":"Point","coordinates":[127.1264189,37.4787639]},"properties":{"feature":"metro","name":"","source_url":"https://www.openstreetmap.org/node/3401171623"}},{"type":"Feature","geometry":{"type":"Point","coordinates":[127.1265315,37.4785436]},"properties":{"feature":"metro","name":"","source_url":"https://www.openstreetmap.org/node/3401171624"}},{"type":"Feature","geometry":{"type":"Point","coordinates":[127.1258717,37.4785797]},"properties":{"feature":"metro","name":"","source_url":"https://www.openstreetmap.org/node/3401171625"}},{"type":"Feature","geometry":{"type":"Point","coordinates":[127.1260662,37.4783318]},"properties":{"feature":"metro","name":"","source_url":"https://www.openstreetmap.org/node/3401171626"}},{"type":"Feature","geometry":{"type":"Point","coordinates":[127.1270181,37.4715308]},"properties":{"feature":"metro","name":"","source_url":"https://www.openstreetmap.org/node/3401171627"}},{"type":"Feature","geometry":{"type":"Point","coordinates":[127.1264825,37.471443]},"properties":{"feature":"metro","name":"","source_url":"https://www.openstreetmap.org/node/3401171628"}},{"type":"Feature","geometry":{"type":"Point","coordinates":[127.1263929,37.4710549]},"properties":{"feature":"metro","name":"","source_url":"https://www.openstreetmap.org/node/3401171629"}},{"type":"Feature","geometry":{"type":"Point","coordinates":[127.126925,37.4702236]},"properties":{"feature":"metro","name":"","source_url":"https://www.openstreetmap.org/node/3401171630"}},{"type":"Feature","geometry":{"type":"Point","coordinates":[127.1497384,37.4555657]},"properties":{"feature":"metro","name":"","source_url":"https://www.openstreetmap.org/node/3401171631"}},{"type":"Feature","geometry":{"type":"Point","coordinates":[127.1502931,37.455921]},"properties":{"feature":"metro","name":"","source_url":"https://www.openstreetmap.org/node/3401171632"}},{"type":"Feature","geometry":{"type":"Point","coordinates":[127.1501094,37.4556846]},"properties":{"feature":"metro","name":"","source_url":"https://www.openstreetmap.org/node/3401171633"}},{"type":"Feature","geometry":{"type":"Point","coordinates":[127.1599778,37.452347]},"properties":{"feature":"metro","name":"","source_url":"https://www.openstreetmap.org/node/3401171634"}},{"type":"Feature","geometry":{"type":"Point","coordinates":[127.1603049,37.4522661]},"properties":{"feature":"metro","name":"","source_url":"https://www.openstreetmap.org/node/3401171635"}},{"type":"Feature","geometry":{"type":"Point","coordinates":[127.1602308,37.4517679]},"properties":{"feature":"metro","name":"","source_url":"https://www.openstreetmap.org/node/3401171636"}},{"type":"Feature","geometry":{"type":"Point","coordinates":[127.1596836,37.4518798]},"properties":{"feature":"metro","name":"","source_url":"https://www.openstreetmap.org/node/3401171637"}},{"type":"Feature","geometry":{"type":"Point","coordinates":[127.1574219,37.4454141]},"properties":{"feature":"metro","name":"","source_url":"https://www.openstreetmap.org/node/3401171638"}},{"type":"Feature","geometry":{"type":"Point","coordinates":[127.1570874,37.4449567]},"properties":{"feature":"metro","name":"","source_url":"https://www.openstreetmap.org/node/3401171639"}},{"type":"Feature","geometry":{"type":"Point","coordinates":[127.1565484,37.4444977]},"properties":{"feature":"metro","name":"","source_url":"https://www.openstreetmap.org/node/3401171640"}},{"type":"Feature","geometry":{"type":"Point","coordinates":[127.156297,37.4449742]},"properties":{"feature":"metro","name":"","source_url":"https://www.openstreetmap.org/node/3401171641"}},{"type":"Feature","geometry":{"type":"Point","coordinates":[127.1563105,37.4454067]},"properties":{"feature":"metro","name":"","source_url":"https://www.openstreetmap.org/node/3401171642"}},{"type":"Feature","geometry":{"type":"Point","coordinates":[127.1565603,37.4455087]},"properties":{"feature":"metro","name":"","source_url":"https://www.openstreetmap.org/node/3401171643"}},{"type":"Feature","geometry":{"type":"Point","coordinates":[127.1568335,37.4456663]},"properties":{"feature":"metro","name":"","source_url":"https://www.openstreetmap.org/node/3401171644"}},{"type":"Feature","geometry":{"type":"Point","coordinates":[127.1480576,37.4408445]},"properties":{"feature":"metro","name":"","source_url":"https://www.openstreetmap.org/node/3401171645"}},{"type":"Feature","geometry":{"type":"Point","coordinates":[127.1474414,37.4406221]},"properties":{"feature":"metro","name":"","source_url":"https://www.openstreetmap.org/node/3401171646"}},{"type":"Feature","geometry":{"type":"Point","coordinates":[127.1476416,37.4412097]},"properties":{"feature":"metro","name":"","source_url":"https://www.openstreetmap.org/node/3401171647"}},{"type":"Feature","geometry":{"type":"Point","coordinates":[127.147268,37.4410874]},"properties":{"feature":"metro","name":"","source_url":"https://www.openstreetmap.org/node/3401171648"}},{"type":"Feature","geometry":{"type":"Point","coordinates":[127.1410329,37.4379253]},"properties":{"feature":"metro","name":"","source_url":"https://www.openstreetmap.org/node/3401171649"}},{"type":"Feature","geometry":{"type":"Point","coordinates":[127.1404412,37.4376369]},"properties":{"feature":"metro","name":"","source_url":"https://www.openstreetmap.org/node/3401171650"}},{"type":"Feature","geometry":{"type":"Point","coordinates":[127.1409588,37.4372088]},"properties":{"feature":"metro","name":"","source_url":"https://www.openstreetmap.org/node/3401171651"}},{"type":"Feature","geometry":{"type":"Point","coordinates":[127.1413666,37.4374122]},"properties":{"feature":"metro","name":"","source_url":"https://www.openstreetmap.org/node/3401171652"}},{"type":"Feature","geometry":{"type":"Point","coordinates":[127.1291931,37.4329427]},"properties":{"feature":"metro","name":"","source_url":"https://www.openstreetmap.org/node/3401171653"}},{"type":"Feature","geometry":{"type":"Point","coordinates":[127.1292733,37.4324007]},"properties":{"feature":"metro","name":"","source_url":"https://www.openstreetmap.org/node/3401171654"}},{"type":"Feature","geometry":{"type":"Point","coordinates":[127.1288256,37.432843]},"properties":{"feature":"metro","name":"","source_url":"https://www.openstreetmap.org/node/3401171655"}},{"type":"Feature","geometry":{"type":"Point","coordinates":[127.1289112,37.4323159]},"properties":{"feature":"metro","name":"","source_url":"https://www.openstreetmap.org/node/3401171656"}},{"type":"Feature","geometry":{"type":"Point","coordinates":[127.1294603,37.4312135]},"properties":{"feature":"metro","name":"","source_url":"https://www.openstreetmap.org/node/3401171657"}},{"type":"Feature","geometry":{"type":"Point","coordinates":[127.1293611,37.4317327]},"properties":{"feature":"metro","name":"","source_url":"https://www.openstreetmap.org/node/3401171658"}},{"type":"Feature","geometry":{"type":"Point","coordinates":[127.1289722,37.4317183]},"properties":{"feature":"metro","name":"","source_url":"https://www.openstreetmap.org/node/3401171659"}},{"type":"Feature","geometry":{"type":"Point","coordinates":[127.1290527,37.4312369]},"properties":{"feature":"metro","name":"","source_url":"https://www.openstreetmap.org/node/3401171660"}},{"type":"Feature","geometry":{"type":"Point","coordinates":[127.1285572,37.433984]},"properties":{"feature":"metro","name":"","source_url":"https://www.openstreetmap.org/node/3401171661"}},{"type":"Feature","geometry":{"type":"Point","coordinates":[127.1290732,37.4339923]},"properties":{"feature":"metro","name":"","source_url":"https://www.openstreetmap.org/node/3401171662"}},{"type":"Feature","geometry":{"type":"Point","coordinates":[127.1296359,37.4340085]},"properties":{"feature":"metro","name":"","source_url":"https://www.openstreetmap.org/node/3401171663"}},{"type":"Feature","geometry":{"type":"Point","coordinates":[126.7531743,37.5058355]},"properties":{"feature":"metro","name":"상동","source_url":"https://www.openstreetmap.org/node/3401205505"}},{"type":"Feature","geometry":{"type":"Point","coordinates":[126.7755333,37.5034403]},"properties":{"feature":"metro","name":"","source_url":"https://www.openstreetmap.org/node/3401205507"}},{"type":"Feature","geometry":{"type":"Point","coordinates":[126.7763067,37.503579]},"properties":{"feature":"metro","name":"","source_url":"https://www.openstreetmap.org/node/3401205508"}},{"type":"Feature","geometry":{"type":"Point","coordinates":[126.777257,37.5031863]},"properties":{"feature":"metro","name":"","source_url":"https://www.openstreetmap.org/node/3401205509"}},{"type":"Feature","geometry":{"type":"Point","coordinates":[126.7756645,37.5028158]},"properties":{"feature":"metro","name":"","source_url":"https://www.openstreetmap.org/node/3401205510"}},{"type":"Feature","geometry":{"type":"Point","coordinates":[126.7771916,37.5026084]},"properties":{"feature":"metro","name":"","source_url":"https://www.openstreetmap.org/node/3401205511"}},{"type":"Feature","geometry":{"type":"Point","coordinates":[126.7766429,37.5024046]},"properties":{"feature":"metro","name":"","source_url":"https://www.openstreetmap.org/node/3401205512"}},{"type":"Feature","geometry":{"type":"Point","coordinates":[126.7757662,37.5037851]},"properties":{"feature":"metro","name":"","source_url":"https://www.openstreetmap.org/node/3401205513"}},{"type":"Feature","geometry":{"type":"Point","coordinates":[126.7868492,37.5030011]},"properties":{"feature":"metro","name":"","source_url":"https://www.openstreetmap.org/node/3401207441"}},{"type":"Feature","geometry":{"type":"Point","coordinates":[126.7863673,37.50345]},"properties":{"feature":"metro","name":"","source_url":"https://www.openstreetmap.org/node/3401207442"}},{"type":"Feature","geometry":{"type":"Point","coordinates":[126.7862758,37.503623]},"properties":{"feature":"metro","name":"","source_url":"https://www.openstreetmap.org/node/3401207443"}},{"type":"Feature","geometry":{"type":"Point","coordinates":[126.786793,37.5041975]},"properties":{"feature":"metro","name":"","source_url":"https://www.openstreetmap.org/node/3401207444"}},{"type":"Feature","geometry":{"type":"Point","coordinates":[126.7870707,37.5042979]},"properties":{"feature":"metro","name":"","source_url":"https://www.openstreetmap.org/node/3401207445"}},{"type":"Feature","geometry":{"type":"Point","coordinates":[126.7878894,37.5039583]},"properties":{"feature":"metro","name":"","source_url":"https://www.openstreetmap.org/node/3401207446"}},{"type":"Feature","geometry":{"type":"Point","coordinates":[126.7877381,37.5036764]},"properties":{"feature":"metro","name":"","source_url":"https://www.openstreetmap.org/node/3401207447"}},{"type":"Feature","geometry":{"type":"Point","coordinates":[126.7873139,37.5033049]},"properties":{"feature":"metro","name":"","source_url":"https://www.openstreetmap.org/node/3401207448"}},{"type":"Feature","geometry":{"type":"Point","coordinates":[126.7967753,37.5050646]},"properties":{"feature":"metro","name":"","source_url":"https://www.openstreetmap.org/node/3401246430"}},{"type":"Feature","geometry":{"type":"Point","coordinates":[126.7980899,37.505437]},"properties":{"feature":"metro","name":"","source_url":"https://www.openstreetmap.org/node/3401246431"}},{"type":"Feature","geometry":{"type":"Point","coordinates":[126.7974407,37.5046868]},"properties":{"feature":"metro","name":"","source_url":"https://www.openstreetmap.org/node/3401246432"}},{"type":"Feature","geometry":{"type":"Point","coordinates":[126.810547,37.5065163]},"properties":{"feature":"metro","name":"","source_url":"https://www.openstreetmap.org/node/3401252348"}},{"type":"Feature","geometry":{"type":"Point","coordinates":[126.8113346,37.5067517]},"properties":{"feature":"metro","name":"","source_url":"https://www.openstreetmap.org/node/3401252349"}},{"type":"Feature","geometry":{"type":"Point","coordinates":[126.8117496,37.5065558]},"properties":{"feature":"metro","name":"","source_url":"https://www.openstreetmap.org/node/3401252350"}},{"type":"Feature","geometry":{"type":"Point","coordinates":[126.8109277,37.5061325]},"properties":{"feature":"metro","name":"","source_url":"https://www.openstreetmap.org/node/3401252351"}},{"type":"Feature","geometry":{"type":"Point","coordinates":[126.8118103,37.5060154]},"properties":{"feature":"metro","name":"","source_url":"https://www.openstreetmap.org/node/3401252352"}},{"type":"Feature","geometry":{"type":"Point","coordinates":[126.8221053,37.4922527]},"properties":{"feature":"metro","name":"","source_url":"https://www.openstreetmap.org/node/3401272852"}},{"type":"Feature","geometry":{"type":"Point","coordinates":[126.8243146,37.4920033]},"properties":{"feature":"metro","name":"","source_url":"https://www.openstreetmap.org/node/3401272853"}},{"type":"Feature","geometry":{"type":"Point","coordinates":[126.8243773,37.4922897]},"properties":{"feature":"metro","name":"","source_url":"https://www.openstreetmap.org/node/3401272854"}},{"type":"Feature","geometry":{"type":"Point","coordinates":[126.8239476,37.4921637]},"properties":{"feature":"metro","name":"","source_url":"https://www.openstreetmap.org/node/3401272855"}},{"type":"Feature","geometry":{"type":"Point","coordinates":[126.824382,37.4927436]},"properties":{"feature":"metro","name":"","source_url":"https://www.openstreetmap.org/node/3401272856"}},{"type":"Feature","geometry":{"type":"Point","coordinates":[126.823574,37.4925102]},"properties":{"feature":"metro","name":"","source_url":"https://www.openstreetmap.org/node/3401272857"}},{"type":"Feature","geometry":{"type":"Point","coordinates":[126.8233499,37.4924657]},"properties":{"feature":"metro","name":"","source_url":"https://www.openstreetmap.org/node/3401272858"}},{"type":"Feature","geometry":{"type":"Point","coordinates":[126.8229799,37.4919345]},"properties":{"feature":"metro","name":"","source_url":"https://www.openstreetmap.org/node/3401272859"}},{"type":"Feature","geometry":{"type":"Point","coordinates":[126.8670104,37.4759472]},"properties":{"feature":"metro","name":"","source_url":"https://www.openstreetmap.org/node/3401275589"}},{"type":"Feature","geometry":{"type":"Point","coordinates":[126.8670227,37.4756481]},"properties":{"feature":"metro","name":"","source_url":"https://www.openstreetmap.org/node/3401275590"}},{"type":"Feature","geometry":{"type":"Point","coordinates":[126.8684114,37.4763944]},"properties":{"feature":"metro","name":"","source_url":"https://www.openstreetmap.org/node/3401275591"}},{"type":"Feature","geometry":{"type":"Point","coordinates":[126.8388994,37.4861912]},"properties":{"feature":"metro","name":"","source_url":"https://www.openstreetmap.org/node/3401277105"}},{"type":"Feature","geometry":{"type":"Point","coordinates":[126.8391643,37.4862864]},"properties":{"feature":"metro","name":"","source_url":"https://www.openstreetmap.org/node/3401277106"}},{"type":"Feature","geometry":{"type":"Point","coordinates":[126.8387122,37.4870055]},"properties":{"feature":"metro","name":"","source_url":"https://www.openstreetmap.org/node/3401277107"}},{"type":"Feature","geometry":{"type":"Point","coordinates":[126.8545,37.4798609]},"properties":{"feature":"metro","name":"","source_url":"https://www.openstreetmap.org/node/3401278357"}},{"type":"Feature","geometry":{"type":"Point","coordinates":[126.8546739,37.4798145]},"properties":{"feature":"metro","name":"","source_url":"https://www.openstreetmap.org/node/3401278358"}},{"type":"Feature","geometry":{"type":"Point","coordinates":[126.8547383,37.4795149]},"properties":{"feature":"metro","name":"","source_url":"https://www.openstreetmap.org/node/3401278359"}},{"type":"Feature","geometry":{"type":"Point","coordinates":[126.8542028,37.4795495]},"properties":{"feature":"metro","name":"","source_url":"https://www.openstreetmap.org/node/3401278360"}},{"type":"Feature","geometry":{"type":"Point","coordinates":[126.8541433,37.4794175]},"properties":{"feature":"metro","name":"","source_url":"https://www.openstreetmap.org/node/3401278361"}},{"type":"Feature","geometry":{"type":"Point","coordinates":[126.8541913,37.4792153]},"properties":{"feature":"metro","name":"","source_url":"https://www.openstreetmap.org/node/3401278362"}},{"type":"Feature","geometry":{"type":"Point","coordinates":[126.8543568,37.4791271]},"properties":{"feature":"metro","name":"","source_url":"https://www.openstreetmap.org/node/3401278363"}},{"type":"Feature","geometry":{"type":"Point","coordinates":[126.8547876,37.4792406]},"properties":{"feature":"metro","name":"","source_url":"https://www.openstreetmap.org/node/3401278364"}},{"type":"Feature","geometry":{"type":"Point","coordinates":[126.8557735,37.4789555]},"properties":{"feature":"metro","name":"","source_url":"https://www.openstreetmap.org/node/3401278365"}},{"type":"Feature","geometry":{"type":"Point","coordinates":[126.855663,37.4792065]},"properties":{"feature":"metro","name":"","source_url":"https://www.openstreetmap.org/node/3401278366"}},{"type":"Feature","geometry":{"type":"Point","coordinates":[126.8861249,37.4846522]},"properties":{"feature":"metro","name":"","source_url":"https://www.openstreetmap.org/node/3401280355"}},{"type":"Feature","geometry":{"type":"Point","coordinates":[126.8859586,37.4850202]},"properties":{"feature":"metro","name":"","source_url":"https://www.openstreetmap.org/node/3401280356"}},{"type":"Feature","geometry":{"type":"Point","coordinates":[126.8868752,37.4850299]},"properties":{"feature":"metro","name":"","source_url":"https://www.openstreetmap.org/node/3401280357"}},{"type":"Feature","geometry":{"type":"Point","coordinates":[126.8867088,37.4855678]},"properties":{"feature":"metro","name":"","source_url":"https://www.openstreetmap.org/node/3401280358"}},{"type":"Feature","geometry":{"type":"Point","coordinates":[126.8886283,37.4874772]},"properties":{"feature":"metro","name":"","source_url":"https://www.openstreetmap.org/node/3401280359"}},{"type":"Feature","geometry":{"type":"Point","coordinates":[126.8883926,37.48752]},"properties":{"feature":"metro","name":"","source_url":"https://www.openstreetmap.org/node/3401280360"}},{"type":"Feature","geometry":{"type":"Point","coordinates":[126.882328,37.4816119]},"properties":{"feature":"metro","name":"","source_url":"https://www.openstreetmap.org/node/3401280975"}},{"type":"Feature","geometry":{"type":"Point","coordinates":[126.8942208,37.4940713]},"properties":{"feature":"metro","name":"","source_url":"https://www.openstreetmap.org/node/3401285406"}},{"type":"Feature","geometry":{"type":"Point","coordinates":[126.8943238,37.4937442]},"properties":{"feature":"metro","name":"","source_url":"https://www.openstreetmap.org/node/3401285407"}},{"type":"Feature","geometry":{"type":"Point","coordinates":[126.8950558,37.4942839]},"properties":{"feature":"metro","name":"","source_url":"https://www.openstreetmap.org/node/3401285408"}},{"type":"Feature","geometry":{"type":"Point","coordinates":[126.895179,37.4939466]},"properties":{"feature":"metro","name":"","source_url":"https://www.openstreetmap.org/node/3401285409"}},{"type":"Feature","geometry":{"type":"Point","coordinates":[126.8955426,37.4928612]},"properties":{"feature":"metro","name":"","source_url":"https://www.openstreetmap.org/node/3401285410"}},{"type":"Feature","geometry":{"type":"Point","coordinates":[126.8947353,37.4926705]},"properties":{"feature":"metro","name":"","source_url":"https://www.openstreetmap.org/node/3401285411"}},{"type":"Feature","geometry":{"type":"Point","coordinates":[126.8948678,37.4923527]},"properties":{"feature":"metro","name":"","source_url":"https://www.openstreetmap.org/node/3401285412"}},{"type":"Feature","geometry":{"type":"Point","coordinates":[126.8956874,37.4925605]},"properties":{"feature":"metro","name":"","source_url":"https://www.openstreetmap.org/node/3401285413"}},{"type":"Feature","geometry":{"type":"Point","coordinates":[126.8971188,37.4932071]},"properties":{"feature":"metro","name":"","source_url":"https://www.openstreetmap.org/node/3401285414"}},{"type":"Feature","geometry":{"type":"Point","coordinates":[126.8976549,37.4935353]},"properties":{"feature":"metro","name":"","source_url":"https://www.openstreetmap.org/node/3401285415"}},{"type":"Feature","geometry":{"type":"Point","coordinates":[126.8972184,37.4930378]},"properties":{"feature":"metro","name":"","source_url":"https://www.openstreetmap.org/node/3401285416"}},{"type":"Feature","geometry":{"type":"Point","coordinates":[126.8979827,37.4935184]},"properties":{"feature":"metro","name":"","source_url":"https://www.openstreetmap.org/node/3401285417"}},{"type":"Feature","geometry":{"type":"Point","coordinates":[126.9093418,37.500196]},"properties":{"feature":"metro","name":"","source_url":"https://www.openstreetmap.org/node/3401287155"}},{"type":"Feature","geometry":{"type":"Point","coordinates":[126.9093385,37.5000021]},"properties":{"feature":"metro","name":"","source_url":"https://www.openstreetmap.org/node/3401287156"}},{"type":"Feature","geometry":{"type":"Point","coordinates":[126.9085797,37.5002106]},"properties":{"feature":"metro","name":"","source_url":"https://www.openstreetmap.org/node/3401287157"}},{"type":"Feature","geometry":{"type":"Point","coordinates":[126.9083487,37.5000244]},"properties":{"feature":"metro","name":"","source_url":"https://www.openstreetmap.org/node/3401287158"}},{"type":"Feature","geometry":{"type":"Point","coordinates":[126.9111742,37.5001635]},"properties":{"feature":"metro","name":"","source_url":"https://www.openstreetmap.org/node/3401287159"}},{"type":"Feature","geometry":{"type":"Point","coordinates":[126.9112328,37.4999831]},"properties":{"feature":"metro","name":"","source_url":"https://www.openstreetmap.org/node/3401287160"}},{"type":"Feature","geometry":{"type":"Point","coordinates":[126.9208203,37.4999842]},"properties":{"feature":"metro","name":"","source_url":"https://www.openstreetmap.org/node/3401289396"}},{"type":"Feature","geometry":{"type":"Point","coordinates":[126.9205706,37.500287]},"properties":{"feature":"metro","name":"","source_url":"https://www.openstreetmap.org/node/3401289397"}},{"type":"Feature","geometry":{"type":"Point","coordinates":[126.9202858,37.5002379]},"properties":{"feature":"metro","name":"","source_url":"https://www.openstreetmap.org/node/3401289398"}},{"type":"Feature","geometry":{"type":"Point","coordinates":[126.9206642,37.4998309]},"properties":{"feature":"metro","name":"","source_url":"https://www.openstreetmap.org/node/3401289399"}},{"type":"Feature","geometry":{"type":"Point","coordinates":[126.9204226,37.4996553]},"properties":{"feature":"metro","name":"","source_url":"https://www.openstreetmap.org/node/3401289400"}},{"type":"Feature","geometry":{"type":"Point","coordinates":[126.9202024,37.4996566]},"properties":{"feature":"metro","name":"","source_url":"https://www.openstreetmap.org/node/3401289401"}},{"type":"Feature","geometry":{"type":"Point","coordinates":[126.9193739,37.5000122]},"properties":{"feature":"metro","name":"","source_url":"https://www.openstreetmap.org/node/3401289402"}},{"type":"Feature","geometry":{"type":"Point","coordinates":[126.9193376,37.4998495]},"properties":{"feature":"metro","name":"","source_url":"https://www.openstreetmap.org/node/3401289403"}},{"type":"Feature","geometry":{"type":"Point","coordinates":[126.9268592,37.4996804]},"properties":{"feature":"metro","name":"","source_url":"https://www.openstreetmap.org/node/3401292054"}},{"type":"Feature","geometry":{"type":"Point","coordinates":[126.9268494,37.499851]},"properties":{"feature":"metro","name":"","source_url":"https://www.openstreetmap.org/node/3401292055"}},{"type":"Feature","geometry":{"type":"Point","coordinates":[126.9284143,37.4995916]},"properties":{"feature":"metro","name":"","source_url":"https://www.openstreetmap.org/node/3401292056"}},{"type":"Feature","geometry":{"type":"Point","coordinates":[126.9284033,37.4998349]},"properties":{"feature":"metro","name":"","source_url":"https://www.openstreetmap.org/node/3401292057"}},{"type":"Feature","geometry":{"type":"Point","coordinates":[126.9291979,37.4996167]},"properties":{"feature":"metro","name":"","source_url":"https://www.openstreetmap.org/node/3401292058"}},{"type":"Feature","geometry":{"type":"Point","coordinates":[126.9292124,37.4998049]},"properties":{"feature":"metro","name":"","source_url":"https://www.openstreetmap.org/node/3401292059"}},{"type":"Feature","geometry":{"type":"Point","coordinates":[126.9381322,37.5042245]},"properties":{"feature":"metro","name":"","source_url":"https://www.openstreetmap.org/node/3401292646"}},{"type":"Feature","geometry":{"type":"Point","coordinates":[126.9378711,37.5043414]},"properties":{"feature":"metro","name":"","source_url":"https://www.openstreetmap.org/node/3401292647"}},{"type":"Feature","geometry":{"type":"Point","coordinates":[126.9390074,37.5044703]},"properties":{"feature":"metro","name":"","source_url":"https://www.openstreetmap.org/node/3401292648"}},{"type":"Feature","geometry":{"type":"Point","coordinates":[126.9396091,37.5049057]},"properties":{"feature":"metro","name":"","source_url":"https://www.openstreetmap.org/node/3401292649"}},{"type":"Feature","geometry":{"type":"Point","coordinates":[126.9396396,37.5054959]},"properties":{"feature":"metro","name":"","source_url":"https://www.openstreetmap.org/node/3401292650"}},{"type":"Feature","geometry":{"type":"Point","coordinates":[126.9393469,37.5055039]},"properties":{"feature":"metro","name":"","source_url":"https://www.openstreetmap.org/node/3401292651"}},{"type":"Feature","geometry":{"type":"Point","coordinates":[126.9474435,37.5032669]},"properties":{"feature":"metro","name":"","source_url":"https://www.openstreetmap.org/node/3401294929"}},{"type":"Feature","geometry":{"type":"Point","coordinates":[126.947697,37.5028601]},"properties":{"feature":"metro","name":"","source_url":"https://www.openstreetmap.org/node/3401294930"}},{"type":"Feature","geometry":{"type":"Point","coordinates":[126.9478141,37.503441]},"properties":{"feature":"metro","name":"","source_url":"https://www.openstreetmap.org/node/3401294931"}},{"type":"Feature","geometry":{"type":"Point","coordinates":[126.9481742,37.5035816]},"properties":{"feature":"metro","name":"","source_url":"https://www.openstreetmap.org/node/3401294932"}},{"type":"Feature","geometry":{"type":"Point","coordinates":[126.9481276,37.503019]},"properties":{"feature":"metro","name":"","source_url":"https://www.openstreetmap.org/node/3401294933"}},{"type":"Feature","geometry":{"type":"Point","coordinates":[126.9539481,37.4956527]},"properties":{"feature":"metro","name":"","source_url":"https://www.openstreetmap.org/node/3401294934"}},{"type":"Feature","geometry":{"type":"Point","coordinates":[126.9541188,37.4959585]},"properties":{"feature":"metro","name":"","source_url":"https://www.openstreetmap.org/node/3401294935"}},{"type":"Feature","geometry":{"type":"Point","coordinates":[126.9546635,37.4953038]},"properties":{"feature":"metro","name":"","source_url":"https://www.openstreetmap.org/node/3401294936"}},{"type":"Feature","geometry":{"type":"Point","coordinates":[126.9544107,37.4951391]},"properties":{"feature":"metro","name":"","source_url":"https://www.openstreetmap.org/node/3401294937"}},{"type":"Feature","geometry":{"type":"Point","coordinates":[126.9722013,37.4843447]},"properties":{"feature":"metro","name":"","source_url":"https://www.openstreetmap.org/node/3401294938"}},{"type":"Feature","geometry":{"type":"Point","coordinates":[126.9721383,37.4841298]},"properties":{"feature":"metro","name":"","source_url":"https://www.openstreetmap.org/node/3401294939"}},{"type":"Feature","geometry":{"type":"Point","coordinates":[126.9711763,37.4847765]},"properties":{"feature":"metro","name":"","source_url":"https://www.openstreetmap.org/node/3401294940"}},{"type":"Feature","geometry":{"type":"Point","coordinates":[126.9712837,37.4845078]},"properties":{"feature":"metro","name":"","source_url":"https://www.openstreetmap.org/node/3401294941"}},{"type":"Feature","geometry":{"type":"Point","coordinates":[126.9803762,37.4849766]},"properties":{"feature":"metro","name":"","source_url":"https://www.openstreetmap.org/node/3401296502"}},{"type":"Feature","geometry":{"type":"Point","coordinates":[126.9808155,37.4847925]},"properties":{"feature":"metro","name":"","source_url":"https://www.openstreetmap.org/node/3401296503"}},{"type":"Feature","geometry":{"type":"Point","coordinates":[126.98173,37.4855306]},"properties":{"feature":"metro","name":"","source_url":"https://www.openstreetmap.org/node/3401296504"}},{"type":"Feature","geometry":{"type":"Point","coordinates":[126.9817272,37.4850225]},"properties":{"feature":"metro","name":"","source_url":"https://www.openstreetmap.org/node/3401296505"}},{"type":"Feature","geometry":{"type":"Point","coordinates":[126.9818659,37.484719]},"properties":{"feature":"metro","name":"","source_url":"https://www.openstreetmap.org/node/3401296506"}},{"type":"Feature","geometry":{"type":"Point","coordinates":[126.9819445,37.4858023]},"properties":{"feature":"metro","name":"","source_url":"https://www.openstreetmap.org/node/3401296507"}},{"type":"Feature","geometry":{"type":"Point","coordinates":[126.9823867,37.4850101]},"properties":{"feature":"metro","name":"","source_url":"https://www.openstreetmap.org/node/3401296508"}},{"type":"Feature","geometry":{"type":"Point","coordinates":[126.9825545,37.4852547]},"properties":{"feature":"metro","name":"","source_url":"https://www.openstreetmap.org/node/3401296509"}},{"type":"Feature","geometry":{"type":"Point","coordinates":[126.9824029,37.4860586]},"properties":{"feature":"metro","name":"","source_url":"https://www.openstreetmap.org/node/3401296510"}},{"type":"Feature","geometry":{"type":"Point","coordinates":[126.9824441,37.4857869]},"properties":{"feature":"metro","name":"","source_url":"https://www.openstreetmap.org/node/3401296511"}},{"type":"Feature","geometry":{"type":"Point","coordinates":[126.9820154,37.4869736]},"properties":{"feature":"metro","name":"","source_url":"https://www.openstreetmap.org/node/3401296512"}},{"type":"Feature","geometry":{"type":"Point","coordinates":[126.9824724,37.487025]},"properties":{"feature":"metro","name":"","source_url":"https://www.openstreetmap.org/node/3401296513"}},{"type":"Feature","geometry":{"type":"Point","coordinates":[126.9820177,37.4883005]},"properties":{"feature":"metro","name":"","source_url":"https://www.openstreetmap.org/node/3401296514"}},{"type":"Feature","geometry":{"type":"Point","coordinates":[126.9825048,37.4882961]},"properties":{"feature":"metro","name":"","source_url":"https://www.openstreetmap.org/node/3401296515"}},{"type":"Feature","geometry":{"type":"Point","coordinates":[127.0906961,37.6177977]},"properties":{"feature":"metro","name":"","source_url":"https://www.openstreetmap.org/node/3401296518"}},{"type":"Feature","geometry":{"type":"Point","coordinates":[127.0905377,37.6173463]},"properties":{"feature":"metro","name":"","source_url":"https://www.openstreetmap.org/node/3401296519"}},{"type":"Feature","geometry":{"type":"Point","coordinates":[127.0901891,37.6176703]},"properties":{"feature":"metro","name":"","source_url":"https://www.openstreetmap.org/node/3401296520"}},{"type":"Feature","geometry":{"type":"Point","coordinates":[127.0929142,37.6168204]},"properties":{"feature":"metro","name":"","source_url":"https://www.openstreetmap.org/node/3401296521"}},{"type":"Feature","geometry":{"type":"Point","coordinates":[127.092705,37.6165878]},"properties":{"feature":"metro","name":"","source_url":"https://www.openstreetmap.org/node/3401296522"}},{"type":"Feature","geometry":{"type":"Point","coordinates":[127.0836731,37.6203874]},"properties":{"feature":"metro","name":"","source_url":"https://www.openstreetmap.org/node/3401296523"}},{"type":"Feature","geometry":{"type":"Point","coordinates":[127.0839406,37.6200383]},"properties":{"feature":"metro","name":"","source_url":"https://www.openstreetmap.org/node/3401296524"}},{"type":"Feature","geometry":{"type":"Point","coordinates":[127.0839476,37.6208521]},"properties":{"feature":"metro","name":"","source_url":"https://www.openstreetmap.org/node/3401296525"}},{"type":"Feature","geometry":{"type":"Point","coordinates":[127.0844146,37.6206764]},"properties":{"feature":"metro","name":"","source_url":"https://www.openstreetmap.org/node/3401296526"}},{"type":"Feature","geometry":{"type":"Point","coordinates":[127.085383,37.6196361]},"properties":{"feature":"metro","name":"","source_url":"https://www.openstreetmap.org/node/3401296527"}},{"type":"Feature","geometry":{"type":"Point","coordinates":[127.084801,37.6196722]},"properties":{"feature":"metro","name":"","source_url":"https://www.openstreetmap.org/node/3401296528"}},{"type":"Feature","geometry":{"type":"Point","coordinates":[127.0859543,37.6199038]},"properties":{"feature":"metro","name":"","source_url":"https://www.openstreetmap.org/node/3401296529"}},{"type":"Feature","geometry":{"type":"Point","coordinates":[127.0759606,37.6179311]},"properties":{"feature":"metro","name":"","source_url":"https://www.openstreetmap.org/node/3401296530"}},{"type":"Feature","geometry":{"type":"Point","coordinates":[127.0760762,37.6175979]},"properties":{"feature":"metro","name":"","source_url":"https://www.openstreetmap.org/node/3401296531"}},{"type":"Feature","geometry":{"type":"Point","coordinates":[127.0753182,37.6173893]},"properties":{"feature":"metro","name":"","source_url":"https://www.openstreetmap.org/node/3401296532"}},{"type":"Feature","geometry":{"type":"Point","coordinates":[127.0745372,37.6174173]},"properties":{"feature":"metro","name":"","source_url":"https://www.openstreetmap.org/node/3401296533"}},{"type":"Feature","geometry":{"type":"Point","coordinates":[127.0753066,37.6190486]},"properties":{"feature":"metro","name":"","source_url":"https://www.openstreetmap.org/node/3401296534"}},{"type":"Feature","geometry":{"type":"Point","coordinates":[127.0750437,37.618993]},"properties":{"feature":"metro","name":"","source_url":"https://www.openstreetmap.org/node/3401296535"}},{"type":"Feature","geometry":{"type":"Point","coordinates":[127.0752142,37.6183921]},"properties":{"feature":"metro","name":"","source_url":"https://www.openstreetmap.org/node/3401296536"}},{"type":"Feature","geometry":{"type":"Point","coordinates":[127.0755223,37.6184263]},"properties":{"feature":"metro","name":"","source_url":"https://www.openstreetmap.org/node/3401296537"}},{"type":"Feature","geometry":{"type":"Point","coordinates":[127.0666264,37.6152725]},"properties":{"feature":"metro","name":"","source_url":"https://www.openstreetmap.org/node/3401296538"}},{"type":"Feature","geometry":{"type":"Point","coordinates":[127.0675571,37.6154667]},"properties":{"feature":"metro","name":"","source_url":"https://www.openstreetmap.org/node/3401296539"}},{"type":"Feature","geometry":{"type":"Point","coordinates":[127.0653098,37.6149649]},"properties":{"feature":"metro","name":"","source_url":"https://www.openstreetmap.org/node/3401296540"}},{"type":"Feature","geometry":{"type":"Point","coordinates":[127.0656611,37.6145476]},"properties":{"feature":"metro","name":"","source_url":"https://www.openstreetmap.org/node/3401296541"}},{"type":"Feature","geometry":{"type":"Point","coordinates":[127.0651357,37.6144085]},"properties":{"feature":"metro","name":"","source_url":"https://www.openstreetmap.org/node/3401296542"}},{"type":"Feature","geometry":{"type":"Point","coordinates":[127.0658788,37.6137789]},"properties":{"feature":"metro","name":"","source_url":"https://www.openstreetmap.org/node/3401296543"}},{"type":"Feature","geometry":{"type":"Point","coordinates":[127.0667166,37.6147715]},"properties":{"feature":"metro","name":"","source_url":"https://www.openstreetmap.org/node/3401296544"}},{"type":"Feature","geometry":{"type":"Point","coordinates":[127.0568139,37.6111163]},"properties":{"feature":"metro","name":"","source_url":"https://www.openstreetmap.org/node/3401296545"}},{"type":"Feature","geometry":{"type":"Point","coordinates":[127.0572176,37.6111366]},"properties":{"feature":"metro","name":"","source_url":"https://www.openstreetmap.org/node/3401296546"}},{"type":"Feature","geometry":{"type":"Point","coordinates":[127.0575632,37.6109578]},"properties":{"feature":"metro","name":"","source_url":"https://www.openstreetmap.org/node/3401296547"}},{"type":"Feature","geometry":{"type":"Point","coordinates":[127.0574177,37.6105717]},"properties":{"feature":"metro","name":"","source_url":"https://www.openstreetmap.org/node/3401296548"}},{"type":"Feature","geometry":{"type":"Point","coordinates":[127.0572828,37.6104961]},"properties":{"feature":"metro","name":"","source_url":"https://www.openstreetmap.org/node/3401296549"}},{"type":"Feature","geometry":{"type":"Point","coordinates":[127.0565044,37.6107657]},"properties":{"feature":"metro","name":"","source_url":"https://www.openstreetmap.org/node/3401296550"}},{"type":"Feature","geometry":{"type":"Point","coordinates":[127.0567546,37.6104991]},"properties":{"feature":"metro","name":"","source_url":"https://www.openstreetmap.org/node/3401296551"}},{"type":"Feature","geometry":{"type":"Point","coordinates":[127.0564922,37.6111941]},"properties":{"feature":"metro","name":"","source_url":"https://www.openstreetmap.org/node/3401296552"}},{"type":"Feature","geometry":{"type":"Point","coordinates":[127.0471146,37.6058751]},"properties":{"feature":"metro","name":"","source_url":"https://www.openstreetmap.org/node/3401296553"}},{"type":"Feature","geometry":{"type":"Point","coordinates":[127.0473806,37.6055542]},"properties":{"feature":"metro","name":"","source_url":"https://www.openstreetmap.org/node/3401296554"}},{"type":"Feature","geometry":{"type":"Point","coordinates":[127.0507184,37.6073522]},"properties":{"feature":"metro","name":"","source_url":"https://www.openstreetmap.org/node/3401296555"}},{"type":"Feature","geometry":{"type":"Point","coordinates":[127.0502886,37.6074584]},"properties":{"feature":"metro","name":"","source_url":"https://www.openstreetmap.org/node/3401296556"}},{"type":"Feature","geometry":{"type":"Point","coordinates":[127.0412453,37.6024908]},"properties":{"feature":"metro","name":"","source_url":"https://www.openstreetmap.org/node/3401296558"}},{"type":"Feature","geometry":{"type":"Point","coordinates":[127.0418275,37.6026359]},"properties":{"feature":"metro","name":"","source_url":"https://www.openstreetmap.org/node/3401296559"}},{"type":"Feature","geometry":{"type":"Point","coordinates":[127.0421491,37.6023859]},"properties":{"feature":"metro","name":"","source_url":"https://www.openstreetmap.org/node/3401296560"}},{"type":"Feature","geometry":{"type":"Point","coordinates":[127.041692,37.6018788]},"properties":{"feature":"metro","name":"","source_url":"https://www.openstreetmap.org/node/3401296561"}},{"type":"Feature","geometry":{"type":"Point","coordinates":[127.0355672,37.5897163]},"properties":{"feature":"metro","name":"","source_url":"https://www.openstreetmap.org/node/3401296562"}},{"type":"Feature","geometry":{"type":"Point","coordinates":[127.0360228,37.5901498]},"properties":{"feature":"metro","name":"","source_url":"https://www.openstreetmap.org/node/3401296563"}},{"type":"Feature","geometry":{"type":"Point","coordinates":[127.0365774,37.590499]},"properties":{"feature":"metro","name":"","source_url":"https://www.openstreetmap.org/node/3401296564"}},{"type":"Feature","geometry":{"type":"Point","coordinates":[127.0366143,37.5897543]},"properties":{"feature":"metro","name":"","source_url":"https://www.openstreetmap.org/node/3401296565"}},{"type":"Feature","geometry":{"type":"Point","coordinates":[127.0363818,37.5893086]},"properties":{"feature":"metro","name":"","source_url":"https://www.openstreetmap.org/node/3401296567"}},{"type":"Feature","geometry":{"type":"Point","coordinates":[127.0358169,37.5892959]},"properties":{"feature":"metro","name":"","source_url":"https://www.openstreetmap.org/node/3401296568"}},{"type":"Feature","geometry":{"type":"Point","coordinates":[127.0287629,37.5863814]},"properties":{"feature":"metro","name":"","source_url":"https://www.openstreetmap.org/node/3401296569"}},{"type":"Feature","geometry":{"type":"Point","coordinates":[127.0296566,37.5863614]},"properties":{"feature":"metro","name":"","source_url":"https://www.openstreetmap.org/node/3401296570"}},{"type":"Feature","geometry":{"type":"Point","coordinates":[127.0297115,37.5861777]},"properties":{"feature":"metro","name":"","source_url":"https://www.openstreetmap.org/node/3401296571"}},{"type":"Feature","geometry":{"type":"Point","coordinates":[127.0286303,37.5861622]},"properties":{"feature":"metro","name":"","source_url":"https://www.openstreetmap.org/node/3401296572"}},{"type":"Feature","geometry":{"type":"Point","coordinates":[127.0189971,37.585264]},"properties":{"feature":"metro","name":"","source_url":"https://www.openstreetmap.org/node/3401296573"}},{"type":"Feature","geometry":{"type":"Point","coordinates":[127.0191068,37.5850657]},"properties":{"feature":"metro","name":"","source_url":"https://www.openstreetmap.org/node/3401296574"}},{"type":"Feature","geometry":{"type":"Point","coordinates":[127.0196396,37.5850356]},"properties":{"feature":"metro","name":"","source_url":"https://www.openstreetmap.org/node/3401296575"}},{"type":"Feature","geometry":{"type":"Point","coordinates":[127.0194334,37.5849737]},"properties":{"feature":"metro","name":"","source_url":"https://www.openstreetmap.org/node/3401296576"}},{"type":"Feature","geometry":{"type":"Point","coordinates":[127.0196576,37.5854772]},"properties":{"feature":"metro","name":"","source_url":"https://www.openstreetmap.org/node/3401296577"}},{"type":"Feature","geometry":{"type":"Point","coordinates":[127.0197288,37.5853311]},"properties":{"feature":"metro","name":"","source_url":"https://www.openstreetmap.org/node/3401296578"}},{"type":"Feature","geometry":{"type":"Point","coordinates":[127.019317,37.5855911]},"properties":{"feature":"metro","name":"","source_url":"https://www.openstreetmap.org/node/3401296579"}},{"type":"Feature","geometry":{"type":"Point","coordinates":[127.0191459,37.5855398]},"properties":{"feature":"metro","name":"","source_url":"https://www.openstreetmap.org/node/3401296580"}},{"type":"Feature","geometry":{"type":"Point","coordinates":[127.0153952,37.5799458]},"properties":{"feature":"metro","name":"","source_url":"https://www.openstreetmap.org/node/3401296581"}},{"type":"Feature","geometry":{"type":"Point","coordinates":[127.0150385,37.5799894]},"properties":{"feature":"metro","name":"","source_url":"https://www.openstreetmap.org/node/3401296582"}},{"type":"Feature","geometry":{"type":"Point","coordinates":[127.0154197,37.5793874]},"properties":{"feature":"metro","name":"","source_url":"https://www.openstreetmap.org/node/3401296583"}},{"type":"Feature","geometry":{"type":"Point","coordinates":[127.0150819,37.5793942]},"properties":{"feature":"metro","name":"","source_url":"https://www.openstreetmap.org/node/3401296584"}},{"type":"Feature","geometry":{"type":"Point","coordinates":[127.0157629,37.5733691]},"properties":{"feature":"metro","name":"","source_url":"https://www.openstreetmap.org/node/3401296585"}},{"type":"Feature","geometry":{"type":"Point","coordinates":[127.0155012,37.5732425]},"properties":{"feature":"metro","name":"","source_url":"https://www.openstreetmap.org/node/3401296587"}},{"type":"Feature","geometry":{"type":"Point","coordinates":[127.0152397,37.5730185]},"properties":{"feature":"metro","name":"","source_url":"https://www.openstreetmap.org/node/3401296588"}},{"type":"Feature","geometry":{"type":"Point","coordinates":[127.0153416,37.5727272]},"properties":{"feature":"metro","name":"","source_url":"https://www.openstreetmap.org/node/3401296589"}},{"type":"Feature","geometry":{"type":"Point","coordinates":[127.015949,37.5729272]},"properties":{"feature":"metro","name":"","source_url":"https://www.openstreetmap.org/node/3401296590"}},{"type":"Feature","geometry":{"type":"Point","coordinates":[127.0161865,37.5733012]},"properties":{"feature":"metro","name":"","source_url":"https://www.openstreetmap.org/node/3401296591"}},{"type":"Feature","geometry":{"type":"Point","coordinates":[127.0174498,37.5736796]},"properties":{"feature":"metro","name":"","source_url":"https://www.openstreetmap.org/node/3401296592"}},{"type":"Feature","geometry":{"type":"Point","coordinates":[127.017254,37.5732778]},"properties":{"feature":"metro","name":"","source_url":"https://www.openstreetmap.org/node/3401297193"}},{"type":"Feature","geometry":{"type":"Point","coordinates":[127.0157972,37.5716625]},"properties":{"feature":"metro","name":"","source_url":"https://www.openstreetmap.org/node/3401297194"}},{"type":"Feature","geometry":{"type":"Point","coordinates":[127.0156523,37.5716894]},"properties":{"feature":"metro","name":"","source_url":"https://www.openstreetmap.org/node/3401297195"}},{"type":"Feature","geometry":{"type":"Point","coordinates":[127.0166056,37.5652561]},"properties":{"feature":"metro","name":"","source_url":"https://www.openstreetmap.org/node/3401297196"}},{"type":"Feature","geometry":{"type":"Point","coordinates":[127.0163047,37.5650317]},"properties":{"feature":"metro","name":"","source_url":"https://www.openstreetmap.org/node/3401297197"}},{"type":"Feature","geometry":{"type":"Point","coordinates":[127.0159738,37.565005]},"properties":{"feature":"metro","name":"","source_url":"https://www.openstreetmap.org/node/3401297198"}},{"type":"Feature","geometry":{"type":"Point","coordinates":[127.0159988,37.565161]},"properties":{"feature":"metro","name":"","source_url":"https://www.openstreetmap.org/node/3401297199"}},{"type":"Feature","geometry":{"type":"Point","coordinates":[127.0159402,37.5654272]},"properties":{"feature":"metro","name":"","source_url":"https://www.openstreetmap.org/node/3401297200"}},{"type":"Feature","geometry":{"type":"Point","coordinates":[127.0164835,37.5655605]},"properties":{"feature":"metro","name":"","source_url":"https://www.openstreetmap.org/node/3401297201"}},{"type":"Feature","geometry":{"type":"Point","coordinates":[127.0162874,37.5668867]},"properties":{"feature":"metro","name":"","source_url":"https://www.openstreetmap.org/node/3401297202"}},{"type":"Feature","geometry":{"type":"Point","coordinates":[127.0158964,37.5670277]},"properties":{"feature":"metro","name":"","source_url":"https://www.openstreetmap.org/node/3401297203"}},{"type":"Feature","geometry":{"type":"Point","coordinates":[127.0185772,37.5656904]},"properties":{"feature":"metro","name":"","source_url":"https://www.openstreetmap.org/node/3401297204"}},{"type":"Feature","geometry":{"type":"Point","coordinates":[127.0187196,37.5655838]},"properties":{"feature":"metro","name":"","source_url":"https://www.openstreetmap.org/node/3401297205"}},{"type":"Feature","geometry":{"type":"Point","coordinates":[127.0205833,37.5657732]},"properties":{"feature":"metro","name":"","source_url":"https://www.openstreetmap.org/node/3401297206"}},{"type":"Feature","geometry":{"type":"Point","coordinates":[127.0207514,37.5654869]},"properties":{"feature":"metro","name":"","source_url":"https://www.openstreetmap.org/node/3401297207"}},{"type":"Feature","geometry":{"type":"Point","coordinates":[127.0136369,37.5604711]},"properties":{"feature":"metro","name":"","source_url":"https://www.openstreetmap.org/node/3401297208"}},{"type":"Feature","geometry":{"type":"Point","coordinates":[127.0140162,37.5604258]},"properties":{"feature":"metro","name":"","source_url":"https://www.openstreetmap.org/node/3401297209"}},{"type":"Feature","geometry":{"type":"Point","coordinates":[127.0138606,37.5601079]},"properties":{"feature":"metro","name":"","source_url":"https://www.openstreetmap.org/node/3401297210"}},{"type":"Feature","geometry":{"type":"Point","coordinates":[127.0096374,37.5534022]},"properties":{"feature":"metro","name":"","source_url":"https://www.openstreetmap.org/node/3401297211"}},{"type":"Feature","geometry":{"type":"Point","coordinates":[127.0098386,37.5532281]},"properties":{"feature":"metro","name":"","source_url":"https://www.openstreetmap.org/node/3401297212"}},{"type":"Feature","geometry":{"type":"Point","coordinates":[127.0105521,37.5543352]},"properties":{"feature":"metro","name":"","source_url":"https://www.openstreetmap.org/node/3401297213"}},{"type":"Feature","geometry":{"type":"Point","coordinates":[127.0103773,37.554606]},"properties":{"feature":"metro","name":"","source_url":"https://www.openstreetmap.org/node/3401297214"}},{"type":"Feature","geometry":{"type":"Point","coordinates":[127.0104078,37.5553328]},"properties":{"feature":"metro","name":"","source_url":"https://www.openstreetmap.org/node/3401297215"}},{"type":"Feature","geometry":{"type":"Point","coordinates":[127.0106517,37.5552119]},"properties":{"feature":"metro","name":"","source_url":"https://www.openstreetmap.org/node/3401297216"}},{"type":"Feature","geometry":{"type":"Point","coordinates":[127.0108489,37.5548429]},"properties":{"feature":"metro","name":"","source_url":"https://www.openstreetmap.org/node/3401297217"}},{"type":"Feature","geometry":{"type":"Point","coordinates":[127.0101862,37.5549637]},"properties":{"feature":"metro","name":"","source_url":"https://www.openstreetmap.org/node/3401297218"}},{"type":"Feature","geometry":{"type":"Point","coordinates":[127.0119673,37.5534366]},"properties":{"feature":"metro","name":"","source_url":"https://www.openstreetmap.org/node/3401297219"}},{"type":"Feature","geometry":{"type":"Point","coordinates":[127.0115267,37.553344]},"properties":{"feature":"metro","name":"","source_url":"https://www.openstreetmap.org/node/3401297220"}},{"type":"Feature","geometry":{"type":"Point","coordinates":[127.0070759,37.5478591]},"properties":{"feature":"metro","name":"","source_url":"https://www.openstreetmap.org/node/3401297221"}},{"type":"Feature","geometry":{"type":"Point","coordinates":[127.0073979,37.5482962]},"properties":{"feature":"metro","name":"","source_url":"https://www.openstreetmap.org/node/3401297222"}},{"type":"Feature","geometry":{"type":"Point","coordinates":[127.007159,37.548358]},"properties":{"feature":"metro","name":"","source_url":"https://www.openstreetmap.org/node/3401297223"}},{"type":"Feature","geometry":{"type":"Point","coordinates":[127.0016716,37.5402414]},"properties":{"feature":"metro","name":"","source_url":"https://www.openstreetmap.org/node/3401297224"}},{"type":"Feature","geometry":{"type":"Point","coordinates":[127.0019247,37.5402148]},"properties":{"feature":"metro","name":"","source_url":"https://www.openstreetmap.org/node/3401297225"}},{"type":"Feature","geometry":{"type":"Point","coordinates":[127.0019555,37.5405361]},"properties":{"feature":"metro","name":"","source_url":"https://www.openstreetmap.org/node/3401297226"}},{"type":"Feature","geometry":{"type":"Point","coordinates":[126.9745189,37.5350386]},"properties":{"feature":"metro","name":"","source_url":"https://www.openstreetmap.org/node/3401297227"}},{"type":"Feature","geometry":{"type":"Point","coordinates":[126.9740667,37.5350299]},"properties":{"feature":"metro","name":"","source_url":"https://www.openstreetmap.org/node/3401297228"}},{"type":"Feature","geometry":{"type":"Point","coordinates":[126.9942283,37.4877283]},"properties":{"feature":"metro","name":"","source_url":"https://www.openstreetmap.org/node/3401300622"}},{"type":"Feature","geometry":{"type":"Point","coordinates":[126.9939709,37.4879425]},"properties":{"feature":"metro","name":"","source_url":"https://www.openstreetmap.org/node/3401300623"}},{"type":"Feature","geometry":{"type":"Point","coordinates":[126.993538,37.4881235]},"properties":{"feature":"metro","name":"","source_url":"https://www.openstreetmap.org/node/3401300624"}},{"type":"Feature","geometry":{"type":"Point","coordinates":[126.9932919,37.488077]},"properties":{"feature":"metro","name":"","source_url":"https://www.openstreetmap.org/node/3401300625"}},{"type":"Feature","geometry":{"type":"Point","coordinates":[126.9930539,37.4876578]},"properties":{"feature":"metro","name":"","source_url":"https://www.openstreetmap.org/node/3401300626"}},{"type":"Feature","geometry":{"type":"Point","coordinates":[126.9932594,37.487417]},"properties":{"feature":"metro","name":"","source_url":"https://www.openstreetmap.org/node/3401300627"}},{"type":"Feature","geometry":{"type":"Point","coordinates":[126.9940288,37.4873176]},"properties":{"feature":"metro","name":"","source_url":"https://www.openstreetmap.org/node/3401300628"}},{"type":"Feature","geometry":{"type":"Point","coordinates":[126.9938095,37.4872198]},"properties":{"feature":"metro","name":"","source_url":"https://www.openstreetmap.org/node/3401300629"}},{"type":"Feature","geometry":{"type":"Point","coordinates":[127.011292,37.5082126]},"properties":{"feature":"metro","name":"","source_url":"https://www.openstreetmap.org/node/3401312749"}},{"type":"Feature","geometry":{"type":"Point","coordinates":[127.0115639,37.5086223]},"properties":{"feature":"metro","name":"","source_url":"https://www.openstreetmap.org/node/3401312750"}},{"type":"Feature","geometry":{"type":"Point","coordinates":[127.0114635,37.5079211]},"properties":{"feature":"metro","name":"","source_url":"https://www.openstreetmap.org/node/3401312751"}},{"type":"Feature","geometry":{"type":"Point","coordinates":[127.0121075,37.5081112]},"properties":{"feature":"metro","name":"","source_url":"https://www.openstreetmap.org/node/3401312752"}},{"type":"Feature","geometry":{"type":"Point","coordinates":[127.0102396,37.5078911]},"properties":{"feature":"metro","name":"","source_url":"https://www.openstreetmap.org/node/3401312753"}},{"type":"Feature","geometry":{"type":"Point","coordinates":[127.0102921,37.5075792]},"properties":{"feature":"metro","name":"","source_url":"https://www.openstreetmap.org/node/3401312754"}},{"type":"Feature","geometry":{"type":"Point","coordinates":[127.0307633,37.5135827]},"properties":{"feature":"metro","name":"","source_url":"https://www.openstreetmap.org/node/3401314263"}},{"type":"Feature","geometry":{"type":"Point","coordinates":[127.0304559,37.5137004]},"properties":{"feature":"metro","name":"","source_url":"https://www.openstreetmap.org/node/3401314264"}},{"type":"Feature","geometry":{"type":"Point","coordinates":[127.0310218,37.5136797]},"properties":{"feature":"metro","name":"","source_url":"https://www.openstreetmap.org/node/3401314265"}},{"type":"Feature","geometry":{"type":"Point","coordinates":[127.0303187,37.514008]},"properties":{"feature":"metro","name":"","source_url":"https://www.openstreetmap.org/node/3401314266"}},{"type":"Feature","geometry":{"type":"Point","coordinates":[127.030471,37.5142025]},"properties":{"feature":"metro","name":"","source_url":"https://www.openstreetmap.org/node/3401314267"}},{"type":"Feature","geometry":{"type":"Point","coordinates":[127.0307804,37.5142877]},"properties":{"feature":"metro","name":"","source_url":"https://www.openstreetmap.org/node/3401314268"}},{"type":"Feature","geometry":{"type":"Point","coordinates":[127.0324032,37.5142942]},"properties":{"feature":"metro","name":"","source_url":"https://www.openstreetmap.org/node/3401314269"}},{"type":"Feature","geometry":{"type":"Point","coordinates":[127.0321901,37.5145665]},"properties":{"feature":"metro","name":"","source_url":"https://www.openstreetmap.org/node/3401314270"}},{"type":"Feature","geometry":{"type":"Point","coordinates":[127.0328943,37.5147732]},"properties":{"feature":"metro","name":"","source_url":"https://www.openstreetmap.org/node/3401314271"}},{"type":"Feature","geometry":{"type":"Point","coordinates":[127.0330432,37.5144768]},"properties":{"feature":"metro","name":"","source_url":"https://www.openstreetmap.org/node/3401314272"}},{"type":"Feature","geometry":{"type":"Point","coordinates":[127.0503118,37.5184118]},"properties":{"feature":"metro","name":"","source_url":"https://www.openstreetmap.org/node/3401315385"}},{"type":"Feature","geometry":{"type":"Point","coordinates":[127.0499316,37.5191135]},"properties":{"feature":"metro","name":"","source_url":"https://www.openstreetmap.org/node/3401315386"}},{"type":"Feature","geometry":{"type":"Point","coordinates":[127.0502042,37.519195]},"properties":{"feature":"metro","name":"","source_url":"https://www.openstreetmap.org/node/3401315387"}},{"type":"Feature","geometry":{"type":"Point","coordinates":[127.0505499,37.5185315]},"properties":{"feature":"metro","name":"","source_url":"https://www.openstreetmap.org/node/3401315388"}},{"type":"Feature","geometry":{"type":"Point","coordinates":[127.0210052,37.5111528]},"properties":{"feature":"metro","name":"","source_url":"https://www.openstreetmap.org/node/3401317013"}},{"type":"Feature","geometry":{"type":"Point","coordinates":[127.0214548,37.5112905]},"properties":{"feature":"metro","name":"","source_url":"https://www.openstreetmap.org/node/3401317014"}},{"type":"Feature","geometry":{"type":"Point","coordinates":[127.0212768,37.5116532]},"properties":{"feature":"metro","name":"","source_url":"https://www.openstreetmap.org/node/3401317015"}},{"type":"Feature","geometry":{"type":"Point","coordinates":[127.0208428,37.5115904]},"properties":{"feature":"metro","name":"","source_url":"https://www.openstreetmap.org/node/3401317016"}},{"type":"Feature","geometry":{"type":"Point","coordinates":[127.0210812,37.5108582]},"properties":{"feature":"metro","name":"","source_url":"https://www.openstreetmap.org/node/3401317017"}},{"type":"Feature","geometry":{"type":"Point","coordinates":[127.0212811,37.5105723]},"properties":{"feature":"metro","name":"","source_url":"https://www.openstreetmap.org/node/3401317018"}},{"type":"Feature","geometry":{"type":"Point","coordinates":[127.0216562,37.5110441]},"properties":{"feature":"metro","name":"","source_url":"https://www.openstreetmap.org/node/3401317019"}},{"type":"Feature","geometry":{"type":"Point","coordinates":[127.0217198,37.5107134]},"properties":{"feature":"metro","name":"","source_url":"https://www.openstreetmap.org/node/3401317020"}},{"type":"Feature","geometry":{"type":"Point","coordinates":[127.0418221,37.517429]},"properties":{"feature":"metro","name":"","source_url":"https://www.openstreetmap.org/node/3401319738"}},{"type":"Feature","geometry":{"type":"Point","coordinates":[127.0418264,37.5172202]},"properties":{"feature":"metro","name":"","source_url":"https://www.openstreetmap.org/node/3401319739"}},{"type":"Feature","geometry":{"type":"Point","coordinates":[127.0407196,37.5168638]},"properties":{"feature":"metro","name":"","source_url":"https://www.openstreetmap.org/node/3401319740"}},{"type":"Feature","geometry":{"type":"Point","coordinates":[127.0406889,37.5171845]},"properties":{"feature":"metro","name":"","source_url":"https://www.openstreetmap.org/node/3401319741"}},{"type":"Feature","geometry":{"type":"Point","coordinates":[127.0515581,37.5191954]},"properties":{"feature":"metro","name":"","source_url":"https://www.openstreetmap.org/node/3401324793"}},{"type":"Feature","geometry":{"type":"Point","coordinates":[127.0520991,37.5192872]},"properties":{"feature":"metro","name":"","source_url":"https://www.openstreetmap.org/node/3401324794"}},{"type":"Feature","geometry":{"type":"Point","coordinates":[127.0521053,37.5190273]},"properties":{"feature":"metro","name":"","source_url":"https://www.openstreetmap.org/node/3401324795"}},{"type":"Feature","geometry":{"type":"Point","coordinates":[127.051635,37.5189506]},"properties":{"feature":"metro","name":"","source_url":"https://www.openstreetmap.org/node/3401324796"}},{"type":"Feature","geometry":{"type":"Point","coordinates":[127.0554542,37.5196463]},"properties":{"feature":"metro","name":"","source_url":"https://www.openstreetmap.org/node/3401324797"}},{"type":"Feature","geometry":{"type":"Point","coordinates":[127.0552336,37.5198424]},"properties":{"feature":"metro","name":"","source_url":"https://www.openstreetmap.org/node/3401324798"}},{"type":"Feature","geometry":{"type":"Point","coordinates":[127.0565755,37.5203449]},"properties":{"feature":"metro","name":"","source_url":"https://www.openstreetmap.org/node/3401324799"}},{"type":"Feature","geometry":{"type":"Point","coordinates":[127.0569008,37.5197353]},"properties":{"feature":"metro","name":"","source_url":"https://www.openstreetmap.org/node/3401324800"}},{"type":"Feature","geometry":{"type":"Point","coordinates":[127.0576024,37.5196889]},"properties":{"feature":"metro","name":"","source_url":"https://www.openstreetmap.org/node/3401324801"}},{"type":"Feature","geometry":{"type":"Point","coordinates":[127.0571861,37.5204476]},"properties":{"feature":"metro","name":"","source_url":"https://www.openstreetmap.org/node/3401324802"}},{"type":"Feature","geometry":{"type":"Point","coordinates":[127.0664002,37.5318216]},"properties":{"feature":"metro","name":"","source_url":"https://www.openstreetmap.org/node/3401325743"}},{"type":"Feature","geometry":{"type":"Point","coordinates":[127.0671151,37.5319339]},"properties":{"feature":"metro","name":"","source_url":"https://www.openstreetmap.org/node/3401325744"}},{"type":"Feature","geometry":{"type":"Point","coordinates":[127.0664078,37.5311118]},"properties":{"feature":"metro","name":"","source_url":"https://www.openstreetmap.org/node/3401325745"}},{"type":"Feature","geometry":{"type":"Point","coordinates":[127.0666834,37.5310478]},"properties":{"feature":"metro","name":"","source_url":"https://www.openstreetmap.org/node/3401325746"}},{"type":"Feature","geometry":{"type":"Point","coordinates":[127.071427,37.5408766]},"properties":{"feature":"metro","name":"","source_url":"https://www.openstreetmap.org/node/3401331714"}},{"type":"Feature","geometry":{"type":"Point","coordinates":[127.0704343,37.540136]},"properties":{"feature":"metro","name":"","source_url":"https://www.openstreetmap.org/node/3401331716"}},{"type":"Feature","geometry":{"type":"Point","coordinates":[127.0703711,37.5399303]},"properties":{"feature":"metro","name":"","source_url":"https://www.openstreetmap.org/node/3401331717"}},{"type":"Feature","geometry":{"type":"Point","coordinates":[127.0687297,37.5408103]},"properties":{"feature":"metro","name":"","source_url":"https://www.openstreetmap.org/node/3401331718"}},{"type":"Feature","geometry":{"type":"Point","coordinates":[127.0683955,37.5405559]},"properties":{"feature":"metro","name":"","source_url":"https://www.openstreetmap.org/node/3401331719"}},{"type":"Feature","geometry":{"type":"Point","coordinates":[127.0744213,37.5470613]},"properties":{"feature":"metro","name":"","source_url":"https://www.openstreetmap.org/node/3401334025"}},{"type":"Feature","geometry":{"type":"Point","coordinates":[127.073766,37.5469635]},"properties":{"feature":"metro","name":"","source_url":"https://www.openstreetmap.org/node/3401334026"}},{"type":"Feature","geometry":{"type":"Point","coordinates":[127.074323,37.5477922]},"properties":{"feature":"metro","name":"","source_url":"https://www.openstreetmap.org/node/3401334027"}},{"type":"Feature","geometry":{"type":"Point","coordinates":[127.0746953,37.5472505]},"properties":{"feature":"metro","name":"","source_url":"https://www.openstreetmap.org/node/3401334028"}},{"type":"Feature","geometry":{"type":"Point","coordinates":[127.0749615,37.5487723]},"properties":{"feature":"metro","name":"","source_url":"https://www.openstreetmap.org/node/3401334029"}},{"type":"Feature","geometry":{"type":"Point","coordinates":[127.0754075,37.5489426]},"properties":{"feature":"metro","name":"","source_url":"https://www.openstreetmap.org/node/3401334030"}},{"type":"Feature","geometry":{"type":"Point","coordinates":[127.0791411,37.5574875]},"properties":{"feature":"metro","name":"","source_url":"https://www.openstreetmap.org/node/3401335728"}},{"type":"Feature","geometry":{"type":"Point","coordinates":[127.079405,37.5573783]},"properties":{"feature":"metro","name":"","source_url":"https://www.openstreetmap.org/node/3401335729"}},{"type":"Feature","geometry":{"type":"Point","coordinates":[127.0797471,37.5572582]},"properties":{"feature":"metro","name":"","source_url":"https://www.openstreetmap.org/node/3401335730"}},{"type":"Feature","geometry":{"type":"Point","coordinates":[127.0800608,37.5571241]},"properties":{"feature":"metro","name":"","source_url":"https://www.openstreetmap.org/node/3401335731"}},{"type":"Feature","geometry":{"type":"Point","coordinates":[127.0789819,37.5571871]},"properties":{"feature":"metro","name":"","source_url":"https://www.openstreetmap.org/node/3401335732"}},{"type":"Feature","geometry":{"type":"Point","coordinates":[127.0791577,37.5568519]},"properties":{"feature":"metro","name":"","source_url":"https://www.openstreetmap.org/node/3401335733"}},{"type":"Feature","geometry":{"type":"Point","coordinates":[127.0798026,37.5568933]},"properties":{"feature":"metro","name":"","source_url":"https://www.openstreetmap.org/node/3401335734"}},{"type":"Feature","geometry":{"type":"Point","coordinates":[127.0794404,37.5567419]},"properties":{"feature":"metro","name":"","source_url":"https://www.openstreetmap.org/node/3401335735"}},{"type":"Feature","geometry":{"type":"Point","coordinates":[127.0842945,37.5661518]},"properties":{"feature":"metro","name":"","source_url":"https://www.openstreetmap.org/node/3401335737"}},{"type":"Feature","geometry":{"type":"Point","coordinates":[127.0845653,37.5661259]},"properties":{"feature":"metro","name":"","source_url":"https://www.openstreetmap.org/node/3401335738"}},{"type":"Feature","geometry":{"type":"Point","coordinates":[127.0845233,37.5665738]},"properties":{"feature":"metro","name":"","source_url":"https://www.openstreetmap.org/node/3401335739"}},{"type":"Feature","geometry":{"type":"Point","coordinates":[127.0865151,37.5736565]},"properties":{"feature":"metro","name":"","source_url":"https://www.openstreetmap.org/node/3401335740"}},{"type":"Feature","geometry":{"type":"Point","coordinates":[127.0868653,37.5742432]},"properties":{"feature":"metro","name":"","source_url":"https://www.openstreetmap.org/node/3401335741"}},{"type":"Feature","geometry":{"type":"Point","coordinates":[127.0870451,37.573862]},"properties":{"feature":"metro","name":"","source_url":"https://www.openstreetmap.org/node/3401335742"}},{"type":"Feature","geometry":{"type":"Point","coordinates":[127.0880397,37.5806262]},"properties":{"feature":"metro","name":"","source_url":"https://www.openstreetmap.org/node/3401340636"}},{"type":"Feature","geometry":{"type":"Point","coordinates":[127.0882817,37.5809601]},"properties":{"feature":"metro","name":"","source_url":"https://www.openstreetmap.org/node/3401340638"}},{"type":"Feature","geometry":{"type":"Point","coordinates":[127.0884972,37.5816073]},"properties":{"feature":"metro","name":"","source_url":"https://www.openstreetmap.org/node/3401340639"}},{"type":"Feature","geometry":{"type":"Point","coordinates":[127.087309,37.5886342]},"properties":{"feature":"metro","name":"","source_url":"https://www.openstreetmap.org/node/3401343716"}},{"type":"Feature","geometry":{"type":"Point","coordinates":[127.0873673,37.5894927]},"properties":{"feature":"metro","name":"","source_url":"https://www.openstreetmap.org/node/3401343717"}},{"type":"Feature","geometry":{"type":"Point","coordinates":[127.0879698,37.588316]},"properties":{"feature":"metro","name":"","source_url":"https://www.openstreetmap.org/node/3401343718"}},{"type":"Feature","geometry":{"type":"Point","coordinates":[127.0857867,37.5965189]},"properties":{"feature":"metro","name":"","source_url":"https://www.openstreetmap.org/node/3401358044"}},{"type":"Feature","geometry":{"type":"Point","coordinates":[127.0851564,37.5963701]},"properties":{"feature":"metro","name":"","source_url":"https://www.openstreetmap.org/node/3401358045"}},{"type":"Feature","geometry":{"type":"Point","coordinates":[127.0857894,37.5966697]},"properties":{"feature":"metro","name":"","source_url":"https://www.openstreetmap.org/node/3401358046"}},{"type":"Feature","geometry":{"type":"Point","coordinates":[127.0859664,37.596317]},"properties":{"feature":"metro","name":"","source_url":"https://www.openstreetmap.org/node/3401358047"}},{"type":"Feature","geometry":{"type":"Point","coordinates":[127.0851703,37.5961085]},"properties":{"feature":"metro","name":"","source_url":"https://www.openstreetmap.org/node/3401358048"}},{"type":"Feature","geometry":{"type":"Point","coordinates":[127.0860108,37.594883]},"properties":{"feature":"metro","name":"","source_url":"https://www.openstreetmap.org/node/3401358049"}},{"type":"Feature","geometry":{"type":"Point","coordinates":[127.0857705,37.5947976]},"properties":{"feature":"metro","name":"","source_url":"https://www.openstreetmap.org/node/3401358050"}},{"type":"Feature","geometry":{"type":"Point","coordinates":[127.08557,37.5973159]},"properties":{"feature":"metro","name":"","source_url":"https://www.openstreetmap.org/node/3401358051"}},{"type":"Feature","geometry":{"type":"Point","coordinates":[127.079332,37.6017101]},"properties":{"feature":"metro","name":"","source_url":"https://www.openstreetmap.org/node/3401367561"}},{"type":"Feature","geometry":{"type":"Point","coordinates":[127.0795694,37.6017211]},"properties":{"feature":"metro","name":"","source_url":"https://www.openstreetmap.org/node/3401367562"}},{"type":"Feature","geometry":{"type":"Point","coordinates":[127.0790152,37.6034147]},"properties":{"feature":"metro","name":"","source_url":"https://www.openstreetmap.org/node/3401367563"}},{"type":"Feature","geometry":{"type":"Point","coordinates":[127.0792214,37.6034356]},"properties":{"feature":"metro","name":"","source_url":"https://www.openstreetmap.org/node/3401367564"}},{"type":"Feature","geometry":{"type":"Point","coordinates":[127.0778837,37.6115365]},"properties":{"feature":"metro","name":"","source_url":"https://www.openstreetmap.org/node/3401382920"}},{"type":"Feature","geometry":{"type":"Point","coordinates":[127.0773705,37.611608]},"properties":{"feature":"metro","name":"","source_url":"https://www.openstreetmap.org/node/3401382921"}},{"type":"Feature","geometry":{"type":"Point","coordinates":[127.078027,37.609815]},"properties":{"feature":"metro","name":"","source_url":"https://www.openstreetmap.org/node/3401382922"}},{"type":"Feature","geometry":{"type":"Point","coordinates":[127.0779615,37.610202]},"properties":{"feature":"metro","name":"","source_url":"https://www.openstreetmap.org/node/3401382923"}},{"type":"Feature","geometry":{"type":"Point","coordinates":[127.0777997,37.609794]},"properties":{"feature":"metro","name":"","source_url":"https://www.openstreetmap.org/node/3401382924"}},{"type":"Feature","geometry":{"type":"Point","coordinates":[127.077729,37.6101789]},"properties":{"feature":"metro","name":"","source_url":"https://www.openstreetmap.org/node/3401382925"}},{"type":"Feature","geometry":{"type":"Point","coordinates":[127.0778412,37.6111566]},"properties":{"feature":"metro","name":"","source_url":"https://www.openstreetmap.org/node/3401382926"}},{"type":"Feature","geometry":{"type":"Point","coordinates":[127.0730807,37.6258208]},"properties":{"feature":"metro","name":"","source_url":"https://www.openstreetmap.org/node/3401383828"}},{"type":"Feature","geometry":{"type":"Point","coordinates":[127.0727884,37.6257771]},"properties":{"feature":"metro","name":"","source_url":"https://www.openstreetmap.org/node/3401383829"}},{"type":"Feature","geometry":{"type":"Point","coordinates":[127.0729558,37.6253095]},"properties":{"feature":"metro","name":"","source_url":"https://www.openstreetmap.org/node/3401383830"}},{"type":"Feature","geometry":{"type":"Point","coordinates":[127.0727706,37.6239609]},"properties":{"feature":"metro","name":"","source_url":"https://www.openstreetmap.org/node/3401383831"}},{"type":"Feature","geometry":{"type":"Point","coordinates":[127.0677244,37.6358582]},"properties":{"feature":"metro","name":"","source_url":"https://www.openstreetmap.org/node/3401386235"}},{"type":"Feature","geometry":{"type":"Point","coordinates":[127.0686977,37.6363951]},"properties":{"feature":"metro","name":"","source_url":"https://www.openstreetmap.org/node/3401386236"}},{"type":"Feature","geometry":{"type":"Point","coordinates":[127.0687526,37.6360418]},"properties":{"feature":"metro","name":"","source_url":"https://www.openstreetmap.org/node/3401386237"}},{"type":"Feature","geometry":{"type":"Point","coordinates":[127.0677194,37.6354246]},"properties":{"feature":"metro","name":"","source_url":"https://www.openstreetmap.org/node/3401386238"}},{"type":"Feature","geometry":{"type":"Point","coordinates":[127.0677033,37.6374213]},"properties":{"feature":"metro","name":"","source_url":"https://www.openstreetmap.org/node/3401386239"}},{"type":"Feature","geometry":{"type":"Point","coordinates":[127.067269,37.637351]},"properties":{"feature":"metro","name":"","source_url":"https://www.openstreetmap.org/node/3401386240"}},{"type":"Feature","geometry":{"type":"Point","coordinates":[127.0635838,37.6457311]},"properties":{"feature":"metro","name":"","source_url":"https://www.openstreetmap.org/node/3401391017"}},{"type":"Feature","geometry":{"type":"Point","coordinates":[127.0639463,37.6458673]},"properties":{"feature":"metro","name":"","source_url":"https://www.openstreetmap.org/node/3401391018"}},{"type":"Feature","geometry":{"type":"Point","coordinates":[127.0645654,37.6455966]},"properties":{"feature":"metro","name":"","source_url":"https://www.openstreetmap.org/node/3401391019"}},{"type":"Feature","geometry":{"type":"Point","coordinates":[127.0633966,37.6452816]},"properties":{"feature":"metro","name":"","source_url":"https://www.openstreetmap.org/node/3401391020"}},{"type":"Feature","geometry":{"type":"Point","coordinates":[127.0646851,37.6441008]},"properties":{"feature":"metro","name":"","source_url":"https://www.openstreetmap.org/node/3401391021"}},{"type":"Feature","geometry":{"type":"Point","coordinates":[127.0644133,37.6440312]},"properties":{"feature":"metro","name":"","source_url":"https://www.openstreetmap.org/node/3401391022"}},{"type":"Feature","geometry":{"type":"Point","coordinates":[127.0577425,37.6642511]},"properties":{"feature":"metro","name":"","source_url":"https://www.openstreetmap.org/node/3401391451"}},{"type":"Feature","geometry":{"type":"Point","coordinates":[127.058099,37.6642899]},"properties":{"feature":"metro","name":"","source_url":"https://www.openstreetmap.org/node/3401391452"}},{"type":"Feature","geometry":{"type":"Point","coordinates":[127.0579053,37.6648772]},"properties":{"feature":"metro","name":"","source_url":"https://www.openstreetmap.org/node/3401391453"}},{"type":"Feature","geometry":{"type":"Point","coordinates":[127.0575661,37.6649672]},"properties":{"feature":"metro","name":"","source_url":"https://www.openstreetmap.org/node/3401391454"}},{"type":"Feature","geometry":{"type":"Point","coordinates":[127.0572705,37.6660282]},"properties":{"feature":"metro","name":"","source_url":"https://www.openstreetmap.org/node/3401391455"}},{"type":"Feature","geometry":{"type":"Point","coordinates":[127.057315,37.6657417]},"properties":{"feature":"metro","name":"","source_url":"https://www.openstreetmap.org/node/3401391456"}},{"type":"Feature","geometry":{"type":"Point","coordinates":[127.0575928,37.6661003]},"properties":{"feature":"metro","name":"","source_url":"https://www.openstreetmap.org/node/3401391457"}},{"type":"Feature","geometry":{"type":"Point","coordinates":[127.0576745,37.6657953]},"properties":{"feature":"metro","name":"","source_url":"https://www.openstreetmap.org/node/3401391458"}},{"type":"Feature","geometry":{"type":"Point","coordinates":[127.0608524,37.6538484]},"properties":{"feature":"metro","name":"","source_url":"https://www.openstreetmap.org/node/3401392473"}},{"type":"Feature","geometry":{"type":"Point","coordinates":[127.0605395,37.6537782]},"properties":{"feature":"metro","name":"","source_url":"https://www.openstreetmap.org/node/3401392474"}},{"type":"Feature","geometry":{"type":"Point","coordinates":[127.0609949,37.6545453]},"properties":{"feature":"metro","name":"","source_url":"https://www.openstreetmap.org/node/3401392475"}},{"type":"Feature","geometry":{"type":"Point","coordinates":[127.0600865,37.6543328]},"properties":{"feature":"metro","name":"","source_url":"https://www.openstreetmap.org/node/3401392476"}},{"type":"Feature","geometry":{"type":"Point","coordinates":[127.0605509,37.6551178]},"properties":{"feature":"metro","name":"","source_url":"https://www.openstreetmap.org/node/3401392477"}},{"type":"Feature","geometry":{"type":"Point","coordinates":[127.0601496,37.6551794]},"properties":{"feature":"metro","name":"","source_url":"https://www.openstreetmap.org/node/3401392478"}},{"type":"Feature","geometry":{"type":"Point","coordinates":[127.0625997,37.6562376]},"properties":{"feature":"metro","name":"","source_url":"https://www.openstreetmap.org/node/3401392479"}},{"type":"Feature","geometry":{"type":"Point","coordinates":[127.0640467,37.6566121]},"properties":{"feature":"metro","name":"","source_url":"https://www.openstreetmap.org/node/3401392480"}},{"type":"Feature","geometry":{"type":"Point","coordinates":[127.062662,37.6560446]},"properties":{"feature":"metro","name":"","source_url":"https://www.openstreetmap.org/node/3401392481"}},{"type":"Feature","geometry":{"type":"Point","coordinates":[127.0641289,37.6563775]},"properties":{"feature":"metro","name":"","source_url":"https://www.openstreetmap.org/node/3401392482"}},{"type":"Feature","geometry":{"type":"Point","coordinates":[127.0555293,37.6788032]},"properties":{"feature":"metro","name":"","source_url":"https://www.openstreetmap.org/node/3401408353"}},{"type":"Feature","geometry":{"type":"Point","coordinates":[127.0551493,37.6788025]},"properties":{"feature":"metro","name":"","source_url":"https://www.openstreetmap.org/node/3401408354"}},{"type":"Feature","geometry":{"type":"Point","coordinates":[127.0551304,37.6780643]},"properties":{"feature":"metro","name":"","source_url":"https://www.openstreetmap.org/node/3401408355"}},{"type":"Feature","geometry":{"type":"Point","coordinates":[127.0554918,37.6779231]},"properties":{"feature":"metro","name":"","source_url":"https://www.openstreetmap.org/node/3401408356"}},{"type":"Feature","geometry":{"type":"Point","coordinates":[127.0551387,37.6769086]},"properties":{"feature":"metro","name":"","source_url":"https://www.openstreetmap.org/node/3401408357"}},{"type":"Feature","geometry":{"type":"Point","coordinates":[127.0562455,37.6776949]},"properties":{"feature":"metro","name":"","source_url":"https://www.openstreetmap.org/node/3401408358"}},{"type":"Feature","geometry":{"type":"Point","coordinates":[127.0535708,37.7002683]},"properties":{"feature":"metro","name":"","source_url":"https://www.openstreetmap.org/node/3401411195"}},{"type":"Feature","geometry":{"type":"Point","coordinates":[127.0465881,37.6891522]},"properties":{"feature":"metro","name":"","source_url":"https://www.openstreetmap.org/node/3401417480"}},{"type":"Feature","geometry":{"type":"Point","coordinates":[127.1521941,37.4946599]},"properties":{"feature":"metro","name":"","source_url":"https://www.openstreetmap.org/node/3401426630"}},{"type":"Feature","geometry":{"type":"Point","coordinates":[127.1532374,37.4954409]},"properties":{"feature":"metro","name":"","source_url":"https://www.openstreetmap.org/node/3401426631"}},{"type":"Feature","geometry":{"type":"Point","coordinates":[127.1446554,37.493338]},"properties":{"feature":"metro","name":"","source_url":"https://www.openstreetmap.org/node/3401426669"}},{"type":"Feature","geometry":{"type":"Point","coordinates":[127.1447313,37.4930677]},"properties":{"feature":"metro","name":"","source_url":"https://www.openstreetmap.org/node/3401426670"}},{"type":"Feature","geometry":{"type":"Point","coordinates":[127.1443862,37.4933942]},"properties":{"feature":"metro","name":"","source_url":"https://www.openstreetmap.org/node/3401426671"}},{"type":"Feature","geometry":{"type":"Point","coordinates":[127.143668,37.4935682]},"properties":{"feature":"metro","name":"","source_url":"https://www.openstreetmap.org/node/3401426672"}},{"type":"Feature","geometry":{"type":"Point","coordinates":[127.143647,37.4932341]},"properties":{"feature":"metro","name":"","source_url":"https://www.openstreetmap.org/node/3401426673"}},{"type":"Feature","geometry":{"type":"Point","coordinates":[127.1441913,37.4929605]},"properties":{"feature":"metro","name":"","source_url":"https://www.openstreetmap.org/node/3401426674"}},{"type":"Feature","geometry":{"type":"Point","coordinates":[127.144348,37.4926978]},"properties":{"feature":"metro","name":"","source_url":"https://www.openstreetmap.org/node/3401426675"}},{"type":"Feature","geometry":{"type":"Point","coordinates":[127.1446191,37.4929165]},"properties":{"feature":"metro","name":"","source_url":"https://www.openstreetmap.org/node/3401426676"}},{"type":"Feature","geometry":{"type":"Point","coordinates":[127.1285289,37.5025952]},"properties":{"feature":"metro","name":"","source_url":"https://www.openstreetmap.org/node/3401436586"}},{"type":"Feature","geometry":{"type":"Point","coordinates":[127.1288427,37.5024845]},"properties":{"feature":"metro","name":"","source_url":"https://www.openstreetmap.org/node/3401436587"}},{"type":"Feature","geometry":{"type":"Point","coordinates":[127.1274721,37.502559]},"properties":{"feature":"metro","name":"","source_url":"https://www.openstreetmap.org/node/3401436588"}},{"type":"Feature","geometry":{"type":"Point","coordinates":[127.1273461,37.502276]},"properties":{"feature":"metro","name":"","source_url":"https://www.openstreetmap.org/node/3401436589"}},{"type":"Feature","geometry":{"type":"Point","coordinates":[127.1276545,37.5017057]},"properties":{"feature":"metro","name":"","source_url":"https://www.openstreetmap.org/node/3401436590"}},{"type":"Feature","geometry":{"type":"Point","coordinates":[127.128309,37.5016312]},"properties":{"feature":"metro","name":"","source_url":"https://www.openstreetmap.org/node/3401436592"}},{"type":"Feature","geometry":{"type":"Point","coordinates":[127.1345551,37.498497]},"properties":{"feature":"metro","name":"","source_url":"https://www.openstreetmap.org/node/3401436940"}},{"type":"Feature","geometry":{"type":"Point","coordinates":[127.1349799,37.4980907]},"properties":{"feature":"metro","name":"","source_url":"https://www.openstreetmap.org/node/3401436941"}},{"type":"Feature","geometry":{"type":"Point","coordinates":[127.1341191,37.4982405]},"properties":{"feature":"metro","name":"","source_url":"https://www.openstreetmap.org/node/3401436942"}},{"type":"Feature","geometry":{"type":"Point","coordinates":[127.1349634,37.4978933]},"properties":{"feature":"metro","name":"","source_url":"https://www.openstreetmap.org/node/3401436943"}},{"type":"Feature","geometry":{"type":"Point","coordinates":[126.9613038,37.5394778]},"properties":{"feature":"metro","name":"","source_url":"https://www.openstreetmap.org/node/3401440047"}},{"type":"Feature","geometry":{"type":"Point","coordinates":[126.960936,37.5392845]},"properties":{"feature":"metro","name":"","source_url":"https://www.openstreetmap.org/node/3401440048"}},{"type":"Feature","geometry":{"type":"Point","coordinates":[126.9616243,37.5390687]},"properties":{"feature":"metro","name":"","source_url":"https://www.openstreetmap.org/node/3401440049"}},{"type":"Feature","geometry":{"type":"Point","coordinates":[126.9615938,37.5393194]},"properties":{"feature":"metro","name":"","source_url":"https://www.openstreetmap.org/node/3401440050"}},{"type":"Feature","geometry":{"type":"Point","coordinates":[126.9516352,37.545282]},"properties":{"feature":"metro","name":"","source_url":"https://www.openstreetmap.org/node/3401440051"}},{"type":"Feature","geometry":{"type":"Point","coordinates":[126.9520528,37.5451136]},"properties":{"feature":"metro","name":"","source_url":"https://www.openstreetmap.org/node/3401440052"}},{"type":"Feature","geometry":{"type":"Point","coordinates":[126.9516835,37.5442271]},"properties":{"feature":"metro","name":"","source_url":"https://www.openstreetmap.org/node/3401440053"}},{"type":"Feature","geometry":{"type":"Point","coordinates":[126.9507742,37.5442609]},"properties":{"feature":"metro","name":"","source_url":"https://www.openstreetmap.org/node/3401440054"}},{"type":"Feature","geometry":{"type":"Point","coordinates":[126.9505489,37.5438759]},"properties":{"feature":"metro","name":"","source_url":"https://www.openstreetmap.org/node/3401440055"}},{"type":"Feature","geometry":{"type":"Point","coordinates":[126.9516731,37.5427758]},"properties":{"feature":"metro","name":"","source_url":"https://www.openstreetmap.org/node/3401440056"}},{"type":"Feature","geometry":{"type":"Point","coordinates":[126.9526329,37.5430657]},"properties":{"feature":"metro","name":"","source_url":"https://www.openstreetmap.org/node/3401440058"}},{"type":"Feature","geometry":{"type":"Point","coordinates":[126.9530975,37.5419386]},"properties":{"feature":"metro","name":"","source_url":"https://www.openstreetmap.org/node/3401440059"}},{"type":"Feature","geometry":{"type":"Point","coordinates":[126.9416491,37.5481255]},"properties":{"feature":"metro","name":"","source_url":"https://www.openstreetmap.org/node/3401440060"}},{"type":"Feature","geometry":{"type":"Point","coordinates":[126.9422876,37.5478149]},"properties":{"feature":"metro","name":"","source_url":"https://www.openstreetmap.org/node/3401440061"}},{"type":"Feature","geometry":{"type":"Point","coordinates":[126.9421444,37.5476578]},"properties":{"feature":"metro","name":"","source_url":"https://www.openstreetmap.org/node/3401440062"}},{"type":"Feature","geometry":{"type":"Point","coordinates":[126.9312446,37.5477248]},"properties":{"feature":"metro","name":"","source_url":"https://www.openstreetmap.org/node/3401440063"}},{"type":"Feature","geometry":{"type":"Point","coordinates":[126.9317047,37.5477641]},"properties":{"feature":"metro","name":"","source_url":"https://www.openstreetmap.org/node/3401440064"}},{"type":"Feature","geometry":{"type":"Point","coordinates":[126.93277,37.5477669]},"properties":{"feature":"metro","name":"","source_url":"https://www.openstreetmap.org/node/3401440065"}},{"type":"Feature","geometry":{"type":"Point","coordinates":[126.9332372,37.5473263]},"properties":{"feature":"metro","name":"","source_url":"https://www.openstreetmap.org/node/3401440066"}},{"type":"Feature","geometry":{"type":"Point","coordinates":[126.9315277,37.5472842]},"properties":{"feature":"metro","name":"","source_url":"https://www.openstreetmap.org/node/3401440067"}},{"type":"Feature","geometry":{"type":"Point","coordinates":[126.9310818,37.5472534]},"properties":{"feature":"metro","name":"","source_url":"https://www.openstreetmap.org/node/3401440068"}},{"type":"Feature","geometry":{"type":"Point","coordinates":[126.9228287,37.5478736]},"properties":{"feature":"metro","name":"","source_url":"https://www.openstreetmap.org/node/3401440069"}},{"type":"Feature","geometry":{"type":"Point","coordinates":[126.9231572,37.5478821]},"properties":{"feature":"metro","name":"","source_url":"https://www.openstreetmap.org/node/3401440070"}},{"type":"Feature","geometry":{"type":"Point","coordinates":[126.9231304,37.5476322]},"properties":{"feature":"metro","name":"","source_url":"https://www.openstreetmap.org/node/3401440071"}},{"type":"Feature","geometry":{"type":"Point","coordinates":[126.9228179,37.5476131]},"properties":{"feature":"metro","name":"","source_url":"https://www.openstreetmap.org/node/3401440072"}},{"type":"Feature","geometry":{"type":"Point","coordinates":[126.9046964,37.5630258]},"properties":{"feature":"metro","name":"","source_url":"https://www.openstreetmap.org/node/3401440083"}},{"type":"Feature","geometry":{"type":"Point","coordinates":[126.9043549,37.5626554]},"properties":{"feature":"metro","name":"","source_url":"https://www.openstreetmap.org/node/3401440084"}},{"type":"Feature","geometry":{"type":"Point","coordinates":[126.9040841,37.5625444]},"properties":{"feature":"metro","name":"","source_url":"https://www.openstreetmap.org/node/3401440085"}},{"type":"Feature","geometry":{"type":"Point","coordinates":[126.9031968,37.5629405]},"properties":{"feature":"metro","name":"","source_url":"https://www.openstreetmap.org/node/3401440087"}},{"type":"Feature","geometry":{"type":"Point","coordinates":[126.9028792,37.5642731]},"properties":{"feature":"metro","name":"","source_url":"https://www.openstreetmap.org/node/3401440088"}},{"type":"Feature","geometry":{"type":"Point","coordinates":[126.9022908,37.5644286]},"properties":{"feature":"metro","name":"","source_url":"https://www.openstreetmap.org/node/3401440089"}},{"type":"Feature","geometry":{"type":"Point","coordinates":[126.902564,37.5646359]},"properties":{"feature":"metro","name":"","source_url":"https://www.openstreetmap.org/node/3401440090"}},{"type":"Feature","geometry":{"type":"Point","coordinates":[126.8990719,37.5682004]},"properties":{"feature":"metro","name":"","source_url":"https://www.openstreetmap.org/node/3401440091"}},{"type":"Feature","geometry":{"type":"Point","coordinates":[126.8990186,37.5697083]},"properties":{"feature":"metro","name":"","source_url":"https://www.openstreetmap.org/node/3401440092"}},{"type":"Feature","geometry":{"type":"Point","coordinates":[126.8989666,37.5706161]},"properties":{"feature":"metro","name":"","source_url":"https://www.openstreetmap.org/node/3401440793"}},{"type":"Feature","geometry":{"type":"Point","coordinates":[126.9002454,37.5755436]},"properties":{"feature":"metro","name":"","source_url":"https://www.openstreetmap.org/node/3401440794"}},{"type":"Feature","geometry":{"type":"Point","coordinates":[126.8999845,37.575373]},"properties":{"feature":"metro","name":"","source_url":"https://www.openstreetmap.org/node/3401440795"}},{"type":"Feature","geometry":{"type":"Point","coordinates":[126.9022355,37.5774852]},"properties":{"feature":"metro","name":"","source_url":"https://www.openstreetmap.org/node/3401440796"}},{"type":"Feature","geometry":{"type":"Point","coordinates":[126.9024361,37.5777314]},"properties":{"feature":"metro","name":"","source_url":"https://www.openstreetmap.org/node/3401440797"}},{"type":"Feature","geometry":{"type":"Point","coordinates":[126.9020899,37.5781044]},"properties":{"feature":"metro","name":"","source_url":"https://www.openstreetmap.org/node/3401440798"}},{"type":"Feature","geometry":{"type":"Point","coordinates":[126.9002686,37.5781316]},"properties":{"feature":"metro","name":"","source_url":"https://www.openstreetmap.org/node/3401440799"}},{"type":"Feature","geometry":{"type":"Point","coordinates":[126.8988126,37.5767483]},"properties":{"feature":"metro","name":"","source_url":"https://www.openstreetmap.org/node/3401440800"}},{"type":"Feature","geometry":{"type":"Point","coordinates":[126.8979799,37.5771123]},"properties":{"feature":"metro","name":"","source_url":"https://www.openstreetmap.org/node/3401440801"}},{"type":"Feature","geometry":{"type":"Point","coordinates":[126.8971105,37.5776534]},"properties":{"feature":"metro","name":"","source_url":"https://www.openstreetmap.org/node/3401440802"}},{"type":"Feature","geometry":{"type":"Point","coordinates":[126.91005,37.5844478]},"properties":{"feature":"metro","name":"","source_url":"https://www.openstreetmap.org/node/3401440803"}},{"type":"Feature","geometry":{"type":"Point","coordinates":[126.91027,37.584315]},"properties":{"feature":"metro","name":"","source_url":"https://www.openstreetmap.org/node/3401440804"}},{"type":"Feature","geometry":{"type":"Point","coordinates":[126.9095651,37.5840187]},"properties":{"feature":"metro","name":"","source_url":"https://www.openstreetmap.org/node/3401440805"}},{"type":"Feature","geometry":{"type":"Point","coordinates":[126.9098127,37.5838799]},"properties":{"feature":"metro","name":"","source_url":"https://www.openstreetmap.org/node/3401440806"}},{"type":"Feature","geometry":{"type":"Point","coordinates":[126.913514,37.5913353]},"properties":{"feature":"metro","name":"","source_url":"https://www.openstreetmap.org/node/3401440807"}},{"type":"Feature","geometry":{"type":"Point","coordinates":[126.9137896,37.5913038]},"properties":{"feature":"metro","name":"","source_url":"https://www.openstreetmap.org/node/3401440808"}},{"type":"Feature","geometry":{"type":"Point","coordinates":[126.9136728,37.5920217]},"properties":{"feature":"metro","name":"","source_url":"https://www.openstreetmap.org/node/3401440809"}},{"type":"Feature","geometry":{"type":"Point","coordinates":[126.9139602,37.5918663]},"properties":{"feature":"metro","name":"","source_url":"https://www.openstreetmap.org/node/3401440810"}},{"type":"Feature","geometry":{"type":"Point","coordinates":[126.9155004,37.5987806]},"properties":{"feature":"metro","name":"","source_url":"https://www.openstreetmap.org/node/3401440811"}},{"type":"Feature","geometry":{"type":"Point","coordinates":[126.9155686,37.5993482]},"properties":{"feature":"metro","name":"","source_url":"https://www.openstreetmap.org/node/3401440812"}},{"type":"Feature","geometry":{"type":"Point","coordinates":[126.9159328,37.5993204]},"properties":{"feature":"metro","name":"","source_url":"https://www.openstreetmap.org/node/3401440813"}},{"type":"Feature","geometry":{"type":"Point","coordinates":[126.9158163,37.5988373]},"properties":{"feature":"metro","name":"","source_url":"https://www.openstreetmap.org/node/3401440814"}},{"type":"Feature","geometry":{"type":"Point","coordinates":[126.9225333,37.6060242]},"properties":{"feature":"metro","name":"","source_url":"https://www.openstreetmap.org/node/3401440815"}},{"type":"Feature","geometry":{"type":"Point","coordinates":[126.9228983,37.6057257]},"properties":{"feature":"metro","name":"","source_url":"https://www.openstreetmap.org/node/3401440816"}},{"type":"Feature","geometry":{"type":"Point","coordinates":[126.9230897,37.606454]},"properties":{"feature":"metro","name":"","source_url":"https://www.openstreetmap.org/node/3401440817"}},{"type":"Feature","geometry":{"type":"Point","coordinates":[126.9227062,37.6066899]},"properties":{"feature":"metro","name":"","source_url":"https://www.openstreetmap.org/node/3401440818"}},{"type":"Feature","geometry":{"type":"Point","coordinates":[126.9290517,37.6108535]},"properties":{"feature":"metro","name":"","source_url":"https://www.openstreetmap.org/node/3401440819"}},{"type":"Feature","geometry":{"type":"Point","coordinates":[126.9292626,37.6106881]},"properties":{"feature":"metro","name":"","source_url":"https://www.openstreetmap.org/node/3401440820"}},{"type":"Feature","geometry":{"type":"Point","coordinates":[126.9298995,37.6109658]},"properties":{"feature":"metro","name":"","source_url":"https://www.openstreetmap.org/node/3401440821"}},{"type":"Feature","geometry":{"type":"Point","coordinates":[126.9294784,37.6112123]},"properties":{"feature":"metro","name":"","source_url":"https://www.openstreetmap.org/node/3401440822"}},{"type":"Feature","geometry":{"type":"Point","coordinates":[126.9296131,37.6106316]},"properties":{"feature":"metro","name":"","source_url":"https://www.openstreetmap.org/node/3401440823"}},{"type":"Feature","geometry":{"type":"Point","coordinates":[126.930286,37.6102542]},"properties":{"feature":"metro","name":"","source_url":"https://www.openstreetmap.org/node/3401440824"}},{"type":"Feature","geometry":{"type":"Point","coordinates":[126.9300491,37.6101503]},"properties":{"feature":"metro","name":"","source_url":"https://www.openstreetmap.org/node/3401440825"}},{"type":"Feature","geometry":{"type":"Point","coordinates":[126.9312346,37.6091704]},"properties":{"feature":"metro","name":"","source_url":"https://www.openstreetmap.org/node/3401440826"}},{"type":"Feature","geometry":{"type":"Point","coordinates":[126.9311016,37.6090081]},"properties":{"feature":"metro","name":"","source_url":"https://www.openstreetmap.org/node/3401440827"}},{"type":"Feature","geometry":{"type":"Point","coordinates":[126.9328427,37.6183984]},"properties":{"feature":"metro","name":"","source_url":"https://www.openstreetmap.org/node/3401440828"}},{"type":"Feature","geometry":{"type":"Point","coordinates":[126.9208574,37.6197354]},"properties":{"feature":"metro","name":"","source_url":"https://www.openstreetmap.org/node/3401440829"}},{"type":"Feature","geometry":{"type":"Point","coordinates":[126.9211981,37.6193296]},"properties":{"feature":"metro","name":"","source_url":"https://www.openstreetmap.org/node/3401440830"}},{"type":"Feature","geometry":{"type":"Point","coordinates":[126.920549,37.6196228]},"properties":{"feature":"metro","name":"","source_url":"https://www.openstreetmap.org/node/3401440831"}},{"type":"Feature","geometry":{"type":"Point","coordinates":[126.9204676,37.6192617]},"properties":{"feature":"metro","name":"","source_url":"https://www.openstreetmap.org/node/3401440832"}},{"type":"Feature","geometry":{"type":"Point","coordinates":[126.9217104,37.6186523]},"properties":{"feature":"metro","name":"","source_url":"https://www.openstreetmap.org/node/3401440833"}},{"type":"Feature","geometry":{"type":"Point","coordinates":[126.9214261,37.6185329]},"properties":{"feature":"metro","name":"","source_url":"https://www.openstreetmap.org/node/3401440834"}},{"type":"Feature","geometry":{"type":"Point","coordinates":[126.9210124,37.6186748]},"properties":{"feature":"metro","name":"","source_url":"https://www.openstreetmap.org/node/3401440835"}},{"type":"Feature","geometry":{"type":"Point","coordinates":[126.9174795,37.6114848]},"properties":{"feature":"metro","name":"","source_url":"https://www.openstreetmap.org/node/3401440836"}},{"type":"Feature","geometry":{"type":"Point","coordinates":[126.9156071,37.6129955]},"properties":{"feature":"metro","name":"","source_url":"https://www.openstreetmap.org/node/3401440837"}},{"type":"Feature","geometry":{"type":"Point","coordinates":[126.917007,37.6110694]},"properties":{"feature":"metro","name":"","source_url":"https://www.openstreetmap.org/node/3401440838"}},{"type":"Feature","geometry":{"type":"Point","coordinates":[126.9173471,37.6109116]},"properties":{"feature":"metro","name":"","source_url":"https://www.openstreetmap.org/node/3401440839"}},{"type":"Feature","geometry":{"type":"Point","coordinates":[127.1260145,37.5089286]},"properties":{"feature":"metro","name":"","source_url":"https://www.openstreetmap.org/node/3401442200"}},{"type":"Feature","geometry":{"type":"Point","coordinates":[127.1257297,37.5084448]},"properties":{"feature":"metro","name":"","source_url":"https://www.openstreetmap.org/node/3401442201"}},{"type":"Feature","geometry":{"type":"Point","coordinates":[127.1263551,37.508818]},"properties":{"feature":"metro","name":"","source_url":"https://www.openstreetmap.org/node/3401442202"}},{"type":"Feature","geometry":{"type":"Point","coordinates":[127.1261861,37.5082925]},"properties":{"feature":"metro","name":"","source_url":"https://www.openstreetmap.org/node/3401442203"}},{"type":"Feature","geometry":{"type":"Point","coordinates":[127.1314787,37.5165001]},"properties":{"feature":"metro","name":"","source_url":"https://www.openstreetmap.org/node/3401446008"}},{"type":"Feature","geometry":{"type":"Point","coordinates":[127.1307163,37.5161721]},"properties":{"feature":"metro","name":"","source_url":"https://www.openstreetmap.org/node/3401446009"}},{"type":"Feature","geometry":{"type":"Point","coordinates":[127.1312267,37.5160934]},"properties":{"feature":"metro","name":"","source_url":"https://www.openstreetmap.org/node/3401446010"}},{"type":"Feature","geometry":{"type":"Point","coordinates":[127.1361091,37.5282021]},"properties":{"feature":"metro","name":"","source_url":"https://www.openstreetmap.org/node/3401447023"}},{"type":"Feature","geometry":{"type":"Point","coordinates":[127.1358318,37.5275302]},"properties":{"feature":"metro","name":"","source_url":"https://www.openstreetmap.org/node/3401447025"}},{"type":"Feature","geometry":{"type":"Point","coordinates":[127.1364572,37.5274251]},"properties":{"feature":"metro","name":"","source_url":"https://www.openstreetmap.org/node/3401447026"}},{"type":"Feature","geometry":{"type":"Point","coordinates":[127.1683027,37.5571032]},"properties":{"feature":"metro","name":"","source_url":"https://www.openstreetmap.org/node/3401453803"}},{"type":"Feature","geometry":{"type":"Point","coordinates":[127.1683452,37.5568689]},"properties":{"feature":"metro","name":"","source_url":"https://www.openstreetmap.org/node/3401453804"}},{"type":"Feature","geometry":{"type":"Point","coordinates":[127.1647401,37.5566815]},"properties":{"feature":"metro","name":"","source_url":"https://www.openstreetmap.org/node/3401453805"}},{"type":"Feature","geometry":{"type":"Point","coordinates":[127.1647979,37.5563951]},"properties":{"feature":"metro","name":"","source_url":"https://www.openstreetmap.org/node/3401453806"}},{"type":"Feature","geometry":{"type":"Point","coordinates":[127.0788428,37.6698595]},"properties":{"feature":"metro","name":"","source_url":"https://www.openstreetmap.org/node/3401474869"}},{"type":"Feature","geometry":{"type":"Point","coordinates":[127.0786568,37.6699344]},"properties":{"feature":"metro","name":"","source_url":"https://www.openstreetmap.org/node/3401474870"}},{"type":"Feature","geometry":{"type":"Point","coordinates":[127.0793729,37.6704673]},"properties":{"feature":"metro","name":"","source_url":"https://www.openstreetmap.org/node/3401474871"}},{"type":"Feature","geometry":{"type":"Point","coordinates":[127.0792426,37.6705369]},"properties":{"feature":"metro","name":"","source_url":"https://www.openstreetmap.org/node/3401474872"}},{"type":"Feature","geometry":{"type":"Point","coordinates":[127.0735358,37.6609499]},"properties":{"feature":"metro","name":"","source_url":"https://www.openstreetmap.org/node/3401474873"}},{"type":"Feature","geometry":{"type":"Point","coordinates":[127.073436,37.6604876]},"properties":{"feature":"metro","name":"","source_url":"https://www.openstreetmap.org/node/3401474874"}},{"type":"Feature","geometry":{"type":"Point","coordinates":[127.0732888,37.6602077]},"properties":{"feature":"metro","name":"","source_url":"https://www.openstreetmap.org/node/3401474875"}},{"type":"Feature","geometry":{"type":"Point","coordinates":[127.0731887,37.660676]},"properties":{"feature":"metro","name":"","source_url":"https://www.openstreetmap.org/node/3401474876"}},{"type":"Feature","geometry":{"type":"Point","coordinates":[127.0488396,37.6534816]},"properties":{"feature":"metro","name":"","source_url":"https://www.openstreetmap.org/node/3401474877"}},{"type":"Feature","geometry":{"type":"Point","coordinates":[127.0465966,37.6529474]},"properties":{"feature":"metro","name":"","source_url":"https://www.openstreetmap.org/node/3401474878"}},{"type":"Feature","geometry":{"type":"Point","coordinates":[127.0347178,37.6489555]},"properties":{"feature":"metro","name":"","source_url":"https://www.openstreetmap.org/node/3401474879"}},{"type":"Feature","geometry":{"type":"Point","coordinates":[127.0350254,37.6488593]},"properties":{"feature":"metro","name":"","source_url":"https://www.openstreetmap.org/node/3401474880"}},{"type":"Feature","geometry":{"type":"Point","coordinates":[127.0344861,37.6479597]},"properties":{"feature":"metro","name":"","source_url":"https://www.openstreetmap.org/node/3401474881"}},{"type":"Feature","geometry":{"type":"Point","coordinates":[127.034196,37.6480478]},"properties":{"feature":"metro","name":"","source_url":"https://www.openstreetmap.org/node/3401474882"}},{"type":"Feature","geometry":{"type":"Point","coordinates":[127.0259286,37.6384417]},"properties":{"feature":"metro","name":"","source_url":"https://www.openstreetmap.org/node/3401474883"}},{"type":"Feature","geometry":{"type":"Point","coordinates":[127.0256808,37.6382133]},"properties":{"feature":"metro","name":"","source_url":"https://www.openstreetmap.org/node/3401474884"}},{"type":"Feature","geometry":{"type":"Point","coordinates":[127.0262188,37.638282]},"properties":{"feature":"metro","name":"","source_url":"https://www.openstreetmap.org/node/3401474885"}},{"type":"Feature","geometry":{"type":"Point","coordinates":[127.0259533,37.638062]},"properties":{"feature":"metro","name":"","source_url":"https://www.openstreetmap.org/node/3401474886"}},{"type":"Feature","geometry":{"type":"Point","coordinates":[127.0251901,37.6373541]},"properties":{"feature":"metro","name":"","source_url":"https://www.openstreetmap.org/node/3401474887"}},{"type":"Feature","geometry":{"type":"Point","coordinates":[127.0248851,37.6374283]},"properties":{"feature":"metro","name":"","source_url":"https://www.openstreetmap.org/node/3401474888"}},{"type":"Feature","geometry":{"type":"Point","coordinates":[127.0249203,37.6370906]},"properties":{"feature":"metro","name":"","source_url":"https://www.openstreetmap.org/node/3401474889"}},{"type":"Feature","geometry":{"type":"Point","coordinates":[127.0246537,37.6372352]},"properties":{"feature":"metro","name":"","source_url":"https://www.openstreetmap.org/node/3401474890"}},{"type":"Feature","geometry":{"type":"Point","coordinates":[127.0262272,37.6273055]},"properties":{"feature":"metro","name":"","source_url":"https://www.openstreetmap.org/node/3401474891"}},{"type":"Feature","geometry":{"type":"Point","coordinates":[127.0259536,37.6273607]},"properties":{"feature":"metro","name":"","source_url":"https://www.openstreetmap.org/node/3401474892"}},{"type":"Feature","geometry":{"type":"Point","coordinates":[127.1533854,37.555329]},"properties":{"feature":"metro","name":"","source_url":"https://www.openstreetmap.org/node/3401477819"}},{"type":"Feature","geometry":{"type":"Point","coordinates":[127.1536273,37.5550815]},"properties":{"feature":"metro","name":"","source_url":"https://www.openstreetmap.org/node/3401477820"}},{"type":"Feature","geometry":{"type":"Point","coordinates":[127.1544986,37.5552034]},"properties":{"feature":"metro","name":"","source_url":"https://www.openstreetmap.org/node/3401477821"}},{"type":"Feature","geometry":{"type":"Point","coordinates":[127.1543663,37.5549813]},"properties":{"feature":"metro","name":"","source_url":"https://www.openstreetmap.org/node/3401477822"}},{"type":"Feature","geometry":{"type":"Point","coordinates":[127.1534244,37.554828]},"properties":{"feature":"metro","name":"","source_url":"https://www.openstreetmap.org/node/3401477823"}},{"type":"Feature","geometry":{"type":"Point","coordinates":[127.1440844,37.5510816]},"properties":{"feature":"metro","name":"","source_url":"https://www.openstreetmap.org/node/3401477825"}},{"type":"Feature","geometry":{"type":"Point","coordinates":[127.1439205,37.5511701]},"properties":{"feature":"metro","name":"","source_url":"https://www.openstreetmap.org/node/3401477826"}},{"type":"Feature","geometry":{"type":"Point","coordinates":[127.1441347,37.5515331]},"properties":{"feature":"metro","name":"","source_url":"https://www.openstreetmap.org/node/3401477827"}},{"type":"Feature","geometry":{"type":"Point","coordinates":[127.142799,37.5460385]},"properties":{"feature":"metro","name":"","source_url":"https://www.openstreetmap.org/node/3401477828"}},{"type":"Feature","geometry":{"type":"Point","coordinates":[127.1432229,37.5459679]},"properties":{"feature":"metro","name":"","source_url":"https://www.openstreetmap.org/node/3401477829"}},{"type":"Feature","geometry":{"type":"Point","coordinates":[127.1427614,37.5454884]},"properties":{"feature":"metro","name":"","source_url":"https://www.openstreetmap.org/node/3401477830"}},{"type":"Feature","geometry":{"type":"Point","coordinates":[127.1399127,37.5378438]},"properties":{"feature":"metro","name":"","source_url":"https://www.openstreetmap.org/node/3401488917"}},{"type":"Feature","geometry":{"type":"Point","coordinates":[127.1401869,37.538065]},"properties":{"feature":"metro","name":"","source_url":"https://www.openstreetmap.org/node/3401488918"}},{"type":"Feature","geometry":{"type":"Point","coordinates":[127.1399862,37.5375147]},"properties":{"feature":"metro","name":"","source_url":"https://www.openstreetmap.org/node/3401488919"}},{"type":"Feature","geometry":{"type":"Point","coordinates":[127.0255674,37.6272885]},"properties":{"feature":"metro","name":"","source_url":"https://www.openstreetmap.org/node/3401490093"}},{"type":"Feature","geometry":{"type":"Point","coordinates":[127.0257551,37.6268636]},"properties":{"feature":"metro","name":"","source_url":"https://www.openstreetmap.org/node/3401490094"}},{"type":"Feature","geometry":{"type":"Point","coordinates":[127.0263774,37.6261338]},"properties":{"feature":"metro","name":"","source_url":"https://www.openstreetmap.org/node/3401490095"}},{"type":"Feature","geometry":{"type":"Point","coordinates":[127.0265207,37.6257063]},"properties":{"feature":"metro","name":"","source_url":"https://www.openstreetmap.org/node/3401490096"}},{"type":"Feature","geometry":{"type":"Point","coordinates":[127.026227,37.6256685]},"properties":{"feature":"metro","name":"","source_url":"https://www.openstreetmap.org/node/3401490097"}},{"type":"Feature","geometry":{"type":"Point","coordinates":[127.0260765,37.6260287]},"properties":{"feature":"metro","name":"","source_url":"https://www.openstreetmap.org/node/3401490098"}},{"type":"Feature","geometry":{"type":"Point","coordinates":[127.0302497,37.6141843]},"properties":{"feature":"metro","name":"","source_url":"https://www.openstreetmap.org/node/3401490099"}},{"type":"Feature","geometry":{"type":"Point","coordinates":[127.0298831,37.6141473]},"properties":{"feature":"metro","name":"","source_url":"https://www.openstreetmap.org/node/3401490100"}},{"type":"Feature","geometry":{"type":"Point","coordinates":[127.0299269,37.6129793]},"properties":{"feature":"metro","name":"","source_url":"https://www.openstreetmap.org/node/3401490101"}},{"type":"Feature","geometry":{"type":"Point","coordinates":[127.0299871,37.6124592]},"properties":{"feature":"metro","name":"","source_url":"https://www.openstreetmap.org/node/3401490102"}},{"type":"Feature","geometry":{"type":"Point","coordinates":[127.030318,37.6124074]},"properties":{"feature":"metro","name":"","source_url":"https://www.openstreetmap.org/node/3401490103"}},{"type":"Feature","geometry":{"type":"Point","coordinates":[127.0303092,37.6126919]},"properties":{"feature":"metro","name":"","source_url":"https://www.openstreetmap.org/node/3401490104"}},{"type":"Feature","geometry":{"type":"Point","coordinates":[127.0250322,37.6030503]},"properties":{"feature":"metro","name":"","source_url":"https://www.openstreetmap.org/node/3401490105"}},{"type":"Feature","geometry":{"type":"Point","coordinates":[127.0248199,37.6025933]},"properties":{"feature":"metro","name":"","source_url":"https://www.openstreetmap.org/node/3401490106"}},{"type":"Feature","geometry":{"type":"Point","coordinates":[127.0245193,37.602668]},"properties":{"feature":"metro","name":"","source_url":"https://www.openstreetmap.org/node/3401490107"}},{"type":"Feature","geometry":{"type":"Point","coordinates":[127.0247066,37.6031457]},"properties":{"feature":"metro","name":"","source_url":"https://www.openstreetmap.org/node/3401490108"}},{"type":"Feature","geometry":{"type":"Point","coordinates":[127.0251934,37.6039727]},"properties":{"feature":"metro","name":"","source_url":"https://www.openstreetmap.org/node/3401490109"}},{"type":"Feature","geometry":{"type":"Point","coordinates":[127.0249788,37.6038964]},"properties":{"feature":"metro","name":"","source_url":"https://www.openstreetmap.org/node/3401490110"}},{"type":"Feature","geometry":{"type":"Point","coordinates":[127.0250107,37.6043516]},"properties":{"feature":"metro","name":"","source_url":"https://www.openstreetmap.org/node/3401490111"}},{"type":"Feature","geometry":{"type":"Point","coordinates":[127.0250479,37.6045374]},"properties":{"feature":"metro","name":"","source_url":"https://www.openstreetmap.org/node/3401490112"}},{"type":"Feature","geometry":{"type":"Point","coordinates":[127.0252309,37.6045277]},"properties":{"feature":"metro","name":"","source_url":"https://www.openstreetmap.org/node/3401490113"}},{"type":"Feature","geometry":{"type":"Point","coordinates":[127.0256237,37.6044252]},"properties":{"feature":"metro","name":"","source_url":"https://www.openstreetmap.org/node/3401490114"}},{"type":"Feature","geometry":{"type":"Point","coordinates":[127.0165256,37.5929771]},"properties":{"feature":"metro","name":"","source_url":"https://www.openstreetmap.org/node/3401490115"}},{"type":"Feature","geometry":{"type":"Point","coordinates":[127.0167939,37.5929529]},"properties":{"feature":"metro","name":"","source_url":"https://www.openstreetmap.org/node/3401490116"}},{"type":"Feature","geometry":{"type":"Point","coordinates":[127.0168732,37.5926517]},"properties":{"feature":"metro","name":"","source_url":"https://www.openstreetmap.org/node/3401490117"}},{"type":"Feature","geometry":{"type":"Point","coordinates":[127.0166394,37.5924117]},"properties":{"feature":"metro","name":"","source_url":"https://www.openstreetmap.org/node/3401490118"}},{"type":"Feature","geometry":{"type":"Point","coordinates":[127.0161922,37.592392]},"properties":{"feature":"metro","name":"","source_url":"https://www.openstreetmap.org/node/3401490119"}},{"type":"Feature","geometry":{"type":"Point","coordinates":[127.0158761,37.5926479]},"properties":{"feature":"metro","name":"","source_url":"https://www.openstreetmap.org/node/3401490120"}},{"type":"Feature","geometry":{"type":"Point","coordinates":[127.0162979,37.5928498]},"properties":{"feature":"metro","name":"","source_url":"https://www.openstreetmap.org/node/3401490121"}},{"type":"Feature","geometry":{"type":"Point","coordinates":[127.0056556,37.5887132]},"properties":{"feature":"metro","name":"","source_url":"https://www.openstreetmap.org/node/3401490122"}},{"type":"Feature","geometry":{"type":"Point","coordinates":[127.0058813,37.5881579]},"properties":{"feature":"metro","name":"","source_url":"https://www.openstreetmap.org/node/3401490123"}},{"type":"Feature","geometry":{"type":"Point","coordinates":[127.0063179,37.5881357]},"properties":{"feature":"metro","name":"","source_url":"https://www.openstreetmap.org/node/3401490124"}},{"type":"Feature","geometry":{"type":"Point","coordinates":[127.0061966,37.5886769]},"properties":{"feature":"metro","name":"","source_url":"https://www.openstreetmap.org/node/3401490125"}},{"type":"Feature","geometry":{"type":"Point","coordinates":[127.0066717,37.5884114]},"properties":{"feature":"metro","name":"","source_url":"https://www.openstreetmap.org/node/3401490126"}},{"type":"Feature","geometry":{"type":"Point","coordinates":[127.0069343,37.5885757]},"properties":{"feature":"metro","name":"","source_url":"https://www.openstreetmap.org/node/3401490127"}},{"type":"Feature","geometry":{"type":"Point","coordinates":[127.0067786,37.5889453]},"properties":{"feature":"metro","name":"","source_url":"https://www.openstreetmap.org/node/3401490128"}},{"type":"Feature","geometry":{"type":"Point","coordinates":[127.0019095,37.5830531]},"properties":{"feature":"metro","name":"","source_url":"https://www.openstreetmap.org/node/3401490129"}},{"type":"Feature","geometry":{"type":"Point","coordinates":[127.0013502,37.5835691]},"properties":{"feature":"metro","name":"","source_url":"https://www.openstreetmap.org/node/3401490130"}},{"type":"Feature","geometry":{"type":"Point","coordinates":[127.0018371,37.5813695]},"properties":{"feature":"metro","name":"","source_url":"https://www.openstreetmap.org/node/3401490131"}},{"type":"Feature","geometry":{"type":"Point","coordinates":[127.0022317,37.5813917]},"properties":{"feature":"metro","name":"","source_url":"https://www.openstreetmap.org/node/3401490132"}},{"type":"Feature","geometry":{"type":"Point","coordinates":[127.1322107,37.5361604]},"properties":{"feature":"metro","name":"","source_url":"https://www.openstreetmap.org/node/3401499299"}},{"type":"Feature","geometry":{"type":"Point","coordinates":[127.1332361,37.5358601]},"properties":{"feature":"metro","name":"","source_url":"https://www.openstreetmap.org/node/3401499300"}},{"type":"Feature","geometry":{"type":"Point","coordinates":[127.1326205,37.5355846]},"properties":{"feature":"metro","name":"","source_url":"https://www.openstreetmap.org/node/3401499301"}},{"type":"Feature","geometry":{"type":"Point","coordinates":[127.1320439,37.5357566]},"properties":{"feature":"metro","name":"","source_url":"https://www.openstreetmap.org/node/3401499302"}},{"type":"Feature","geometry":{"type":"Point","coordinates":[127.1042783,37.5453429]},"properties":{"feature":"metro","name":"","source_url":"https://www.openstreetmap.org/node/3402953808"}},{"type":"Feature","geometry":{"type":"Point","coordinates":[127.1036453,37.545462]},"properties":{"feature":"metro","name":"","source_url":"https://www.openstreetmap.org/node/3402953809"}},{"type":"Feature","geometry":{"type":"Point","coordinates":[127.1042917,37.5446964]},"properties":{"feature":"metro","name":"","source_url":"https://www.openstreetmap.org/node/3402953810"}},{"type":"Feature","geometry":{"type":"Point","coordinates":[127.1036373,37.5446475]},"properties":{"feature":"metro","name":"","source_url":"https://www.openstreetmap.org/node/3402953811"}},{"type":"Feature","geometry":{"type":"Point","coordinates":[127.0900331,37.5517056]},"properties":{"feature":"metro","name":"","source_url":"https://www.openstreetmap.org/node/3402958227"}},{"type":"Feature","geometry":{"type":"Point","coordinates":[127.0898293,37.5521181]},"properties":{"feature":"metro","name":"","source_url":"https://www.openstreetmap.org/node/3402958228"}},{"type":"Feature","geometry":{"type":"Point","coordinates":[127.0890756,37.5519352]},"properties":{"feature":"metro","name":"","source_url":"https://www.openstreetmap.org/node/3402958229"}},{"type":"Feature","geometry":{"type":"Point","coordinates":[127.0891989,37.5521479]},"properties":{"feature":"metro","name":"","source_url":"https://www.openstreetmap.org/node/3402958230"}},{"type":"Feature","geometry":{"type":"Point","coordinates":[127.0895476,37.5515227]},"properties":{"feature":"metro","name":"","source_url":"https://www.openstreetmap.org/node/3402958231"}},{"type":"Feature","geometry":{"type":"Point","coordinates":[127.0642329,37.5618269]},"properties":{"feature":"metro","name":"","source_url":"https://www.openstreetmap.org/node/3402966104"}},{"type":"Feature","geometry":{"type":"Point","coordinates":[127.0646031,37.5619481]},"properties":{"feature":"metro","name":"","source_url":"https://www.openstreetmap.org/node/3402966105"}},{"type":"Feature","geometry":{"type":"Point","coordinates":[127.06513,37.5619511]},"properties":{"feature":"metro","name":"","source_url":"https://www.openstreetmap.org/node/3402966106"}},{"type":"Feature","geometry":{"type":"Point","coordinates":[127.0653225,37.5616359]},"properties":{"feature":"metro","name":"","source_url":"https://www.openstreetmap.org/node/3402966107"}},{"type":"Feature","geometry":{"type":"Point","coordinates":[127.0639647,37.5612315]},"properties":{"feature":"metro","name":"","source_url":"https://www.openstreetmap.org/node/3402966108"}},{"type":"Feature","geometry":{"type":"Point","coordinates":[127.0641847,37.561004]},"properties":{"feature":"metro","name":"","source_url":"https://www.openstreetmap.org/node/3402966109"}},{"type":"Feature","geometry":{"type":"Point","coordinates":[127.0647265,37.5609466]},"properties":{"feature":"metro","name":"","source_url":"https://www.openstreetmap.org/node/3402966110"}},{"type":"Feature","geometry":{"type":"Point","coordinates":[127.0649947,37.5611061]},"properties":{"feature":"metro","name":"","source_url":"https://www.openstreetmap.org/node/3402966111"}},{"type":"Feature","geometry":{"type":"Point","coordinates":[127.0537214,37.5663066]},"properties":{"feature":"metro","name":"","source_url":"https://www.openstreetmap.org/node/3402983941"}},{"type":"Feature","geometry":{"type":"Point","coordinates":[127.0530504,37.5668541]},"properties":{"feature":"metro","name":"","source_url":"https://www.openstreetmap.org/node/3402983942"}},{"type":"Feature","geometry":{"type":"Point","coordinates":[127.0531071,37.5662428]},"properties":{"feature":"metro","name":"","source_url":"https://www.openstreetmap.org/node/3402983943"}},{"type":"Feature","geometry":{"type":"Point","coordinates":[127.0527745,37.566483]},"properties":{"feature":"metro","name":"","source_url":"https://www.openstreetmap.org/node/3402983944"}},{"type":"Feature","geometry":{"type":"Point","coordinates":[127.0517006,37.5678425]},"properties":{"feature":"metro","name":"","source_url":"https://www.openstreetmap.org/node/3402983945"}},{"type":"Feature","geometry":{"type":"Point","coordinates":[127.0522558,37.567437]},"properties":{"feature":"metro","name":"","source_url":"https://www.openstreetmap.org/node/3402983946"}},{"type":"Feature","geometry":{"type":"Point","coordinates":[127.0512806,37.5674802]},"properties":{"feature":"metro","name":"","source_url":"https://www.openstreetmap.org/node/3402983947"}},{"type":"Feature","geometry":{"type":"Point","coordinates":[127.0518465,37.5671187]},"properties":{"feature":"metro","name":"","source_url":"https://www.openstreetmap.org/node/3402983948"}},{"type":"Feature","geometry":{"type":"Point","coordinates":[127.0421798,37.5658091]},"properties":{"feature":"metro","name":"","source_url":"https://www.openstreetmap.org/node/3402984149"}},{"type":"Feature","geometry":{"type":"Point","coordinates":[127.0427833,37.5661726]},"properties":{"feature":"metro","name":"","source_url":"https://www.openstreetmap.org/node/3402984150"}},{"type":"Feature","geometry":{"type":"Point","coordinates":[127.0423971,37.5655646]},"properties":{"feature":"metro","name":"","source_url":"https://www.openstreetmap.org/node/3402984151"}},{"type":"Feature","geometry":{"type":"Point","coordinates":[127.0430086,37.5659303]},"properties":{"feature":"metro","name":"","source_url":"https://www.openstreetmap.org/node/3402984152"}},{"type":"Feature","geometry":{"type":"Point","coordinates":[127.0374481,37.5614023]},"properties":{"feature":"metro","name":"","source_url":"https://www.openstreetmap.org/node/3403004993"}},{"type":"Feature","geometry":{"type":"Point","coordinates":[127.0369492,37.5614151]},"properties":{"feature":"metro","name":"","source_url":"https://www.openstreetmap.org/node/3403004994"}},{"type":"Feature","geometry":{"type":"Point","coordinates":[127.0376251,37.5610281]},"properties":{"feature":"metro","name":"","source_url":"https://www.openstreetmap.org/node/3403004995"}},{"type":"Feature","geometry":{"type":"Point","coordinates":[127.0382327,37.5614004]},"properties":{"feature":"metro","name":"","source_url":"https://www.openstreetmap.org/node/3403004996"}},{"type":"Feature","geometry":{"type":"Point","coordinates":[127.0392291,37.5612407]},"properties":{"feature":"metro","name":"","source_url":"https://www.openstreetmap.org/node/3403004997"}},{"type":"Feature","geometry":{"type":"Point","coordinates":[127.0389555,37.5614618]},"properties":{"feature":"metro","name":"","source_url":"https://www.openstreetmap.org/node/3403004998"}},{"type":"Feature","geometry":{"type":"Point","coordinates":[127.035997,37.5612556]},"properties":{"feature":"metro","name":"","source_url":"https://www.openstreetmap.org/node/3403004999"}},{"type":"Feature","geometry":{"type":"Point","coordinates":[127.0361553,37.5610387]},"properties":{"feature":"metro","name":"","source_url":"https://www.openstreetmap.org/node/3403005000"}},{"type":"Feature","geometry":{"type":"Point","coordinates":[127.035421,37.5606778]},"properties":{"feature":"metro","name":"","source_url":"https://www.openstreetmap.org/node/3403005001"}},{"type":"Feature","geometry":{"type":"Point","coordinates":[127.0358884,37.56096]},"properties":{"feature":"metro","name":"","source_url":"https://www.openstreetmap.org/node/3403005002"}},{"type":"Feature","geometry":{"type":"Point","coordinates":[127.0351018,37.5616319]},"properties":{"feature":"metro","name":"","source_url":"https://www.openstreetmap.org/node/3403005003"}},{"type":"Feature","geometry":{"type":"Point","coordinates":[127.0353823,37.5616078]},"properties":{"feature":"metro","name":"","source_url":"https://www.openstreetmap.org/node/3403005004"}},{"type":"Feature","geometry":{"type":"Point","coordinates":[127.034929,37.5613419]},"properties":{"feature":"metro","name":"","source_url":"https://www.openstreetmap.org/node/3403005005"}},{"type":"Feature","geometry":{"type":"Point","coordinates":[127.0348924,37.5610196]},"properties":{"feature":"metro","name":"","source_url":"https://www.openstreetmap.org/node/3403005006"}},{"type":"Feature","geometry":{"type":"Point","coordinates":[127.02841,37.5569283]},"properties":{"feature":"metro","name":"","source_url":"https://www.openstreetmap.org/node/3403034378"}},{"type":"Feature","geometry":{"type":"Point","coordinates":[127.0290522,37.5572258]},"properties":{"feature":"metro","name":"","source_url":"https://www.openstreetmap.org/node/3403034379"}},{"type":"Feature","geometry":{"type":"Point","coordinates":[127.0285727,37.55672]},"properties":{"feature":"metro","name":"","source_url":"https://www.openstreetmap.org/node/3403034380"}},{"type":"Feature","geometry":{"type":"Point","coordinates":[127.02923,37.5570814]},"properties":{"feature":"metro","name":"","source_url":"https://www.openstreetmap.org/node/3403034381"}},{"type":"Feature","geometry":{"type":"Point","coordinates":[127.0198032,37.5546485]},"properties":{"feature":"metro","name":"","source_url":"https://www.openstreetmap.org/node/3403052708"}},{"type":"Feature","geometry":{"type":"Point","coordinates":[127.0199303,37.554939]},"properties":{"feature":"metro","name":"","source_url":"https://www.openstreetmap.org/node/3403052709"}},{"type":"Feature","geometry":{"type":"Point","coordinates":[127.0201126,37.5548199]},"properties":{"feature":"metro","name":"","source_url":"https://www.openstreetmap.org/node/3403052710"}},{"type":"Feature","geometry":{"type":"Point","coordinates":[127.008098,37.5712406]},"properties":{"feature":"metro","name":"","source_url":"https://www.openstreetmap.org/node/3403063092"}},{"type":"Feature","geometry":{"type":"Point","coordinates":[127.0087973,37.5708895]},"properties":{"feature":"metro","name":"","source_url":"https://www.openstreetmap.org/node/3403067493"}},{"type":"Feature","geometry":{"type":"Point","coordinates":[127.0092861,37.5703253]},"properties":{"feature":"metro","name":"","source_url":"https://www.openstreetmap.org/node/3403067494"}},{"type":"Feature","geometry":{"type":"Point","coordinates":[127.0101305,37.5708489]},"properties":{"feature":"metro","name":"","source_url":"https://www.openstreetmap.org/node/3403067495"}},{"type":"Feature","geometry":{"type":"Point","coordinates":[127.0104871,37.5712185]},"properties":{"feature":"metro","name":"","source_url":"https://www.openstreetmap.org/node/3403067496"}},{"type":"Feature","geometry":{"type":"Point","coordinates":[127.010707,37.571784]},"properties":{"feature":"metro","name":"","source_url":"https://www.openstreetmap.org/node/3403067497"}},{"type":"Feature","geometry":{"type":"Point","coordinates":[127.0120669,37.5720923]},"properties":{"feature":"metro","name":"","source_url":"https://www.openstreetmap.org/node/3403067499"}},{"type":"Feature","geometry":{"type":"Point","coordinates":[127.0121232,37.5718563]},"properties":{"feature":"metro","name":"","source_url":"https://www.openstreetmap.org/node/3403067500"}},{"type":"Feature","geometry":{"type":"Point","coordinates":[127.0118496,37.5717904]},"properties":{"feature":"metro","name":"","source_url":"https://www.openstreetmap.org/node/3403067501"}},{"type":"Feature","geometry":{"type":"Point","coordinates":[127.0072623,37.5650979]},"properties":{"feature":"metro","name":"","source_url":"https://www.openstreetmap.org/node/3403067502"}},{"type":"Feature","geometry":{"type":"Point","coordinates":[127.0076189,37.5654586]},"properties":{"feature":"metro","name":"","source_url":"https://www.openstreetmap.org/node/3403067503"}},{"type":"Feature","geometry":{"type":"Point","coordinates":[127.008043,37.5656115]},"properties":{"feature":"metro","name":"","source_url":"https://www.openstreetmap.org/node/3403067504"}},{"type":"Feature","geometry":{"type":"Point","coordinates":[127.0091836,37.565747]},"properties":{"feature":"metro","name":"","source_url":"https://www.openstreetmap.org/node/3403067505"}},{"type":"Feature","geometry":{"type":"Point","coordinates":[127.0104183,37.5653853]},"properties":{"feature":"metro","name":"","source_url":"https://www.openstreetmap.org/node/3403067506"}},{"type":"Feature","geometry":{"type":"Point","coordinates":[127.0104443,37.5648689]},"properties":{"feature":"metro","name":"","source_url":"https://www.openstreetmap.org/node/3403067507"}},{"type":"Feature","geometry":{"type":"Point","coordinates":[127.0063609,37.5641213]},"properties":{"feature":"metro","name":"","source_url":"https://www.openstreetmap.org/node/3403067508"}},{"type":"Feature","geometry":{"type":"Point","coordinates":[127.0042602,37.5648307]},"properties":{"feature":"metro","name":"","source_url":"https://www.openstreetmap.org/node/3403067509"}},{"type":"Feature","geometry":{"type":"Point","coordinates":[127.0037056,37.5646499]},"properties":{"feature":"metro","name":"","source_url":"https://www.openstreetmap.org/node/3403067510"}},{"type":"Feature","geometry":{"type":"Point","coordinates":[127.0074416,37.5657423]},"properties":{"feature":"metro","name":"","source_url":"https://www.openstreetmap.org/node/3403067511"}},{"type":"Feature","geometry":{"type":"Point","coordinates":[127.0073036,37.566006]},"properties":{"feature":"metro","name":"","source_url":"https://www.openstreetmap.org/node/3403067512"}},{"type":"Feature","geometry":{"type":"Point","coordinates":[126.9932394,37.5612907]},"properties":{"feature":"metro","name":"","source_url":"https://www.openstreetmap.org/node/3403067516"}},{"type":"Feature","geometry":{"type":"Point","coordinates":[126.993084,37.5613304]},"properties":{"feature":"metro","name":"","source_url":"https://www.openstreetmap.org/node/3403067517"}},{"type":"Feature","geometry":{"type":"Point","coordinates":[126.9929424,37.5611484]},"properties":{"feature":"metro","name":"","source_url":"https://www.openstreetmap.org/node/3403067518"}},{"type":"Feature","geometry":{"type":"Point","coordinates":[126.9929159,37.5609291]},"properties":{"feature":"metro","name":"","source_url":"https://www.openstreetmap.org/node/3403067519"}},{"type":"Feature","geometry":{"type":"Point","coordinates":[126.9934834,37.5609145]},"properties":{"feature":"metro","name":"","source_url":"https://www.openstreetmap.org/node/3403067520"}},{"type":"Feature","geometry":{"type":"Point","coordinates":[126.9956066,37.5616913]},"properties":{"feature":"metro","name":"","source_url":"https://www.openstreetmap.org/node/3403067521"}},{"type":"Feature","geometry":{"type":"Point","coordinates":[126.9954525,37.5613552]},"properties":{"feature":"metro","name":"","source_url":"https://www.openstreetmap.org/node/3403067522"}},{"type":"Feature","geometry":{"type":"Point","coordinates":[126.9949411,37.5612571]},"properties":{"feature":"metro","name":"","source_url":"https://www.openstreetmap.org/node/3403067523"}},{"type":"Feature","geometry":{"type":"Point","coordinates":[126.9873202,37.5611188]},"properties":{"feature":"metro","name":"","source_url":"https://www.openstreetmap.org/node/3403067524"}},{"type":"Feature","geometry":{"type":"Point","coordinates":[126.9878684,37.5611684]},"properties":{"feature":"metro","name":"","source_url":"https://www.openstreetmap.org/node/3403067525"}},{"type":"Feature","geometry":{"type":"Point","coordinates":[126.9872619,37.5608619]},"properties":{"feature":"metro","name":"","source_url":"https://www.openstreetmap.org/node/3403067526"}},{"type":"Feature","geometry":{"type":"Point","coordinates":[126.9858574,37.5609856]},"properties":{"feature":"metro","name":"","source_url":"https://www.openstreetmap.org/node/3403067527"}},{"type":"Feature","geometry":{"type":"Point","coordinates":[126.9854162,37.5609556]},"properties":{"feature":"metro","name":"","source_url":"https://www.openstreetmap.org/node/3403067528"}},{"type":"Feature","geometry":{"type":"Point","coordinates":[126.9858964,37.5607752]},"properties":{"feature":"metro","name":"","source_url":"https://www.openstreetmap.org/node/3403067529"}},{"type":"Feature","geometry":{"type":"Point","coordinates":[126.9854902,37.5607321]},"properties":{"feature":"metro","name":"","source_url":"https://www.openstreetmap.org/node/3403067530"}},{"type":"Feature","geometry":{"type":"Point","coordinates":[126.9847213,37.5608718]},"properties":{"feature":"metro","name":"","source_url":"https://www.openstreetmap.org/node/3403067531"}},{"type":"Feature","geometry":{"type":"Point","coordinates":[126.984915,37.5609256]},"properties":{"feature":"metro","name":"","source_url":"https://www.openstreetmap.org/node/3403067532"}},{"type":"Feature","geometry":{"type":"Point","coordinates":[126.9848244,37.5606753]},"properties":{"feature":"metro","name":"","source_url":"https://www.openstreetmap.org/node/3403067533"}},{"type":"Feature","geometry":{"type":"Point","coordinates":[126.9798359,37.5592389]},"properties":{"feature":"metro","name":"","source_url":"https://www.openstreetmap.org/node/3403067542"}},{"type":"Feature","geometry":{"type":"Point","coordinates":[126.9792715,37.5593979]},"properties":{"feature":"metro","name":"","source_url":"https://www.openstreetmap.org/node/3403067544"}},{"type":"Feature","geometry":{"type":"Point","coordinates":[126.9794376,37.5591192]},"properties":{"feature":"metro","name":"","source_url":"https://www.openstreetmap.org/node/3403067546"}},{"type":"Feature","geometry":{"type":"Point","coordinates":[126.9773346,37.5579631]},"properties":{"feature":"metro","name":"","source_url":"https://www.openstreetmap.org/node/3403067548"}},{"type":"Feature","geometry":{"type":"Point","coordinates":[126.9775039,37.5577715]},"properties":{"feature":"metro","name":"","source_url":"https://www.openstreetmap.org/node/3403067549"}},{"type":"Feature","geometry":{"type":"Point","coordinates":[126.9778901,37.5580171]},"properties":{"feature":"metro","name":"","source_url":"https://www.openstreetmap.org/node/3403067551"}},{"type":"Feature","geometry":{"type":"Point","coordinates":[126.9727395,37.5576617]},"properties":{"feature":"metro","name":"","source_url":"https://www.openstreetmap.org/node/3403067552"}},{"type":"Feature","geometry":{"type":"Point","coordinates":[126.9730606,37.5573942]},"properties":{"feature":"metro","name":"","source_url":"https://www.openstreetmap.org/node/3403067553"}},{"type":"Feature","geometry":{"type":"Point","coordinates":[126.9729825,37.5570631]},"properties":{"feature":"metro","name":"","source_url":"https://www.openstreetmap.org/node/3403067554"}},{"type":"Feature","geometry":{"type":"Point","coordinates":[126.9735882,37.5566525]},"properties":{"feature":"metro","name":"","source_url":"https://www.openstreetmap.org/node/3403067555"}},{"type":"Feature","geometry":{"type":"Point","coordinates":[126.9732636,37.5567434]},"properties":{"feature":"metro","name":"","source_url":"https://www.openstreetmap.org/node/3403067556"}},{"type":"Feature","geometry":{"type":"Point","coordinates":[126.9734463,37.5561548]},"properties":{"feature":"metro","name":"","source_url":"https://www.openstreetmap.org/node/3403067557"}},{"type":"Feature","geometry":{"type":"Point","coordinates":[126.9732615,37.5559318]},"properties":{"feature":"metro","name":"","source_url":"https://www.openstreetmap.org/node/3403067558"}},{"type":"Feature","geometry":{"type":"Point","coordinates":[126.972089,37.5562533]},"properties":{"feature":"metro","name":"","source_url":"https://www.openstreetmap.org/node/3403067559"}},{"type":"Feature","geometry":{"type":"Point","coordinates":[126.973764,37.5540661]},"properties":{"feature":"metro","name":"","source_url":"https://www.openstreetmap.org/node/3403067560"}},{"type":"Feature","geometry":{"type":"Point","coordinates":[126.9731169,37.5534432]},"properties":{"feature":"metro","name":"","source_url":"https://www.openstreetmap.org/node/3403067562"}},{"type":"Feature","geometry":{"type":"Point","coordinates":[126.9724576,37.5535727]},"properties":{"feature":"metro","name":"","source_url":"https://www.openstreetmap.org/node/3403067563"}},{"type":"Feature","geometry":{"type":"Point","coordinates":[126.9727341,37.5525112]},"properties":{"feature":"metro","name":"","source_url":"https://www.openstreetmap.org/node/3403067564"}},{"type":"Feature","geometry":{"type":"Point","coordinates":[126.9722992,37.5526333]},"properties":{"feature":"metro","name":"","source_url":"https://www.openstreetmap.org/node/3403067565"}},{"type":"Feature","geometry":{"type":"Point","coordinates":[126.9692775,37.5534566]},"properties":{"feature":"metro","name":"","source_url":"https://www.openstreetmap.org/node/3403067566"}},{"type":"Feature","geometry":{"type":"Point","coordinates":[126.9699116,37.5544913]},"properties":{"feature":"metro","name":"","source_url":"https://www.openstreetmap.org/node/3403067567"}},{"type":"Feature","geometry":{"type":"Point","coordinates":[126.9717037,37.5545364]},"properties":{"feature":"metro","name":"","source_url":"https://www.openstreetmap.org/node/3403067568"}},{"type":"Feature","geometry":{"type":"Point","coordinates":[126.9718629,37.5543653]},"properties":{"feature":"metro","name":"","source_url":"https://www.openstreetmap.org/node/3403067569"}},{"type":"Feature","geometry":{"type":"Point","coordinates":[126.97208,37.5454714]},"properties":{"feature":"metro","name":"","source_url":"https://www.openstreetmap.org/node/3403175953"}},{"type":"Feature","geometry":{"type":"Point","coordinates":[126.9722959,37.5452651]},"properties":{"feature":"metro","name":"","source_url":"https://www.openstreetmap.org/node/3403175954"}},{"type":"Feature","geometry":{"type":"Point","coordinates":[126.9723277,37.5449971]},"properties":{"feature":"metro","name":"","source_url":"https://www.openstreetmap.org/node/3403175955"}},{"type":"Feature","geometry":{"type":"Point","coordinates":[126.9722711,37.5447291]},"properties":{"feature":"metro","name":"","source_url":"https://www.openstreetmap.org/node/3403175956"}},{"type":"Feature","geometry":{"type":"Point","coordinates":[126.971703,37.5453699]},"properties":{"feature":"metro","name":"","source_url":"https://www.openstreetmap.org/node/3403175957"}},{"type":"Feature","geometry":{"type":"Point","coordinates":[126.9718818,37.5446828]},"properties":{"feature":"metro","name":"","source_url":"https://www.openstreetmap.org/node/3403175958"}},{"type":"Feature","geometry":{"type":"Point","coordinates":[126.9720322,37.5440571]},"properties":{"feature":"metro","name":"","source_url":"https://www.openstreetmap.org/node/3403175959"}},{"type":"Feature","geometry":{"type":"Point","coordinates":[126.9724206,37.5441417]},"properties":{"feature":"metro","name":"","source_url":"https://www.openstreetmap.org/node/3403175961"}},{"type":"Feature","geometry":{"type":"Point","coordinates":[126.9720974,37.5437307]},"properties":{"feature":"metro","name":"","source_url":"https://www.openstreetmap.org/node/3403175962"}},{"type":"Feature","geometry":{"type":"Point","coordinates":[126.9724999,37.5437968]},"properties":{"feature":"metro","name":"","source_url":"https://www.openstreetmap.org/node/3403175963"}},{"type":"Feature","geometry":{"type":"Point","coordinates":[126.9675535,37.5291193]},"properties":{"feature":"metro","name":"","source_url":"https://www.openstreetmap.org/node/3403175964"}},{"type":"Feature","geometry":{"type":"Point","coordinates":[126.9678915,37.5298329]},"properties":{"feature":"metro","name":"","source_url":"https://www.openstreetmap.org/node/3403175965"}},{"type":"Feature","geometry":{"type":"Point","coordinates":[126.9683946,37.5299709]},"properties":{"feature":"metro","name":"","source_url":"https://www.openstreetmap.org/node/3403175966"}},{"type":"Feature","geometry":{"type":"Point","coordinates":[126.9689219,37.5297426]},"properties":{"feature":"metro","name":"","source_url":"https://www.openstreetmap.org/node/3403175967"}},{"type":"Feature","geometry":{"type":"Point","coordinates":[126.96752,37.5284457]},"properties":{"feature":"metro","name":"","source_url":"https://www.openstreetmap.org/node/3403175968"}},{"type":"Feature","geometry":{"type":"Point","coordinates":[126.9669852,37.5284883]},"properties":{"feature":"metro","name":"","source_url":"https://www.openstreetmap.org/node/3403175969"}},{"type":"Feature","geometry":{"type":"Point","coordinates":[126.9733281,37.5228632]},"properties":{"feature":"metro","name":"","source_url":"https://www.openstreetmap.org/node/3403175973"}},{"type":"Feature","geometry":{"type":"Point","coordinates":[126.9734075,37.5225451]},"properties":{"feature":"metro","name":"","source_url":"https://www.openstreetmap.org/node/3403175974"}},{"type":"Feature","geometry":{"type":"Point","coordinates":[126.9756356,37.5221504]},"properties":{"feature":"metro","name":"","source_url":"https://www.openstreetmap.org/node/3403175975"}},{"type":"Feature","geometry":{"type":"Point","coordinates":[126.9754486,37.5219101]},"properties":{"feature":"metro","name":"","source_url":"https://www.openstreetmap.org/node/3403175976"}},{"type":"Feature","geometry":{"type":"Point","coordinates":[126.9734103,37.5222836]},"properties":{"feature":"metro","name":"","source_url":"https://www.openstreetmap.org/node/3403175978"}},{"type":"Feature","geometry":{"type":"Point","coordinates":[126.981981,37.4782536]},"properties":{"feature":"metro","name":"","source_url":"https://www.openstreetmap.org/node/3403175979"}},{"type":"Feature","geometry":{"type":"Point","coordinates":[126.9815413,37.4782744]},"properties":{"feature":"metro","name":"","source_url":"https://www.openstreetmap.org/node/3403175980"}},{"type":"Feature","geometry":{"type":"Point","coordinates":[126.9819379,37.4777793]},"properties":{"feature":"metro","name":"","source_url":"https://www.openstreetmap.org/node/3403175981"}},{"type":"Feature","geometry":{"type":"Point","coordinates":[126.981515,37.477738]},"properties":{"feature":"metro","name":"","source_url":"https://www.openstreetmap.org/node/3403175982"}},{"type":"Feature","geometry":{"type":"Point","coordinates":[126.9820242,37.4770237]},"properties":{"feature":"metro","name":"","source_url":"https://www.openstreetmap.org/node/3403175983"}},{"type":"Feature","geometry":{"type":"Point","coordinates":[126.9823877,37.4766888]},"properties":{"feature":"metro","name":"","source_url":"https://www.openstreetmap.org/node/3403175984"}},{"type":"Feature","geometry":{"type":"Point","coordinates":[126.981257,37.4770849]},"properties":{"feature":"metro","name":"","source_url":"https://www.openstreetmap.org/node/3403175985"}},{"type":"Feature","geometry":{"type":"Point","coordinates":[126.9809119,37.4768404]},"properties":{"feature":"metro","name":"","source_url":"https://www.openstreetmap.org/node/3403175986"}},{"type":"Feature","geometry":{"type":"Point","coordinates":[126.980863,37.4763831]},"properties":{"feature":"metro","name":"","source_url":"https://www.openstreetmap.org/node/3403175987"}},{"type":"Feature","geometry":{"type":"Point","coordinates":[126.9811892,37.4760897]},"properties":{"feature":"metro","name":"","source_url":"https://www.openstreetmap.org/node/3403175988"}},{"type":"Feature","geometry":{"type":"Point","coordinates":[126.9823015,37.476234]},"properties":{"feature":"metro","name":"","source_url":"https://www.openstreetmap.org/node/3403175989"}},{"type":"Feature","geometry":{"type":"Point","coordinates":[126.9819071,37.4759626]},"properties":{"feature":"metro","name":"","source_url":"https://www.openstreetmap.org/node/3403175990"}},{"type":"Feature","geometry":{"type":"Point","coordinates":[126.9819927,37.4751246]},"properties":{"feature":"metro","name":"","source_url":"https://www.openstreetmap.org/node/3403175991"}},{"type":"Feature","geometry":{"type":"Point","coordinates":[126.9814788,37.475119]},"properties":{"feature":"metro","name":"","source_url":"https://www.openstreetmap.org/node/3403175992"}},{"type":"Feature","geometry":{"type":"Point","coordinates":[126.9891808,37.4649087]},"properties":{"feature":"metro","name":"","source_url":"https://www.openstreetmap.org/node/3403176393"}},{"type":"Feature","geometry":{"type":"Point","coordinates":[126.9885023,37.4643972]},"properties":{"feature":"metro","name":"","source_url":"https://www.openstreetmap.org/node/3403176394"}},{"type":"Feature","geometry":{"type":"Point","coordinates":[126.988086,37.4643871]},"properties":{"feature":"metro","name":"","source_url":"https://www.openstreetmap.org/node/3403176395"}},{"type":"Feature","geometry":{"type":"Point","coordinates":[126.9880541,37.4648028]},"properties":{"feature":"metro","name":"","source_url":"https://www.openstreetmap.org/node/3403176396"}},{"type":"Feature","geometry":{"type":"Point","coordinates":[127.0012585,37.4523786]},"properties":{"feature":"metro","name":"","source_url":"https://www.openstreetmap.org/node/3403176397"}},{"type":"Feature","geometry":{"type":"Point","coordinates":[127.0009887,37.4521205]},"properties":{"feature":"metro","name":"","source_url":"https://www.openstreetmap.org/node/3403176398"}},{"type":"Feature","geometry":{"type":"Point","coordinates":[127.0013179,37.4518592]},"properties":{"feature":"metro","name":"","source_url":"https://www.openstreetmap.org/node/3403176399"}},{"type":"Feature","geometry":{"type":"Point","coordinates":[127.0029955,37.4510046]},"properties":{"feature":"metro","name":"","source_url":"https://www.openstreetmap.org/node/3403176400"}},{"type":"Feature","geometry":{"type":"Point","coordinates":[127.002755,37.4513642]},"properties":{"feature":"metro","name":"","source_url":"https://www.openstreetmap.org/node/3403176401"}},{"type":"Feature","geometry":{"type":"Point","coordinates":[127.00272,37.450771]},"properties":{"feature":"metro","name":"","source_url":"https://www.openstreetmap.org/node/3403176402"}},{"type":"Feature","geometry":{"type":"Point","coordinates":[127.0078028,37.4445835]},"properties":{"feature":"metro","name":"","source_url":"https://www.openstreetmap.org/node/3403176403"}},{"type":"Feature","geometry":{"type":"Point","coordinates":[127.008071,37.4441108]},"properties":{"feature":"metro","name":"","source_url":"https://www.openstreetmap.org/node/3403176404"}},{"type":"Feature","geometry":{"type":"Point","coordinates":[127.0073595,37.4443688]},"properties":{"feature":"metro","name":"","source_url":"https://www.openstreetmap.org/node/3403176405"}},{"type":"Feature","geometry":{"type":"Point","coordinates":[127.0081849,37.443654]},"properties":{"feature":"metro","name":"","source_url":"https://www.openstreetmap.org/node/3403176406"}},{"type":"Feature","geometry":{"type":"Point","coordinates":[127.008188,37.4433629]},"properties":{"feature":"metro","name":"","source_url":"https://www.openstreetmap.org/node/3403176407"}},{"type":"Feature","geometry":{"type":"Point","coordinates":[127.0077291,37.4433368]},"properties":{"feature":"metro","name":"","source_url":"https://www.openstreetmap.org/node/3403176408"}},{"type":"Feature","geometry":{"type":"Point","coordinates":[127.0071679,37.4358417]},"properties":{"feature":"metro","name":"","source_url":"https://www.openstreetmap.org/node/3403176409"}},{"type":"Feature","geometry":{"type":"Point","coordinates":[127.0063955,37.4364388]},"properties":{"feature":"metro","name":"","source_url":"https://www.openstreetmap.org/node/3403176410"}},{"type":"Feature","geometry":{"type":"Point","coordinates":[127.006954,37.4355384]},"properties":{"feature":"metro","name":"","source_url":"https://www.openstreetmap.org/node/3403176411"}},{"type":"Feature","geometry":{"type":"Point","coordinates":[127.0066853,37.4352593]},"properties":{"feature":"metro","name":"","source_url":"https://www.openstreetmap.org/node/3403176412"}},{"type":"Feature","geometry":{"type":"Point","coordinates":[126.9977361,37.4334507]},"properties":{"feature":"metro","name":"","source_url":"https://www.openstreetmap.org/node/3403176414"}},{"type":"Feature","geometry":{"type":"Point","coordinates":[126.9979353,37.4336234]},"properties":{"feature":"metro","name":"","source_url":"https://www.openstreetmap.org/node/3403176415"}},{"type":"Feature","geometry":{"type":"Point","coordinates":[126.9986368,37.4330598]},"properties":{"feature":"metro","name":"","source_url":"https://www.openstreetmap.org/node/3403176416"}},{"type":"Feature","geometry":{"type":"Point","coordinates":[126.9983154,37.432684]},"properties":{"feature":"metro","name":"","source_url":"https://www.openstreetmap.org/node/3403176417"}},{"type":"Feature","geometry":{"type":"Point","coordinates":[126.996023,37.4322306]},"properties":{"feature":"metro","name":"","source_url":"https://www.openstreetmap.org/node/3403176418"}},{"type":"Feature","geometry":{"type":"Point","coordinates":[126.9947398,37.4322627]},"properties":{"feature":"metro","name":"","source_url":"https://www.openstreetmap.org/node/3403176419"}},{"type":"Feature","geometry":{"type":"Point","coordinates":[126.994879,37.4316235]},"properties":{"feature":"metro","name":"","source_url":"https://www.openstreetmap.org/node/3403176420"}},{"type":"Feature","geometry":{"type":"Point","coordinates":[126.9902918,37.4269447]},"properties":{"feature":"metro","name":"","source_url":"https://www.openstreetmap.org/node/3403176421"}},{"type":"Feature","geometry":{"type":"Point","coordinates":[126.9905044,37.426722]},"properties":{"feature":"metro","name":"","source_url":"https://www.openstreetmap.org/node/3403176422"}},{"type":"Feature","geometry":{"type":"Point","coordinates":[126.9908819,37.4271783]},"properties":{"feature":"metro","name":"","source_url":"https://www.openstreetmap.org/node/3403176423"}},{"type":"Feature","geometry":{"type":"Point","coordinates":[126.9905584,37.4280665]},"properties":{"feature":"metro","name":"","source_url":"https://www.openstreetmap.org/node/3403176424"}},{"type":"Feature","geometry":{"type":"Point","coordinates":[126.9911376,37.4280873]},"properties":{"feature":"metro","name":"","source_url":"https://www.openstreetmap.org/node/3403176425"}},{"type":"Feature","geometry":{"type":"Point","coordinates":[126.9895441,37.4260381]},"properties":{"feature":"metro","name":"","source_url":"https://www.openstreetmap.org/node/3403176426"}},{"type":"Feature","geometry":{"type":"Point","coordinates":[126.9888729,37.4262847]},"properties":{"feature":"metro","name":"","source_url":"https://www.openstreetmap.org/node/3403176427"}},{"type":"Feature","geometry":{"type":"Point","coordinates":[126.9886358,37.4260304]},"properties":{"feature":"metro","name":"","source_url":"https://www.openstreetmap.org/node/3403176428"}},{"type":"Feature","geometry":{"type":"Point","coordinates":[126.989212,37.4254187]},"properties":{"feature":"metro","name":"","source_url":"https://www.openstreetmap.org/node/3403176429"}},{"type":"Feature","geometry":{"type":"Point","coordinates":[126.9894853,37.4252454]},"properties":{"feature":"metro","name":"","source_url":"https://www.openstreetmap.org/node/3403176430"}},{"type":"Feature","geometry":{"type":"Point","coordinates":[126.9897462,37.4258092]},"properties":{"feature":"metro","name":"","source_url":"https://www.openstreetmap.org/node/3403176431"}},{"type":"Feature","geometry":{"type":"Point","coordinates":[126.9772144,37.4021297]},"properties":{"feature":"metro","name":"","source_url":"https://www.openstreetmap.org/node/3403176432"}},{"type":"Feature","geometry":{"type":"Point","coordinates":[126.9773807,37.4012348]},"properties":{"feature":"metro","name":"","source_url":"https://www.openstreetmap.org/node/3403176433"}},{"type":"Feature","geometry":{"type":"Point","coordinates":[126.9771045,37.4009983]},"properties":{"feature":"metro","name":"","source_url":"https://www.openstreetmap.org/node/3403176434"}},{"type":"Feature","geometry":{"type":"Point","coordinates":[126.9764098,37.40096]},"properties":{"feature":"metro","name":"","source_url":"https://www.openstreetmap.org/node/3403176435"}},{"type":"Feature","geometry":{"type":"Point","coordinates":[126.9763642,37.4015672]},"properties":{"feature":"metro","name":"","source_url":"https://www.openstreetmap.org/node/3403176436"}},{"type":"Feature","geometry":{"type":"Point","coordinates":[126.9762408,37.4020381]},"properties":{"feature":"metro","name":"","source_url":"https://www.openstreetmap.org/node/3403176437"}},{"type":"Feature","geometry":{"type":"Point","coordinates":[126.9757768,37.402509]},"properties":{"feature":"metro","name":"","source_url":"https://www.openstreetmap.org/node/3403176438"}},{"type":"Feature","geometry":{"type":"Point","coordinates":[126.9760906,37.4028819]},"properties":{"feature":"metro","name":"","source_url":"https://www.openstreetmap.org/node/3403176439"}},{"type":"Feature","geometry":{"type":"Point","coordinates":[126.9646443,37.3948319]},"properties":{"feature":"metro","name":"","source_url":"https://www.openstreetmap.org/node/3403188123"}},{"type":"Feature","geometry":{"type":"Point","coordinates":[126.9649496,37.394097]},"properties":{"feature":"metro","name":"","source_url":"https://www.openstreetmap.org/node/3403188124"}},{"type":"Feature","geometry":{"type":"Point","coordinates":[126.9636366,37.3944199]},"properties":{"feature":"metro","name":"","source_url":"https://www.openstreetmap.org/node/3403188125"}},{"type":"Feature","geometry":{"type":"Point","coordinates":[126.9638075,37.3941157]},"properties":{"feature":"metro","name":"","source_url":"https://www.openstreetmap.org/node/3403188126"}},{"type":"Feature","geometry":{"type":"Point","coordinates":[126.9515644,37.3902901]},"properties":{"feature":"metro","name":"","source_url":"https://www.openstreetmap.org/node/3403188127"}},{"type":"Feature","geometry":{"type":"Point","coordinates":[126.9518335,37.3902101]},"properties":{"feature":"metro","name":"","source_url":"https://www.openstreetmap.org/node/3403188128"}},{"type":"Feature","geometry":{"type":"Point","coordinates":[126.9518121,37.3897721]},"properties":{"feature":"metro","name":"","source_url":"https://www.openstreetmap.org/node/3403188129"}},{"type":"Feature","geometry":{"type":"Point","coordinates":[126.9512366,37.3900579]},"properties":{"feature":"metro","name":"","source_url":"https://www.openstreetmap.org/node/3403188130"}},{"type":"Feature","geometry":{"type":"Point","coordinates":[126.9512264,37.3896056]},"properties":{"feature":"metro","name":"","source_url":"https://www.openstreetmap.org/node/3403188131"}},{"type":"Feature","geometry":{"type":"Point","coordinates":[126.9500344,37.3891609]},"properties":{"feature":"metro","name":"","source_url":"https://www.openstreetmap.org/node/3403188134"}},{"type":"Feature","geometry":{"type":"Point","coordinates":[126.9502471,37.3893684]},"properties":{"feature":"metro","name":"","source_url":"https://www.openstreetmap.org/node/3403188135"}},{"type":"Feature","geometry":{"type":"Point","coordinates":[126.9439105,37.3720435]},"properties":{"feature":"metro","name":"","source_url":"https://www.openstreetmap.org/node/3403188136"}},{"type":"Feature","geometry":{"type":"Point","coordinates":[126.9441119,37.3716339]},"properties":{"feature":"metro","name":"","source_url":"https://www.openstreetmap.org/node/3403188137"}},{"type":"Feature","geometry":{"type":"Point","coordinates":[126.9434599,37.3714289]},"properties":{"feature":"metro","name":"","source_url":"https://www.openstreetmap.org/node/3403188138"}},{"type":"Feature","geometry":{"type":"Point","coordinates":[126.9431399,37.3713532]},"properties":{"feature":"metro","name":"","source_url":"https://www.openstreetmap.org/node/3403188139"}},{"type":"Feature","geometry":{"type":"Point","coordinates":[126.9429588,37.3717425]},"properties":{"feature":"metro","name":"","source_url":"https://www.openstreetmap.org/node/3403188140"}},{"type":"Feature","geometry":{"type":"Point","coordinates":[126.9423762,37.372336]},"properties":{"feature":"metro","name":"","source_url":"https://www.openstreetmap.org/node/3403188141"}},{"type":"Feature","geometry":{"type":"Point","coordinates":[126.9424785,37.3726356]},"properties":{"feature":"metro","name":"","source_url":"https://www.openstreetmap.org/node/3403188142"}},{"type":"Feature","geometry":{"type":"Point","coordinates":[126.9428229,37.3727573]},"properties":{"feature":"metro","name":"","source_url":"https://www.openstreetmap.org/node/3403188143"}},{"type":"Feature","geometry":{"type":"Point","coordinates":[127.0075015,37.5661973]},"properties":{"feature":"metro","name":"","source_url":"https://www.openstreetmap.org/node/3403188371"}},{"type":"Feature","geometry":{"type":"Point","coordinates":[127.0078073,37.5664525]},"properties":{"feature":"metro","name":"","source_url":"https://www.openstreetmap.org/node/3403188372"}},{"type":"Feature","geometry":{"type":"Point","coordinates":[126.9984221,37.5670361]},"properties":{"feature":"metro","name":"","source_url":"https://www.openstreetmap.org/node/3403193487"}},{"type":"Feature","geometry":{"type":"Point","coordinates":[126.9987501,37.5668116]},"properties":{"feature":"metro","name":"","source_url":"https://www.openstreetmap.org/node/3403193488"}},{"type":"Feature","geometry":{"type":"Point","coordinates":[126.997788,37.5669794]},"properties":{"feature":"metro","name":"","source_url":"https://www.openstreetmap.org/node/3403193489"}},{"type":"Feature","geometry":{"type":"Point","coordinates":[126.9975158,37.5667476]},"properties":{"feature":"metro","name":"","source_url":"https://www.openstreetmap.org/node/3403193490"}},{"type":"Feature","geometry":{"type":"Point","coordinates":[126.9987222,37.5664704]},"properties":{"feature":"metro","name":"","source_url":"https://www.openstreetmap.org/node/3403193491"}},{"type":"Feature","geometry":{"type":"Point","coordinates":[126.9984426,37.5662273]},"properties":{"feature":"metro","name":"","source_url":"https://www.openstreetmap.org/node/3403193492"}},{"type":"Feature","geometry":{"type":"Point","coordinates":[126.9978001,37.5663923]},"properties":{"feature":"metro","name":"","source_url":"https://www.openstreetmap.org/node/3403193693"}},{"type":"Feature","geometry":{"type":"Point","coordinates":[126.9973733,37.5664325]},"properties":{"feature":"metro","name":"","source_url":"https://www.openstreetmap.org/node/3403193694"}},{"type":"Feature","geometry":{"type":"Point","coordinates":[126.9981347,37.567797]},"properties":{"feature":"metro","name":"","source_url":"https://www.openstreetmap.org/node/3403193695"}},{"type":"Feature","geometry":{"type":"Point","coordinates":[126.9979654,37.5677875]},"properties":{"feature":"metro","name":"","source_url":"https://www.openstreetmap.org/node/3403193696"}},{"type":"Feature","geometry":{"type":"Point","coordinates":[126.9775669,37.5712694]},"properties":{"feature":"metro","name":"","source_url":"https://www.openstreetmap.org/node/3403193749"}},{"type":"Feature","geometry":{"type":"Point","coordinates":[126.9774533,37.5707041]},"properties":{"feature":"metro","name":"","source_url":"https://www.openstreetmap.org/node/3403193750"}},{"type":"Feature","geometry":{"type":"Point","coordinates":[126.9774219,37.5698233]},"properties":{"feature":"metro","name":"","source_url":"https://www.openstreetmap.org/node/3403193751"}},{"type":"Feature","geometry":{"type":"Point","coordinates":[126.9766147,37.5697957]},"properties":{"feature":"metro","name":"","source_url":"https://www.openstreetmap.org/node/3403193752"}},{"type":"Feature","geometry":{"type":"Point","coordinates":[126.9765102,37.5704724]},"properties":{"feature":"metro","name":"","source_url":"https://www.openstreetmap.org/node/3403193753"}},{"type":"Feature","geometry":{"type":"Point","coordinates":[126.9748938,37.5718764]},"properties":{"feature":"metro","name":"","source_url":"https://www.openstreetmap.org/node/3403193754"}},{"type":"Feature","geometry":{"type":"Point","coordinates":[126.9751526,37.5717149]},"properties":{"feature":"metro","name":"","source_url":"https://www.openstreetmap.org/node/3403193755"}},{"type":"Feature","geometry":{"type":"Point","coordinates":[126.9921683,37.5711678]},"properties":{"feature":"metro","name":"","source_url":"https://www.openstreetmap.org/node/3403195781"}},{"type":"Feature","geometry":{"type":"Point","coordinates":[126.9919084,37.5708473]},"properties":{"feature":"metro","name":"","source_url":"https://www.openstreetmap.org/node/3403195782"}},{"type":"Feature","geometry":{"type":"Point","coordinates":[126.9924936,37.5706273]},"properties":{"feature":"metro","name":"","source_url":"https://www.openstreetmap.org/node/3403195783"}},{"type":"Feature","geometry":{"type":"Point","coordinates":[126.9927415,37.570639]},"properties":{"feature":"metro","name":"","source_url":"https://www.openstreetmap.org/node/3403195784"}},{"type":"Feature","geometry":{"type":"Point","coordinates":[126.9925141,37.5703601]},"properties":{"feature":"metro","name":"","source_url":"https://www.openstreetmap.org/node/3403195785"}},{"type":"Feature","geometry":{"type":"Point","coordinates":[126.9927696,37.5703684]},"properties":{"feature":"metro","name":"","source_url":"https://www.openstreetmap.org/node/3403195786"}},{"type":"Feature","geometry":{"type":"Point","coordinates":[126.9913472,37.570553]},"properties":{"feature":"metro","name":"","source_url":"https://www.openstreetmap.org/node/3403195787"}},{"type":"Feature","geometry":{"type":"Point","coordinates":[126.9917621,37.5705774]},"properties":{"feature":"metro","name":"","source_url":"https://www.openstreetmap.org/node/3403195788"}},{"type":"Feature","geometry":{"type":"Point","coordinates":[126.991404,37.5702253]},"properties":{"feature":"metro","name":"","source_url":"https://www.openstreetmap.org/node/3403195789"}},{"type":"Feature","geometry":{"type":"Point","coordinates":[126.9918044,37.5702543]},"properties":{"feature":"metro","name":"","source_url":"https://www.openstreetmap.org/node/3403195790"}},{"type":"Feature","geometry":{"type":"Point","coordinates":[126.9895583,37.5724618]},"properties":{"feature":"metro","name":"","source_url":"https://www.openstreetmap.org/node/3403195791"}},{"type":"Feature","geometry":{"type":"Point","coordinates":[126.988889,37.5724679]},"properties":{"feature":"metro","name":"","source_url":"https://www.openstreetmap.org/node/3403195792"}},{"type":"Feature","geometry":{"type":"Point","coordinates":[126.9671966,37.5659815]},"properties":{"feature":"metro","name":"","source_url":"https://www.openstreetmap.org/node/3403203394"}},{"type":"Feature","geometry":{"type":"Point","coordinates":[126.9671743,37.565657]},"properties":{"feature":"metro","name":"","source_url":"https://www.openstreetmap.org/node/3403203395"}},{"type":"Feature","geometry":{"type":"Point","coordinates":[126.9661598,37.5659835]},"properties":{"feature":"metro","name":"","source_url":"https://www.openstreetmap.org/node/3403203396"}},{"type":"Feature","geometry":{"type":"Point","coordinates":[126.9662189,37.5655324]},"properties":{"feature":"metro","name":"","source_url":"https://www.openstreetmap.org/node/3403203397"}},{"type":"Feature","geometry":{"type":"Point","coordinates":[126.9666954,37.5663608]},"properties":{"feature":"metro","name":"","source_url":"https://www.openstreetmap.org/node/3403203398"}},{"type":"Feature","geometry":{"type":"Point","coordinates":[126.9669472,37.566407]},"properties":{"feature":"metro","name":"","source_url":"https://www.openstreetmap.org/node/3403203399"}},{"type":"Feature","geometry":{"type":"Point","coordinates":[126.9665583,37.5652887]},"properties":{"feature":"metro","name":"","source_url":"https://www.openstreetmap.org/node/3403203400"}},{"type":"Feature","geometry":{"type":"Point","coordinates":[126.9668721,37.5653249]},"properties":{"feature":"metro","name":"","source_url":"https://www.openstreetmap.org/node/3403203401"}},{"type":"Feature","geometry":{"type":"Point","coordinates":[126.9637785,37.5595264]},"properties":{"feature":"metro","name":"","source_url":"https://www.openstreetmap.org/node/3403209014"}},{"type":"Feature","geometry":{"type":"Point","coordinates":[126.9634776,37.5590285]},"properties":{"feature":"metro","name":"","source_url":"https://www.openstreetmap.org/node/3403209015"}},{"type":"Feature","geometry":{"type":"Point","coordinates":[126.9637894,37.5590206]},"properties":{"feature":"metro","name":"","source_url":"https://www.openstreetmap.org/node/3403209016"}},{"type":"Feature","geometry":{"type":"Point","coordinates":[126.962165,37.5597328]},"properties":{"feature":"metro","name":"","source_url":"https://www.openstreetmap.org/node/3403209017"}},{"type":"Feature","geometry":{"type":"Point","coordinates":[126.9628172,37.5596876]},"properties":{"feature":"metro","name":"","source_url":"https://www.openstreetmap.org/node/3403209018"}},{"type":"Feature","geometry":{"type":"Point","coordinates":[126.9633443,37.5606554]},"properties":{"feature":"metro","name":"","source_url":"https://www.openstreetmap.org/node/3403209019"}},{"type":"Feature","geometry":{"type":"Point","coordinates":[126.9628946,37.5606346]},"properties":{"feature":"metro","name":"","source_url":"https://www.openstreetmap.org/node/3403209020"}},{"type":"Feature","geometry":{"type":"Point","coordinates":[126.9563948,37.5532952]},"properties":{"feature":"metro","name":"","source_url":"https://www.openstreetmap.org/node/3403210159"}},{"type":"Feature","geometry":{"type":"Point","coordinates":[126.9565026,37.5535664]},"properties":{"feature":"metro","name":"","source_url":"https://www.openstreetmap.org/node/3403210160"}},{"type":"Feature","geometry":{"type":"Point","coordinates":[126.9567878,37.5532517]},"properties":{"feature":"metro","name":"","source_url":"https://www.openstreetmap.org/node/3403210161"}},{"type":"Feature","geometry":{"type":"Point","coordinates":[126.9566456,37.552955]},"properties":{"feature":"metro","name":"","source_url":"https://www.openstreetmap.org/node/3403210162"}},{"type":"Feature","geometry":{"type":"Point","coordinates":[126.9461181,37.5400051]},"properties":{"feature":"metro","name":"","source_url":"https://www.openstreetmap.org/node/3403218762"}},{"type":"Feature","geometry":{"type":"Point","coordinates":[126.9453801,37.5395519]},"properties":{"feature":"metro","name":"","source_url":"https://www.openstreetmap.org/node/3403218763"}},{"type":"Feature","geometry":{"type":"Point","coordinates":[126.9328776,37.5267199]},"properties":{"feature":"metro","name":"","source_url":"https://www.openstreetmap.org/node/3403232528"}},{"type":"Feature","geometry":{"type":"Point","coordinates":[126.932426,37.5270678]},"properties":{"feature":"metro","name":"","source_url":"https://www.openstreetmap.org/node/3403232529"}},{"type":"Feature","geometry":{"type":"Point","coordinates":[126.9322458,37.5269648]},"properties":{"feature":"metro","name":"","source_url":"https://www.openstreetmap.org/node/3403232530"}},{"type":"Feature","geometry":{"type":"Point","coordinates":[126.9327577,37.5265718]},"properties":{"feature":"metro","name":"","source_url":"https://www.openstreetmap.org/node/3403232531"}},{"type":"Feature","geometry":{"type":"Point","coordinates":[126.9335929,37.3583319]},"properties":{"feature":"metro","name":"","source_url":"https://www.openstreetmap.org/node/3403270352"}},{"type":"Feature","geometry":{"type":"Point","coordinates":[126.932343,37.3577148]},"properties":{"feature":"metro","name":"","source_url":"https://www.openstreetmap.org/node/3403270353"}},{"type":"Feature","geometry":{"type":"Point","coordinates":[126.925329,37.3503082]},"properties":{"feature":"metro","name":"","source_url":"https://www.openstreetmap.org/node/3403270356"}},{"type":"Feature","geometry":{"type":"Point","coordinates":[126.9253994,37.3505296]},"properties":{"feature":"metro","name":"","source_url":"https://www.openstreetmap.org/node/3403270357"}},{"type":"Feature","geometry":{"type":"Point","coordinates":[126.7428722,37.3519669]},"properties":{"feature":"metro","name":"","source_url":"https://www.openstreetmap.org/node/3403277120"}},{"type":"Feature","geometry":{"type":"Point","coordinates":[126.7427421,37.35171]},"properties":{"feature":"metro","name":"","source_url":"https://www.openstreetmap.org/node/3403277121"}},{"type":"Feature","geometry":{"type":"Point","coordinates":[126.7381324,37.3618501]},"properties":{"feature":"metro","name":"","source_url":"https://www.openstreetmap.org/node/3403277122"}},{"type":"Feature","geometry":{"type":"Point","coordinates":[126.7383345,37.3623092]},"properties":{"feature":"metro","name":"","source_url":"https://www.openstreetmap.org/node/3403277123"}},{"type":"Feature","geometry":{"type":"Point","coordinates":[126.7388885,37.3622203]},"properties":{"feature":"metro","name":"","source_url":"https://www.openstreetmap.org/node/3403277124"}},{"type":"Feature","geometry":{"type":"Point","coordinates":[126.9170978,37.5168387]},"properties":{"feature":"metro","name":"","source_url":"https://www.openstreetmap.org/node/3403303793"}},{"type":"Feature","geometry":{"type":"Point","coordinates":[126.9169454,37.5171422]},"properties":{"feature":"metro","name":"","source_url":"https://www.openstreetmap.org/node/3403303794"}},{"type":"Feature","geometry":{"type":"Point","coordinates":[126.9144052,37.5177394]},"properties":{"feature":"metro","name":"","source_url":"https://www.openstreetmap.org/node/3403306867"}},{"type":"Feature","geometry":{"type":"Point","coordinates":[126.9050667,37.5228967]},"properties":{"feature":"metro","name":"","source_url":"https://www.openstreetmap.org/node/3403311593"}},{"type":"Feature","geometry":{"type":"Point","coordinates":[126.9052474,37.5229656]},"properties":{"feature":"metro","name":"","source_url":"https://www.openstreetmap.org/node/3403311594"}},{"type":"Feature","geometry":{"type":"Point","coordinates":[126.9052111,37.522529]},"properties":{"feature":"metro","name":"","source_url":"https://www.openstreetmap.org/node/3403311595"}},{"type":"Feature","geometry":{"type":"Point","coordinates":[126.9049854,37.52257]},"properties":{"feature":"metro","name":"","source_url":"https://www.openstreetmap.org/node/3403311596"}},{"type":"Feature","geometry":{"type":"Point","coordinates":[126.8960947,37.5245129]},"properties":{"feature":"metro","name":"","source_url":"https://www.openstreetmap.org/node/3403318811"}},{"type":"Feature","geometry":{"type":"Point","coordinates":[126.8962393,37.5247771]},"properties":{"feature":"metro","name":"","source_url":"https://www.openstreetmap.org/node/3403318812"}},{"type":"Feature","geometry":{"type":"Point","coordinates":[126.8965792,37.5247487]},"properties":{"feature":"metro","name":"","source_url":"https://www.openstreetmap.org/node/3403318813"}},{"type":"Feature","geometry":{"type":"Point","coordinates":[126.8964951,37.5259182]},"properties":{"feature":"metro","name":"","source_url":"https://www.openstreetmap.org/node/3403318814"}},{"type":"Feature","geometry":{"type":"Point","coordinates":[126.8967693,37.5267466]},"properties":{"feature":"metro","name":"","source_url":"https://www.openstreetmap.org/node/3403318815"}},{"type":"Feature","geometry":{"type":"Point","coordinates":[126.8971051,37.5267246]},"properties":{"feature":"metro","name":"","source_url":"https://www.openstreetmap.org/node/3403318816"}},{"type":"Feature","geometry":{"type":"Point","coordinates":[126.8860954,37.5254108]},"properties":{"feature":"metro","name":"","source_url":"https://www.openstreetmap.org/node/3403327408"}},{"type":"Feature","geometry":{"type":"Point","coordinates":[126.8860365,37.5257276]},"properties":{"feature":"metro","name":"","source_url":"https://www.openstreetmap.org/node/3403327409"}},{"type":"Feature","geometry":{"type":"Point","coordinates":[126.8761056,37.5247127]},"properties":{"feature":"metro","name":"","source_url":"https://www.openstreetmap.org/node/3403358372"}},{"type":"Feature","geometry":{"type":"Point","coordinates":[126.8765263,37.5246966]},"properties":{"feature":"metro","name":"","source_url":"https://www.openstreetmap.org/node/3403358373"}},{"type":"Feature","geometry":{"type":"Point","coordinates":[126.8765365,37.5241936]},"properties":{"feature":"metro","name":"","source_url":"https://www.openstreetmap.org/node/3403358374"}},{"type":"Feature","geometry":{"type":"Point","coordinates":[126.8759428,37.5240231]},"properties":{"feature":"metro","name":"","source_url":"https://www.openstreetmap.org/node/3403358375"}},{"type":"Feature","geometry":{"type":"Point","coordinates":[126.8757027,37.5241135]},"properties":{"feature":"metro","name":"","source_url":"https://www.openstreetmap.org/node/3403358376"}},{"type":"Feature","geometry":{"type":"Point","coordinates":[126.8739334,37.5248921]},"properties":{"feature":"metro","name":"","source_url":"https://www.openstreetmap.org/node/3403358377"}},{"type":"Feature","geometry":{"type":"Point","coordinates":[126.8736852,37.5245856]},"properties":{"feature":"metro","name":"","source_url":"https://www.openstreetmap.org/node/3403358378"}},{"type":"Feature","geometry":{"type":"Point","coordinates":[126.8739114,37.5260084]},"properties":{"feature":"metro","name":"","source_url":"https://www.openstreetmap.org/node/3403358379"}},{"type":"Feature","geometry":{"type":"Point","coordinates":[126.8646624,37.5263806]},"properties":{"feature":"metro","name":"","source_url":"https://www.openstreetmap.org/node/3403371158"}},{"type":"Feature","geometry":{"type":"Point","coordinates":[126.8645013,37.5265343]},"properties":{"feature":"metro","name":"","source_url":"https://www.openstreetmap.org/node/3403371159"}},{"type":"Feature","geometry":{"type":"Point","coordinates":[126.8641034,37.5264286]},"properties":{"feature":"metro","name":"","source_url":"https://www.openstreetmap.org/node/3403371160"}},{"type":"Feature","geometry":{"type":"Point","coordinates":[126.8649164,37.5258129]},"properties":{"feature":"metro","name":"","source_url":"https://www.openstreetmap.org/node/3403371161"}},{"type":"Feature","geometry":{"type":"Point","coordinates":[126.8647171,37.5255832]},"properties":{"feature":"metro","name":"","source_url":"https://www.openstreetmap.org/node/3403371162"}},{"type":"Feature","geometry":{"type":"Point","coordinates":[126.8642655,37.5257306]},"properties":{"feature":"metro","name":"","source_url":"https://www.openstreetmap.org/node/3403371163"}},{"type":"Feature","geometry":{"type":"Point","coordinates":[126.8635323,37.526175]},"properties":{"feature":"metro","name":"","source_url":"https://www.openstreetmap.org/node/3403371164"}},{"type":"Feature","geometry":{"type":"Point","coordinates":[126.8575412,37.5253057]},"properties":{"feature":"metro","name":"","source_url":"https://www.openstreetmap.org/node/3403399095"}},{"type":"Feature","geometry":{"type":"Point","coordinates":[126.8575803,37.525141]},"properties":{"feature":"metro","name":"","source_url":"https://www.openstreetmap.org/node/3403399096"}},{"type":"Feature","geometry":{"type":"Point","coordinates":[126.8545084,37.5248762]},"properties":{"feature":"metro","name":"","source_url":"https://www.openstreetmap.org/node/3403399097"}},{"type":"Feature","geometry":{"type":"Point","coordinates":[126.8546609,37.5247399]},"properties":{"feature":"metro","name":"","source_url":"https://www.openstreetmap.org/node/3403399098"}},{"type":"Feature","geometry":{"type":"Point","coordinates":[126.8549987,37.5247793]},"properties":{"feature":"metro","name":"","source_url":"https://www.openstreetmap.org/node/3403399099"}},{"type":"Feature","geometry":{"type":"Point","coordinates":[126.8397646,37.5416222]},"properties":{"feature":"metro","name":"","source_url":"https://www.openstreetmap.org/node/3403463644"}},{"type":"Feature","geometry":{"type":"Point","coordinates":[126.8399556,37.5419349]},"properties":{"feature":"metro","name":"","source_url":"https://www.openstreetmap.org/node/3403463645"}},{"type":"Feature","geometry":{"type":"Point","coordinates":[126.8408209,37.5419232]},"properties":{"feature":"metro","name":"","source_url":"https://www.openstreetmap.org/node/3403463646"}},{"type":"Feature","geometry":{"type":"Point","coordinates":[126.8401968,37.5420756]},"properties":{"feature":"metro","name":"","source_url":"https://www.openstreetmap.org/node/3403463647"}},{"type":"Feature","geometry":{"type":"Point","coordinates":[126.8409867,37.5416418]},"properties":{"feature":"metro","name":"","source_url":"https://www.openstreetmap.org/node/3403463648"}},{"type":"Feature","geometry":{"type":"Point","coordinates":[126.8408443,37.5413882]},"properties":{"feature":"metro","name":"","source_url":"https://www.openstreetmap.org/node/3403463649"}},{"type":"Feature","geometry":{"type":"Point","coordinates":[126.8405127,37.5413086]},"properties":{"feature":"metro","name":"","source_url":"https://www.openstreetmap.org/node/3403463650"}},{"type":"Feature","geometry":{"type":"Point","coordinates":[126.8401298,37.5413882]},"properties":{"feature":"metro","name":"","source_url":"https://www.openstreetmap.org/node/3403463651"}},{"type":"Feature","geometry":{"type":"Point","coordinates":[126.8365554,37.5484316]},"properties":{"feature":"metro","name":"","source_url":"https://www.openstreetmap.org/node/3403498031"}},{"type":"Feature","geometry":{"type":"Point","coordinates":[126.8365493,37.5489655]},"properties":{"feature":"metro","name":"","source_url":"https://www.openstreetmap.org/node/3403498032"}},{"type":"Feature","geometry":{"type":"Point","coordinates":[126.8362058,37.5488394]},"properties":{"feature":"metro","name":"","source_url":"https://www.openstreetmap.org/node/3403498033"}},{"type":"Feature","geometry":{"type":"Point","coordinates":[126.8361997,37.5484493]},"properties":{"feature":"metro","name":"","source_url":"https://www.openstreetmap.org/node/3403498034"}},{"type":"Feature","geometry":{"type":"Point","coordinates":[126.8381031,37.5589223]},"properties":{"feature":"metro","name":"","source_url":"https://www.openstreetmap.org/node/3403526279"}},{"type":"Feature","geometry":{"type":"Point","coordinates":[126.838558,37.5588891]},"properties":{"feature":"metro","name":"","source_url":"https://www.openstreetmap.org/node/3403526280"}},{"type":"Feature","geometry":{"type":"Point","coordinates":[126.8385784,37.5582963]},"properties":{"feature":"metro","name":"","source_url":"https://www.openstreetmap.org/node/3403526282"}},{"type":"Feature","geometry":{"type":"Point","coordinates":[126.838351,37.5581667]},"properties":{"feature":"metro","name":"","source_url":"https://www.openstreetmap.org/node/3403526283"}},{"type":"Feature","geometry":{"type":"Point","coordinates":[126.8372185,37.5584837]},"properties":{"feature":"metro","name":"","source_url":"https://www.openstreetmap.org/node/3403526284"}},{"type":"Feature","geometry":{"type":"Point","coordinates":[126.8379015,37.5581933]},"properties":{"feature":"metro","name":"","source_url":"https://www.openstreetmap.org/node/3403526285"}},{"type":"Feature","geometry":{"type":"Point","coordinates":[126.8374917,37.5588632]},"properties":{"feature":"metro","name":"","source_url":"https://www.openstreetmap.org/node/3403526286"}},{"type":"Feature","geometry":{"type":"Point","coordinates":[126.8256471,37.5602162]},"properties":{"feature":"metro","name":"","source_url":"https://www.openstreetmap.org/node/3403529188"}},{"type":"Feature","geometry":{"type":"Point","coordinates":[126.7469904,37.6762087]},"properties":{"feature":"metro","name":"","source_url":"https://www.openstreetmap.org/node/3403538126"}},{"type":"Feature","geometry":{"type":"Point","coordinates":[126.7471917,37.6757483]},"properties":{"feature":"metro","name":"","source_url":"https://www.openstreetmap.org/node/3403538127"}},{"type":"Feature","geometry":{"type":"Point","coordinates":[126.7476352,37.6759062]},"properties":{"feature":"metro","name":"","source_url":"https://www.openstreetmap.org/node/3403538128"}},{"type":"Feature","geometry":{"type":"Point","coordinates":[126.7472153,37.6764734]},"properties":{"feature":"metro","name":"","source_url":"https://www.openstreetmap.org/node/3403538129"}},{"type":"Feature","geometry":{"type":"Point","coordinates":[126.747697,37.6764966]},"properties":{"feature":"metro","name":"","source_url":"https://www.openstreetmap.org/node/3403538130"}},{"type":"Feature","geometry":{"type":"Point","coordinates":[126.7478762,37.6761897]},"properties":{"feature":"metro","name":"","source_url":"https://www.openstreetmap.org/node/3403538131"}},{"type":"Feature","geometry":{"type":"Point","coordinates":[126.7613923,37.6707063]},"properties":{"feature":"metro","name":"","source_url":"https://www.openstreetmap.org/node/3403538132"}},{"type":"Feature","geometry":{"type":"Point","coordinates":[126.7617493,37.6705766]},"properties":{"feature":"metro","name":"","source_url":"https://www.openstreetmap.org/node/3403538133"}},{"type":"Feature","geometry":{"type":"Point","coordinates":[126.7619871,37.6700499]},"properties":{"feature":"metro","name":"","source_url":"https://www.openstreetmap.org/node/3403538136"}},{"type":"Feature","geometry":{"type":"Point","coordinates":[126.7607138,37.6697338]},"properties":{"feature":"metro","name":"","source_url":"https://www.openstreetmap.org/node/3403538137"}},{"type":"Feature","geometry":{"type":"Point","coordinates":[126.7611307,37.669573]},"properties":{"feature":"metro","name":"","source_url":"https://www.openstreetmap.org/node/3403538138"}},{"type":"Feature","geometry":{"type":"Point","coordinates":[126.7617542,37.6697148]},"properties":{"feature":"metro","name":"","source_url":"https://www.openstreetmap.org/node/3403538139"}},{"type":"Feature","geometry":{"type":"Point","coordinates":[126.7732702,37.659173]},"properties":{"feature":"metro","name":"","source_url":"https://www.openstreetmap.org/node/3403538140"}},{"type":"Feature","geometry":{"type":"Point","coordinates":[126.7737501,37.6593552]},"properties":{"feature":"metro","name":"","source_url":"https://www.openstreetmap.org/node/3403538141"}},{"type":"Feature","geometry":{"type":"Point","coordinates":[126.7729261,37.6597828]},"properties":{"feature":"metro","name":"","source_url":"https://www.openstreetmap.org/node/3403538142"}},{"type":"Feature","geometry":{"type":"Point","coordinates":[126.7733799,37.6599604]},"properties":{"feature":"metro","name":"","source_url":"https://www.openstreetmap.org/node/3403538143"}},{"type":"Feature","geometry":{"type":"Point","coordinates":[126.7779078,37.6514272]},"properties":{"feature":"metro","name":"","source_url":"https://www.openstreetmap.org/node/3403538144"}},{"type":"Feature","geometry":{"type":"Point","coordinates":[126.7772797,37.6524454]},"properties":{"feature":"metro","name":"","source_url":"https://www.openstreetmap.org/node/3403538147"}},{"type":"Feature","geometry":{"type":"Point","coordinates":[126.7776445,37.652572]},"properties":{"feature":"metro","name":"","source_url":"https://www.openstreetmap.org/node/3403538148"}},{"type":"Feature","geometry":{"type":"Point","coordinates":[126.7782835,37.6523325]},"properties":{"feature":"metro","name":"","source_url":"https://www.openstreetmap.org/node/3403538149"}},{"type":"Feature","geometry":{"type":"Point","coordinates":[126.7784656,37.6520242]},"properties":{"feature":"metro","name":"","source_url":"https://www.openstreetmap.org/node/3403538150"}},{"type":"Feature","geometry":{"type":"Point","coordinates":[126.7782573,37.6515537]},"properties":{"feature":"metro","name":"","source_url":"https://www.openstreetmap.org/node/3403538151"}},{"type":"Feature","geometry":{"type":"Point","coordinates":[126.7881934,37.6426385]},"properties":{"feature":"metro","name":"","source_url":"https://www.openstreetmap.org/node/3403538152"}},{"type":"Feature","geometry":{"type":"Point","coordinates":[126.7877328,37.6425821]},"properties":{"feature":"metro","name":"","source_url":"https://www.openstreetmap.org/node/3403538153"}},{"type":"Feature","geometry":{"type":"Point","coordinates":[126.787416,37.642807]},"properties":{"feature":"metro","name":"","source_url":"https://www.openstreetmap.org/node/3403538154"}},{"type":"Feature","geometry":{"type":"Point","coordinates":[126.7874247,37.6432103]},"properties":{"feature":"metro","name":"","source_url":"https://www.openstreetmap.org/node/3403538155"}},{"type":"Feature","geometry":{"type":"Point","coordinates":[126.7877743,37.6434935]},"properties":{"feature":"metro","name":"","source_url":"https://www.openstreetmap.org/node/3403538156"}},{"type":"Feature","geometry":{"type":"Point","coordinates":[126.7882682,37.6435434]},"properties":{"feature":"metro","name":"","source_url":"https://www.openstreetmap.org/node/3403538157"}},{"type":"Feature","geometry":{"type":"Point","coordinates":[126.7886886,37.6432976]},"properties":{"feature":"metro","name":"","source_url":"https://www.openstreetmap.org/node/3403538158"}},{"type":"Feature","geometry":{"type":"Point","coordinates":[126.7885728,37.6428979]},"properties":{"feature":"metro","name":"","source_url":"https://www.openstreetmap.org/node/3403538159"}},{"type":"Feature","geometry":{"type":"Point","coordinates":[126.8113026,37.6317819]},"properties":{"feature":"metro","name":"","source_url":"https://www.openstreetmap.org/node/3403538160"}},{"type":"Feature","geometry":{"type":"Point","coordinates":[126.8111995,37.6314707]},"properties":{"feature":"metro","name":"","source_url":"https://www.openstreetmap.org/node/3403538161"}},{"type":"Feature","geometry":{"type":"Point","coordinates":[126.8107157,37.6315383]},"properties":{"feature":"metro","name":"","source_url":"https://www.openstreetmap.org/node/3403538162"}},{"type":"Feature","geometry":{"type":"Point","coordinates":[126.8106507,37.631255]},"properties":{"feature":"metro","name":"","source_url":"https://www.openstreetmap.org/node/3403538163"}},{"type":"Feature","geometry":{"type":"Point","coordinates":[126.8111385,37.6311906]},"properties":{"feature":"metro","name":"","source_url":"https://www.openstreetmap.org/node/3403538164"}},{"type":"Feature","geometry":{"type":"Point","coordinates":[126.8330564,37.6347531]},"properties":{"feature":"metro","name":"","source_url":"https://www.openstreetmap.org/node/3403538165"}},{"type":"Feature","geometry":{"type":"Point","coordinates":[126.8321486,37.6348627]},"properties":{"feature":"metro","name":"","source_url":"https://www.openstreetmap.org/node/3403538166"}},{"type":"Feature","geometry":{"type":"Point","coordinates":[126.8321856,37.6345044]},"properties":{"feature":"metro","name":"","source_url":"https://www.openstreetmap.org/node/3403538167"}},{"type":"Feature","geometry":{"type":"Point","coordinates":[126.8330467,37.6343906]},"properties":{"feature":"metro","name":"","source_url":"https://www.openstreetmap.org/node/3403538168"}},{"type":"Feature","geometry":{"type":"Point","coordinates":[126.843334,37.6534961]},"properties":{"feature":"metro","name":"","source_url":"https://www.openstreetmap.org/node/3403538169"}},{"type":"Feature","geometry":{"type":"Point","coordinates":[126.8431464,37.6531818]},"properties":{"feature":"metro","name":"","source_url":"https://www.openstreetmap.org/node/3403538170"}},{"type":"Feature","geometry":{"type":"Point","coordinates":[126.8428785,37.6527646]},"properties":{"feature":"metro","name":"","source_url":"https://www.openstreetmap.org/node/3403538171"}},{"type":"Feature","geometry":{"type":"Point","coordinates":[126.8425968,37.6528335]},"properties":{"feature":"metro","name":"","source_url":"https://www.openstreetmap.org/node/3403538172"}},{"type":"Feature","geometry":{"type":"Point","coordinates":[126.8428324,37.6532645]},"properties":{"feature":"metro","name":"","source_url":"https://www.openstreetmap.org/node/3403538173"}},{"type":"Feature","geometry":{"type":"Point","coordinates":[126.8430817,37.653596]},"properties":{"feature":"metro","name":"","source_url":"https://www.openstreetmap.org/node/3403538174"}},{"type":"Feature","geometry":{"type":"Point","coordinates":[126.8721005,37.6510863]},"properties":{"feature":"metro","name":"","source_url":"https://www.openstreetmap.org/node/3403538175"}},{"type":"Feature","geometry":{"type":"Point","coordinates":[126.8724732,37.6506484]},"properties":{"feature":"metro","name":"","source_url":"https://www.openstreetmap.org/node/3403538176"}},{"type":"Feature","geometry":{"type":"Point","coordinates":[126.8737622,37.6507926]},"properties":{"feature":"metro","name":"","source_url":"https://www.openstreetmap.org/node/3403538177"}},{"type":"Feature","geometry":{"type":"Point","coordinates":[126.8732583,37.6501359]},"properties":{"feature":"metro","name":"","source_url":"https://www.openstreetmap.org/node/3403538178"}},{"type":"Feature","geometry":{"type":"Point","coordinates":[126.8738353,37.6500978]},"properties":{"feature":"metro","name":"","source_url":"https://www.openstreetmap.org/node/3403538179"}},{"type":"Feature","geometry":{"type":"Point","coordinates":[126.874319,37.6501372]},"properties":{"feature":"metro","name":"","source_url":"https://www.openstreetmap.org/node/3403538180"}},{"type":"Feature","geometry":{"type":"Point","coordinates":[126.8744792,37.6504351]},"properties":{"feature":"metro","name":"","source_url":"https://www.openstreetmap.org/node/3403538181"}},{"type":"Feature","geometry":{"type":"Point","coordinates":[126.8744095,37.6508296]},"properties":{"feature":"metro","name":"","source_url":"https://www.openstreetmap.org/node/3403538182"}},{"type":"Feature","geometry":{"type":"Point","coordinates":[126.8965348,37.652961]},"properties":{"feature":"metro","name":"","source_url":"https://www.openstreetmap.org/node/3403538183"}},{"type":"Feature","geometry":{"type":"Point","coordinates":[126.896169,37.6530756]},"properties":{"feature":"metro","name":"","source_url":"https://www.openstreetmap.org/node/3403538184"}},{"type":"Feature","geometry":{"type":"Point","coordinates":[126.8952641,37.652975]},"properties":{"feature":"metro","name":"","source_url":"https://www.openstreetmap.org/node/3403538185"}},{"type":"Feature","geometry":{"type":"Point","coordinates":[126.8947128,37.6532905]},"properties":{"feature":"metro","name":"","source_url":"https://www.openstreetmap.org/node/3403538186"}},{"type":"Feature","geometry":{"type":"Point","coordinates":[126.894746,37.6536914]},"properties":{"feature":"metro","name":"","source_url":"https://www.openstreetmap.org/node/3403538187"}},{"type":"Feature","geometry":{"type":"Point","coordinates":[126.895935,37.6537955]},"properties":{"feature":"metro","name":"","source_url":"https://www.openstreetmap.org/node/3403538188"}},{"type":"Feature","geometry":{"type":"Point","coordinates":[126.8965413,37.6538325]},"properties":{"feature":"metro","name":"","source_url":"https://www.openstreetmap.org/node/3403538189"}},{"type":"Feature","geometry":{"type":"Point","coordinates":[126.8968137,37.6534552]},"properties":{"feature":"metro","name":"","source_url":"https://www.openstreetmap.org/node/3403538190"}},{"type":"Feature","geometry":{"type":"Point","coordinates":[126.9141092,37.6480836]},"properties":{"feature":"metro","name":"","source_url":"https://www.openstreetmap.org/node/3403538191"}},{"type":"Feature","geometry":{"type":"Point","coordinates":[126.9138591,37.6481216]},"properties":{"feature":"metro","name":"","source_url":"https://www.openstreetmap.org/node/3403538192"}},{"type":"Feature","geometry":{"type":"Point","coordinates":[126.9192011,37.6361959]},"properties":{"feature":"metro","name":"","source_url":"https://www.openstreetmap.org/node/3403538893"}},{"type":"Feature","geometry":{"type":"Point","coordinates":[126.9187139,37.6361401]},"properties":{"feature":"metro","name":"","source_url":"https://www.openstreetmap.org/node/3403538894"}},{"type":"Feature","geometry":{"type":"Point","coordinates":[126.9189358,37.6371117]},"properties":{"feature":"metro","name":"","source_url":"https://www.openstreetmap.org/node/3403538895"}},{"type":"Feature","geometry":{"type":"Point","coordinates":[126.9356485,37.6015493]},"properties":{"feature":"metro","name":"","source_url":"https://www.openstreetmap.org/node/3403538897"}},{"type":"Feature","geometry":{"type":"Point","coordinates":[126.9352844,37.6014272]},"properties":{"feature":"metro","name":"","source_url":"https://www.openstreetmap.org/node/3403538898"}},{"type":"Feature","geometry":{"type":"Point","coordinates":[126.9353971,37.6010383]},"properties":{"feature":"metro","name":"","source_url":"https://www.openstreetmap.org/node/3403538899"}},{"type":"Feature","geometry":{"type":"Point","coordinates":[126.9354122,37.600793]},"properties":{"feature":"metro","name":"","source_url":"https://www.openstreetmap.org/node/3403538900"}},{"type":"Feature","geometry":{"type":"Point","coordinates":[126.9360944,37.6006813]},"properties":{"feature":"metro","name":"","source_url":"https://www.openstreetmap.org/node/3403538901"}},{"type":"Feature","geometry":{"type":"Point","coordinates":[126.9436665,37.5893801]},"properties":{"feature":"metro","name":"","source_url":"https://www.openstreetmap.org/node/3403538902"}},{"type":"Feature","geometry":{"type":"Point","coordinates":[126.9433902,37.5891915]},"properties":{"feature":"metro","name":"","source_url":"https://www.openstreetmap.org/node/3403538903"}},{"type":"Feature","geometry":{"type":"Point","coordinates":[126.9448677,37.5883775]},"properties":{"feature":"metro","name":"","source_url":"https://www.openstreetmap.org/node/3403538904"}},{"type":"Feature","geometry":{"type":"Point","coordinates":[126.944615,37.5882054]},"properties":{"feature":"metro","name":"","source_url":"https://www.openstreetmap.org/node/3403538905"}},{"type":"Feature","geometry":{"type":"Point","coordinates":[126.9572962,37.5750766]},"properties":{"feature":"metro","name":"","source_url":"https://www.openstreetmap.org/node/3403538906"}},{"type":"Feature","geometry":{"type":"Point","coordinates":[126.957637,37.5749091]},"properties":{"feature":"metro","name":"","source_url":"https://www.openstreetmap.org/node/3403538907"}},{"type":"Feature","geometry":{"type":"Point","coordinates":[126.9570629,37.5750478]},"properties":{"feature":"metro","name":"","source_url":"https://www.openstreetmap.org/node/3403538908"}},{"type":"Feature","geometry":{"type":"Point","coordinates":[126.9589176,37.5737923]},"properties":{"feature":"metro","name":"","source_url":"https://www.openstreetmap.org/node/3403538909"}},{"type":"Feature","geometry":{"type":"Point","coordinates":[126.958684,37.5736237]},"properties":{"feature":"metro","name":"","source_url":"https://www.openstreetmap.org/node/3403538910"}},{"type":"Feature","geometry":{"type":"Point","coordinates":[126.9721974,37.5762007]},"properties":{"feature":"metro","name":"","source_url":"https://www.openstreetmap.org/node/3403538911"}},{"type":"Feature","geometry":{"type":"Point","coordinates":[126.9726844,37.5762348]},"properties":{"feature":"metro","name":"","source_url":"https://www.openstreetmap.org/node/3403538914"}},{"type":"Feature","geometry":{"type":"Point","coordinates":[126.9731597,37.5756332]},"properties":{"feature":"metro","name":"","source_url":"https://www.openstreetmap.org/node/3403538916"}},{"type":"Feature","geometry":{"type":"Point","coordinates":[126.975494,37.576276]},"properties":{"feature":"metro","name":"","source_url":"https://www.openstreetmap.org/node/3403538917"}},{"type":"Feature","geometry":{"type":"Point","coordinates":[126.9843716,37.5761305]},"properties":{"feature":"metro","name":"","source_url":"https://www.openstreetmap.org/node/3403538918"}},{"type":"Feature","geometry":{"type":"Point","coordinates":[126.9842002,37.5758642]},"properties":{"feature":"metro","name":"","source_url":"https://www.openstreetmap.org/node/3403538919"}},{"type":"Feature","geometry":{"type":"Point","coordinates":[126.9861265,37.5771066]},"properties":{"feature":"metro","name":"","source_url":"https://www.openstreetmap.org/node/3403538920"}},{"type":"Feature","geometry":{"type":"Point","coordinates":[126.9863855,37.5770144]},"properties":{"feature":"metro","name":"","source_url":"https://www.openstreetmap.org/node/3403538921"}},{"type":"Feature","geometry":{"type":"Point","coordinates":[126.9863872,37.5766146]},"properties":{"feature":"metro","name":"","source_url":"https://www.openstreetmap.org/node/3403538922"}},{"type":"Feature","geometry":{"type":"Point","coordinates":[126.9860457,37.5765002]},"properties":{"feature":"metro","name":"","source_url":"https://www.openstreetmap.org/node/3403538923"}},{"type":"Feature","geometry":{"type":"Point","coordinates":[126.9923102,37.5664388]},"properties":{"feature":"metro","name":"","source_url":"https://www.openstreetmap.org/node/3403538924"}},{"type":"Feature","geometry":{"type":"Point","coordinates":[126.9929295,37.5664754]},"properties":{"feature":"metro","name":"","source_url":"https://www.openstreetmap.org/node/3403538925"}},{"type":"Feature","geometry":{"type":"Point","coordinates":[126.9923379,37.5662483]},"properties":{"feature":"metro","name":"","source_url":"https://www.openstreetmap.org/node/3403538926"}},{"type":"Feature","geometry":{"type":"Point","coordinates":[126.9929541,37.5662299]},"properties":{"feature":"metro","name":"","source_url":"https://www.openstreetmap.org/node/3403538927"}},{"type":"Feature","geometry":{"type":"Point","coordinates":[126.9925896,37.5674137]},"properties":{"feature":"metro","name":"","source_url":"https://www.openstreetmap.org/node/3403538929"}},{"type":"Feature","geometry":{"type":"Point","coordinates":[126.9928789,37.5651919]},"properties":{"feature":"metro","name":"","source_url":"https://www.openstreetmap.org/node/3403538930"}},{"type":"Feature","geometry":{"type":"Point","coordinates":[126.9926355,37.5651769]},"properties":{"feature":"metro","name":"","source_url":"https://www.openstreetmap.org/node/3403538931"}},{"type":"Feature","geometry":{"type":"Point","coordinates":[126.9899643,37.5663056]},"properties":{"feature":"metro","name":"","source_url":"https://www.openstreetmap.org/node/3403538932"}},{"type":"Feature","geometry":{"type":"Point","coordinates":[126.9894317,37.5663042]},"properties":{"feature":"metro","name":"","source_url":"https://www.openstreetmap.org/node/3403538933"}},{"type":"Feature","geometry":{"type":"Point","coordinates":[126.9900278,37.5661463]},"properties":{"feature":"metro","name":"","source_url":"https://www.openstreetmap.org/node/3403538934"}},{"type":"Feature","geometry":{"type":"Point","coordinates":[126.9894137,37.5660315]},"properties":{"feature":"metro","name":"","source_url":"https://www.openstreetmap.org/node/3403538935"}},{"type":"Feature","geometry":{"type":"Point","coordinates":[126.8111261,37.5615148]},"properties":{"feature":"metro","name":"","source_url":"https://www.openstreetmap.org/node/3403538936"}},{"type":"Feature","geometry":{"type":"Point","coordinates":[126.8116299,37.5614599]},"properties":{"feature":"metro","name":"","source_url":"https://www.openstreetmap.org/node/3403538937"}},{"type":"Feature","geometry":{"type":"Point","coordinates":[126.8110913,37.5611638]},"properties":{"feature":"metro","name":"","source_url":"https://www.openstreetmap.org/node/3403538938"}},{"type":"Feature","geometry":{"type":"Point","coordinates":[126.8115548,37.5611092]},"properties":{"feature":"metro","name":"","source_url":"https://www.openstreetmap.org/node/3403538939"}},{"type":"Feature","geometry":{"type":"Point","coordinates":[126.8062718,37.5720933]},"properties":{"feature":"metro","name":"","source_url":"https://www.openstreetmap.org/node/3403547102"}},{"type":"Feature","geometry":{"type":"Point","coordinates":[126.8061037,37.572392]},"properties":{"feature":"metro","name":"","source_url":"https://www.openstreetmap.org/node/3403547103"}},{"type":"Feature","geometry":{"type":"Point","coordinates":[127.0049646,37.559182]},"properties":{"feature":"metro","name":"","source_url":"https://www.openstreetmap.org/node/3403548290"}},{"type":"Feature","geometry":{"type":"Point","coordinates":[127.0053028,37.5592931]},"properties":{"feature":"metro","name":"","source_url":"https://www.openstreetmap.org/node/3403548291"}},{"type":"Feature","geometry":{"type":"Point","coordinates":[127.0063018,37.5592712]},"properties":{"feature":"metro","name":"","source_url":"https://www.openstreetmap.org/node/3403548292"}},{"type":"Feature","geometry":{"type":"Point","coordinates":[127.0066557,37.5590692]},"properties":{"feature":"metro","name":"","source_url":"https://www.openstreetmap.org/node/3403549593"}},{"type":"Feature","geometry":{"type":"Point","coordinates":[127.0063848,37.558678]},"properties":{"feature":"metro","name":"","source_url":"https://www.openstreetmap.org/node/3403549594"}},{"type":"Feature","geometry":{"type":"Point","coordinates":[127.0050189,37.5588658]},"properties":{"feature":"metro","name":"","source_url":"https://www.openstreetmap.org/node/3403549595"}},{"type":"Feature","geometry":{"type":"Point","coordinates":[126.8130675,37.5772412]},"properties":{"feature":"metro","name":"","source_url":"https://www.openstreetmap.org/node/3403554784"}},{"type":"Feature","geometry":{"type":"Point","coordinates":[126.8127752,37.5771285]},"properties":{"feature":"metro","name":"","source_url":"https://www.openstreetmap.org/node/3403554785"}},{"type":"Feature","geometry":{"type":"Point","coordinates":[126.8125284,37.5771498]},"properties":{"feature":"metro","name":"","source_url":"https://www.openstreetmap.org/node/3403554786"}},{"type":"Feature","geometry":{"type":"Point","coordinates":[126.8122806,37.5774435]},"properties":{"feature":"metro","name":"","source_url":"https://www.openstreetmap.org/node/3403554787"}},{"type":"Feature","geometry":{"type":"Point","coordinates":[127.0172046,37.5415148]},"properties":{"feature":"metro","name":"","source_url":"https://www.openstreetmap.org/node/3403605122"}},{"type":"Feature","geometry":{"type":"Point","coordinates":[127.0169675,37.5417892]},"properties":{"feature":"metro","name":"","source_url":"https://www.openstreetmap.org/node/3403605123"}},{"type":"Feature","geometry":{"type":"Point","coordinates":[127.0174378,37.5420857]},"properties":{"feature":"metro","name":"","source_url":"https://www.openstreetmap.org/node/3403605124"}},{"type":"Feature","geometry":{"type":"Point","coordinates":[127.0175058,37.5417078]},"properties":{"feature":"metro","name":"","source_url":"https://www.openstreetmap.org/node/3403605125"}},{"type":"Feature","geometry":{"type":"Point","coordinates":[127.0170455,37.5424208]},"properties":{"feature":"metro","name":"","source_url":"https://www.openstreetmap.org/node/3403605126"}},{"type":"Feature","geometry":{"type":"Point","coordinates":[127.0174191,37.5414581]},"properties":{"feature":"metro","name":"","source_url":"https://www.openstreetmap.org/node/3403605127"}},{"type":"Feature","geometry":{"type":"Point","coordinates":[127.0175896,37.5412063]},"properties":{"feature":"metro","name":"","source_url":"https://www.openstreetmap.org/node/3403605128"}},{"type":"Feature","geometry":{"type":"Point","coordinates":[127.0288623,37.5275843]},"properties":{"feature":"metro","name":"","source_url":"https://www.openstreetmap.org/node/3403605129"}},{"type":"Feature","geometry":{"type":"Point","coordinates":[127.028714,37.5269957]},"properties":{"feature":"metro","name":"","source_url":"https://www.openstreetmap.org/node/3403605130"}},{"type":"Feature","geometry":{"type":"Point","coordinates":[127.027692,37.5270021]},"properties":{"feature":"metro","name":"","source_url":"https://www.openstreetmap.org/node/3403605131"}},{"type":"Feature","geometry":{"type":"Point","coordinates":[127.0279361,37.5267809]},"properties":{"feature":"metro","name":"","source_url":"https://www.openstreetmap.org/node/3403605132"}},{"type":"Feature","geometry":{"type":"Point","coordinates":[126.8534529,37.5193191]},"properties":{"feature":"metro","name":"","source_url":"https://www.openstreetmap.org/node/3403611852"}},{"type":"Feature","geometry":{"type":"Point","coordinates":[126.8531632,37.5192489]},"properties":{"feature":"metro","name":"","source_url":"https://www.openstreetmap.org/node/3403611853"}},{"type":"Feature","geometry":{"type":"Point","coordinates":[126.8524301,37.5209439]},"properties":{"feature":"metro","name":"","source_url":"https://www.openstreetmap.org/node/3403611854"}},{"type":"Feature","geometry":{"type":"Point","coordinates":[126.8526591,37.5209856]},"properties":{"feature":"metro","name":"","source_url":"https://www.openstreetmap.org/node/3403611855"}},{"type":"Feature","geometry":{"type":"Point","coordinates":[127.0288586,37.5258815]},"properties":{"feature":"metro","name":"","source_url":"https://www.openstreetmap.org/node/3403630026"}},{"type":"Feature","geometry":{"type":"Point","coordinates":[127.0282503,37.5255692]},"properties":{"feature":"metro","name":"","source_url":"https://www.openstreetmap.org/node/3403630027"}},{"type":"Feature","geometry":{"type":"Point","coordinates":[127.0199037,37.5165555]},"properties":{"feature":"metro","name":"","source_url":"https://www.openstreetmap.org/node/3403630028"}},{"type":"Feature","geometry":{"type":"Point","coordinates":[127.0197115,37.516625]},"properties":{"feature":"metro","name":"","source_url":"https://www.openstreetmap.org/node/3403630029"}},{"type":"Feature","geometry":{"type":"Point","coordinates":[127.019142,37.5164911]},"properties":{"feature":"metro","name":"","source_url":"https://www.openstreetmap.org/node/3403630030"}},{"type":"Feature","geometry":{"type":"Point","coordinates":[127.0193598,37.5156809]},"properties":{"feature":"metro","name":"","source_url":"https://www.openstreetmap.org/node/3403630031"}},{"type":"Feature","geometry":{"type":"Point","coordinates":[127.0201038,37.5161213]},"properties":{"feature":"metro","name":"","source_url":"https://www.openstreetmap.org/node/3403630032"}},{"type":"Feature","geometry":{"type":"Point","coordinates":[127.0198701,37.5157767]},"properties":{"feature":"metro","name":"","source_url":"https://www.openstreetmap.org/node/3403630033"}},{"type":"Feature","geometry":{"type":"Point","coordinates":[127.0206998,37.5167918]},"properties":{"feature":"metro","name":"","source_url":"https://www.openstreetmap.org/node/3403630034"}},{"type":"Feature","geometry":{"type":"Point","coordinates":[127.0209871,37.5163574]},"properties":{"feature":"metro","name":"","source_url":"https://www.openstreetmap.org/node/3403630035"}},{"type":"Feature","geometry":{"type":"Point","coordinates":[127.011622,37.5128381]},"properties":{"feature":"metro","name":"","source_url":"https://www.openstreetmap.org/node/3403630036"}},{"type":"Feature","geometry":{"type":"Point","coordinates":[127.0114866,37.5130487]},"properties":{"feature":"metro","name":"","source_url":"https://www.openstreetmap.org/node/3403630037"}},{"type":"Feature","geometry":{"type":"Point","coordinates":[127.0109944,37.5128072]},"properties":{"feature":"metro","name":"","source_url":"https://www.openstreetmap.org/node/3403630038"}},{"type":"Feature","geometry":{"type":"Point","coordinates":[127.0111124,37.5125839]},"properties":{"feature":"metro","name":"","source_url":"https://www.openstreetmap.org/node/3403630039"}},{"type":"Feature","geometry":{"type":"Point","coordinates":[127.0133366,37.4938005]},"properties":{"feature":"metro","name":"","source_url":"https://www.openstreetmap.org/node/3403630040"}},{"type":"Feature","geometry":{"type":"Point","coordinates":[127.0130039,37.4935969]},"properties":{"feature":"metro","name":"","source_url":"https://www.openstreetmap.org/node/3403630041"}},{"type":"Feature","geometry":{"type":"Point","coordinates":[127.0131402,37.4933063]},"properties":{"feature":"metro","name":"","source_url":"https://www.openstreetmap.org/node/3403630042"}},{"type":"Feature","geometry":{"type":"Point","coordinates":[127.0135207,37.4932235]},"properties":{"feature":"metro","name":"","source_url":"https://www.openstreetmap.org/node/3403630043"}},{"type":"Feature","geometry":{"type":"Point","coordinates":[127.013933,37.4933484]},"properties":{"feature":"metro","name":"","source_url":"https://www.openstreetmap.org/node/3403630044"}},{"type":"Feature","geometry":{"type":"Point","coordinates":[127.0143559,37.493705]},"properties":{"feature":"metro","name":"","source_url":"https://www.openstreetmap.org/node/3403630045"}},{"type":"Feature","geometry":{"type":"Point","coordinates":[127.0137502,37.4941359]},"properties":{"feature":"metro","name":"","source_url":"https://www.openstreetmap.org/node/3403630046"}},{"type":"Feature","geometry":{"type":"Point","coordinates":[127.0143131,37.4940022]},"properties":{"feature":"metro","name":"","source_url":"https://www.openstreetmap.org/node/3403630047"}},{"type":"Feature","geometry":{"type":"Point","coordinates":[127.0149983,37.4942175]},"properties":{"feature":"metro","name":"","source_url":"https://www.openstreetmap.org/node/3403630048"}},{"type":"Feature","geometry":{"type":"Point","coordinates":[127.0154283,37.4943523]},"properties":{"feature":"metro","name":"","source_url":"https://www.openstreetmap.org/node/3403630049"}},{"type":"Feature","geometry":{"type":"Point","coordinates":[127.0151115,37.4939521]},"properties":{"feature":"metro","name":"","source_url":"https://www.openstreetmap.org/node/3403630050"}},{"type":"Feature","geometry":{"type":"Point","coordinates":[127.0141177,37.4920772]},"properties":{"feature":"metro","name":"","source_url":"https://www.openstreetmap.org/node/3403630051"}},{"type":"Feature","geometry":{"type":"Point","coordinates":[127.0138204,37.4920716]},"properties":{"feature":"metro","name":"","source_url":"https://www.openstreetmap.org/node/3403630052"}},{"type":"Feature","geometry":{"type":"Point","coordinates":[127.0162658,37.4852469]},"properties":{"feature":"metro","name":"","source_url":"https://www.openstreetmap.org/node/3403630053"}},{"type":"Feature","geometry":{"type":"Point","coordinates":[127.0165216,37.4851454]},"properties":{"feature":"metro","name":"","source_url":"https://www.openstreetmap.org/node/3403630054"}},{"type":"Feature","geometry":{"type":"Point","coordinates":[127.0166067,37.4849864]},"properties":{"feature":"metro","name":"","source_url":"https://www.openstreetmap.org/node/3403630055"}},{"type":"Feature","geometry":{"type":"Point","coordinates":[127.0165138,37.4848321]},"properties":{"feature":"metro","name":"","source_url":"https://www.openstreetmap.org/node/3403630056"}},{"type":"Feature","geometry":{"type":"Point","coordinates":[127.017599,37.4831486]},"properties":{"feature":"metro","name":"","source_url":"https://www.openstreetmap.org/node/3403630057"}},{"type":"Feature","geometry":{"type":"Point","coordinates":[127.0171655,37.4833646]},"properties":{"feature":"metro","name":"","source_url":"https://www.openstreetmap.org/node/3403630058"}},{"type":"Feature","geometry":{"type":"Point","coordinates":[127.0158808,37.4850045]},"properties":{"feature":"metro","name":"","source_url":"https://www.openstreetmap.org/node/3403630060"}},{"type":"Feature","geometry":{"type":"Point","coordinates":[127.0349356,37.4839027]},"properties":{"feature":"metro","name":"","source_url":"https://www.openstreetmap.org/node/3403630061"}},{"type":"Feature","geometry":{"type":"Point","coordinates":[127.0344515,37.4836943]},"properties":{"feature":"metro","name":"","source_url":"https://www.openstreetmap.org/node/3403630062"}},{"type":"Feature","geometry":{"type":"Point","coordinates":[127.0360571,37.4828018]},"properties":{"feature":"metro","name":"","source_url":"https://www.openstreetmap.org/node/3403630063"}},{"type":"Feature","geometry":{"type":"Point","coordinates":[127.0355219,37.4826469]},"properties":{"feature":"metro","name":"","source_url":"https://www.openstreetmap.org/node/3403630064"}},{"type":"Feature","geometry":{"type":"Point","coordinates":[126.8656459,37.5124799]},"properties":{"feature":"metro","name":"","source_url":"https://www.openstreetmap.org/node/3403631196"}},{"type":"Feature","geometry":{"type":"Point","coordinates":[126.8828095,37.5144959]},"properties":{"feature":"metro","name":"","source_url":"https://www.openstreetmap.org/node/3404807927"}},{"type":"Feature","geometry":{"type":"Point","coordinates":[126.8828947,37.5143348]},"properties":{"feature":"metro","name":"","source_url":"https://www.openstreetmap.org/node/3404807928"}},{"type":"Feature","geometry":{"type":"Point","coordinates":[126.8907132,37.509338]},"properties":{"feature":"metro","name":"","source_url":"https://www.openstreetmap.org/node/3404817226"}},{"type":"Feature","geometry":{"type":"Point","coordinates":[126.891483,37.5078946]},"properties":{"feature":"metro","name":"","source_url":"https://www.openstreetmap.org/node/3404817227"}},{"type":"Feature","geometry":{"type":"Point","coordinates":[126.8917637,37.5078981]},"properties":{"feature":"metro","name":"","source_url":"https://www.openstreetmap.org/node/3404817228"}},{"type":"Feature","geometry":{"type":"Point","coordinates":[126.9129516,37.487481]},"properties":{"feature":"metro","name":"","source_url":"https://www.openstreetmap.org/node/3404818453"}},{"type":"Feature","geometry":{"type":"Point","coordinates":[126.9131856,37.4872976]},"properties":{"feature":"metro","name":"","source_url":"https://www.openstreetmap.org/node/3404818454"}},{"type":"Feature","geometry":{"type":"Point","coordinates":[126.9130356,37.4872077]},"properties":{"feature":"metro","name":"","source_url":"https://www.openstreetmap.org/node/3404818455"}},{"type":"Feature","geometry":{"type":"Point","coordinates":[126.9128066,37.4873996]},"properties":{"feature":"metro","name":"","source_url":"https://www.openstreetmap.org/node/3404818456"}},{"type":"Feature","geometry":{"type":"Point","coordinates":[126.9021189,37.4849797]},"properties":{"feature":"metro","name":"","source_url":"https://www.openstreetmap.org/node/3404819663"}},{"type":"Feature","geometry":{"type":"Point","coordinates":[126.902717,37.4849884]},"properties":{"feature":"metro","name":"","source_url":"https://www.openstreetmap.org/node/3404819664"}},{"type":"Feature","geometry":{"type":"Point","coordinates":[126.9300775,37.4844132]},"properties":{"feature":"metro","name":"","source_url":"https://www.openstreetmap.org/node/3404820994"}},{"type":"Feature","geometry":{"type":"Point","coordinates":[126.9297966,37.4847031]},"properties":{"feature":"metro","name":"","source_url":"https://www.openstreetmap.org/node/3404820995"}},{"type":"Feature","geometry":{"type":"Point","coordinates":[126.9294763,37.4844857]},"properties":{"feature":"metro","name":"","source_url":"https://www.openstreetmap.org/node/3404820996"}},{"type":"Feature","geometry":{"type":"Point","coordinates":[126.9292003,37.4843035]},"properties":{"feature":"metro","name":"","source_url":"https://www.openstreetmap.org/node/3404820997"}},{"type":"Feature","geometry":{"type":"Point","coordinates":[126.9292359,37.4839982]},"properties":{"feature":"metro","name":"","source_url":"https://www.openstreetmap.org/node/3404820998"}},{"type":"Feature","geometry":{"type":"Point","coordinates":[126.929588,37.483866]},"properties":{"feature":"metro","name":"","source_url":"https://www.openstreetmap.org/node/3404820999"}},{"type":"Feature","geometry":{"type":"Point","coordinates":[126.9301508,37.4841754]},"properties":{"feature":"metro","name":"","source_url":"https://www.openstreetmap.org/node/3404821000"}},{"type":"Feature","geometry":{"type":"Point","coordinates":[126.9298356,37.4839388]},"properties":{"feature":"metro","name":"","source_url":"https://www.openstreetmap.org/node/3404821001"}},{"type":"Feature","geometry":{"type":"Point","coordinates":[126.942708,37.4824195]},"properties":{"feature":"metro","name":"","source_url":"https://www.openstreetmap.org/node/3404827601"}},{"type":"Feature","geometry":{"type":"Point","coordinates":[126.9422857,37.4824766]},"properties":{"feature":"metro","name":"","source_url":"https://www.openstreetmap.org/node/3404827602"}},{"type":"Feature","geometry":{"type":"Point","coordinates":[126.9421941,37.4822014]},"properties":{"feature":"metro","name":"","source_url":"https://www.openstreetmap.org/node/3404827603"}},{"type":"Feature","geometry":{"type":"Point","coordinates":[126.9426351,37.482128]},"properties":{"feature":"metro","name":"","source_url":"https://www.openstreetmap.org/node/3404827604"}},{"type":"Feature","geometry":{"type":"Point","coordinates":[126.9407029,37.4825969]},"properties":{"feature":"metro","name":"","source_url":"https://www.openstreetmap.org/node/3404827605"}},{"type":"Feature","geometry":{"type":"Point","coordinates":[126.9526915,37.4816395]},"properties":{"feature":"metro","name":"","source_url":"https://www.openstreetmap.org/node/3404830008"}},{"type":"Feature","geometry":{"type":"Point","coordinates":[126.9524038,37.4814975]},"properties":{"feature":"metro","name":"","source_url":"https://www.openstreetmap.org/node/3404830009"}},{"type":"Feature","geometry":{"type":"Point","coordinates":[126.953099,37.4815655]},"properties":{"feature":"metro","name":"","source_url":"https://www.openstreetmap.org/node/3404830010"}},{"type":"Feature","geometry":{"type":"Point","coordinates":[126.9532284,37.4813029]},"properties":{"feature":"metro","name":"","source_url":"https://www.openstreetmap.org/node/3404830011"}},{"type":"Feature","geometry":{"type":"Point","coordinates":[126.9521531,37.4811803]},"properties":{"feature":"metro","name":"","source_url":"https://www.openstreetmap.org/node/3404830012"}},{"type":"Feature","geometry":{"type":"Point","coordinates":[126.9524369,37.4808437]},"properties":{"feature":"metro","name":"","source_url":"https://www.openstreetmap.org/node/3404830013"}},{"type":"Feature","geometry":{"type":"Point","coordinates":[126.9528219,37.4807999]},"properties":{"feature":"metro","name":"","source_url":"https://www.openstreetmap.org/node/3404830014"}},{"type":"Feature","geometry":{"type":"Point","coordinates":[126.9531277,37.4809488]},"properties":{"feature":"metro","name":"","source_url":"https://www.openstreetmap.org/node/3404830015"}},{"type":"Feature","geometry":{"type":"Point","coordinates":[126.964059,37.4770098]},"properties":{"feature":"metro","name":"","source_url":"https://www.openstreetmap.org/node/3404830251"}},{"type":"Feature","geometry":{"type":"Point","coordinates":[126.9644371,37.4768872]},"properties":{"feature":"metro","name":"","source_url":"https://www.openstreetmap.org/node/3404830252"}},{"type":"Feature","geometry":{"type":"Point","coordinates":[126.9639544,37.4767193]},"properties":{"feature":"metro","name":"","source_url":"https://www.openstreetmap.org/node/3404830253"}},{"type":"Feature","geometry":{"type":"Point","coordinates":[126.9643299,37.4766022]},"properties":{"feature":"metro","name":"","source_url":"https://www.openstreetmap.org/node/3404830254"}},{"type":"Feature","geometry":{"type":"Point","coordinates":[126.9633804,37.4772621]},"properties":{"feature":"metro","name":"","source_url":"https://www.openstreetmap.org/node/3404830255"}},{"type":"Feature","geometry":{"type":"Point","coordinates":[126.9629352,37.4774494]},"properties":{"feature":"metro","name":"","source_url":"https://www.openstreetmap.org/node/3404830256"}},{"type":"Feature","geometry":{"type":"Point","coordinates":[126.9627796,37.4771599]},"properties":{"feature":"metro","name":"","source_url":"https://www.openstreetmap.org/node/3404830257"}},{"type":"Feature","geometry":{"type":"Point","coordinates":[126.9632141,37.4769875]},"properties":{"feature":"metro","name":"","source_url":"https://www.openstreetmap.org/node/3404830258"}},{"type":"Feature","geometry":{"type":"Point","coordinates":[127.0080381,37.4921137]},"properties":{"feature":"metro","name":"","source_url":"https://www.openstreetmap.org/node/3404836693"}},{"type":"Feature","geometry":{"type":"Point","coordinates":[127.0076753,37.4922878]},"properties":{"feature":"metro","name":"","source_url":"https://www.openstreetmap.org/node/3404836694"}},{"type":"Feature","geometry":{"type":"Point","coordinates":[127.0072559,37.4919761]},"properties":{"feature":"metro","name":"","source_url":"https://www.openstreetmap.org/node/3404836695"}},{"type":"Feature","geometry":{"type":"Point","coordinates":[127.0071373,37.4918006]},"properties":{"feature":"metro","name":"","source_url":"https://www.openstreetmap.org/node/3404836696"}},{"type":"Feature","geometry":{"type":"Point","coordinates":[127.0073727,37.4915282]},"properties":{"feature":"metro","name":"","source_url":"https://www.openstreetmap.org/node/3404836697"}},{"type":"Feature","geometry":{"type":"Point","coordinates":[127.0076275,37.4914159]},"properties":{"feature":"metro","name":"","source_url":"https://www.openstreetmap.org/node/3404836698"}},{"type":"Feature","geometry":{"type":"Point","coordinates":[127.0080965,37.4915647]},"properties":{"feature":"metro","name":"","source_url":"https://www.openstreetmap.org/node/3404836699"}},{"type":"Feature","geometry":{"type":"Point","coordinates":[127.008215,37.4917416]},"properties":{"feature":"metro","name":"","source_url":"https://www.openstreetmap.org/node/3404836700"}},{"type":"Feature","geometry":{"type":"Point","coordinates":[127.0463368,37.4869951]},"properties":{"feature":"metro","name":"","source_url":"https://www.openstreetmap.org/node/3404836882"}},{"type":"Feature","geometry":{"type":"Point","coordinates":[127.0458254,37.4867533]},"properties":{"feature":"metro","name":"","source_url":"https://www.openstreetmap.org/node/3404836883"}},{"type":"Feature","geometry":{"type":"Point","coordinates":[127.046131,37.4864262]},"properties":{"feature":"metro","name":"","source_url":"https://www.openstreetmap.org/node/3404836884"}},{"type":"Feature","geometry":{"type":"Point","coordinates":[127.0466253,37.4866674]},"properties":{"feature":"metro","name":"","source_url":"https://www.openstreetmap.org/node/3404836885"}},{"type":"Feature","geometry":{"type":"Point","coordinates":[127.0624832,37.4943343]},"properties":{"feature":"metro","name":"","source_url":"https://www.openstreetmap.org/node/3404836886"}},{"type":"Feature","geometry":{"type":"Point","coordinates":[127.0617665,37.4939974]},"properties":{"feature":"metro","name":"","source_url":"https://www.openstreetmap.org/node/3404836887"}},{"type":"Feature","geometry":{"type":"Point","coordinates":[127.0619102,37.4936835]},"properties":{"feature":"metro","name":"","source_url":"https://www.openstreetmap.org/node/3404836888"}},{"type":"Feature","geometry":{"type":"Point","coordinates":[127.0627418,37.494058]},"properties":{"feature":"metro","name":"","source_url":"https://www.openstreetmap.org/node/3404836889"}},{"type":"Feature","geometry":{"type":"Point","coordinates":[127.0643378,37.4949635]},"properties":{"feature":"metro","name":"","source_url":"https://www.openstreetmap.org/node/3404836890"}},{"type":"Feature","geometry":{"type":"Point","coordinates":[127.0650671,37.4949037]},"properties":{"feature":"metro","name":"","source_url":"https://www.openstreetmap.org/node/3404836892"}},{"type":"Feature","geometry":{"type":"Point","coordinates":[127.0371723,37.5010509]},"properties":{"feature":"metro","name":"","source_url":"https://www.openstreetmap.org/node/3404837655"}},{"type":"Feature","geometry":{"type":"Point","coordinates":[127.0369788,37.5011063]},"properties":{"feature":"metro","name":"","source_url":"https://www.openstreetmap.org/node/3404837656"}},{"type":"Feature","geometry":{"type":"Point","coordinates":[127.0365984,37.5011096]},"properties":{"feature":"metro","name":"","source_url":"https://www.openstreetmap.org/node/3404837657"}},{"type":"Feature","geometry":{"type":"Point","coordinates":[127.0362557,37.5008066]},"properties":{"feature":"metro","name":"","source_url":"https://www.openstreetmap.org/node/3404837658"}},{"type":"Feature","geometry":{"type":"Point","coordinates":[127.0373635,37.5003321]},"properties":{"feature":"metro","name":"","source_url":"https://www.openstreetmap.org/node/3404837659"}},{"type":"Feature","geometry":{"type":"Point","coordinates":[127.036461,37.5003293]},"properties":{"feature":"metro","name":"","source_url":"https://www.openstreetmap.org/node/3404837660"}},{"type":"Feature","geometry":{"type":"Point","coordinates":[127.0351646,37.500494]},"properties":{"feature":"metro","name":"","source_url":"https://www.openstreetmap.org/node/3404837661"}},{"type":"Feature","geometry":{"type":"Point","coordinates":[127.0353612,37.5001157]},"properties":{"feature":"metro","name":"","source_url":"https://www.openstreetmap.org/node/3404837662"}},{"type":"Feature","geometry":{"type":"Point","coordinates":[127.0644336,37.4947104]},"properties":{"feature":"metro","name":"","source_url":"https://www.openstreetmap.org/node/3404838193"}},{"type":"Feature","geometry":{"type":"Point","coordinates":[127.0795051,37.4941016]},"properties":{"feature":"metro","name":"","source_url":"https://www.openstreetmap.org/node/3404838199"}},{"type":"Feature","geometry":{"type":"Point","coordinates":[127.0796092,37.4938828]},"properties":{"feature":"metro","name":"","source_url":"https://www.openstreetmap.org/node/3404838200"}},{"type":"Feature","geometry":{"type":"Point","coordinates":[127.0793,37.4937304]},"properties":{"feature":"metro","name":"","source_url":"https://www.openstreetmap.org/node/3404838201"}},{"type":"Feature","geometry":{"type":"Point","coordinates":[127.0792,37.4939405]},"properties":{"feature":"metro","name":"","source_url":"https://www.openstreetmap.org/node/3404838202"}},{"type":"Feature","geometry":{"type":"Point","coordinates":[127.0799173,37.4935828]},"properties":{"feature":"metro","name":"","source_url":"https://www.openstreetmap.org/node/3404838203"}},{"type":"Feature","geometry":{"type":"Point","coordinates":[127.0797974,37.4933409]},"properties":{"feature":"metro","name":"","source_url":"https://www.openstreetmap.org/node/3404838204"}},{"type":"Feature","geometry":{"type":"Point","coordinates":[127.0795652,37.4932944]},"properties":{"feature":"metro","name":"","source_url":"https://www.openstreetmap.org/node/3404838205"}},{"type":"Feature","geometry":{"type":"Point","coordinates":[127.0792393,37.4933834]},"properties":{"feature":"metro","name":"","source_url":"https://www.openstreetmap.org/node/3404838206"}},{"type":"Feature","geometry":{"type":"Point","coordinates":[127.0837125,37.4843315]},"properties":{"feature":"metro","name":"","source_url":"https://www.openstreetmap.org/node/3404838207"}},{"type":"Feature","geometry":{"type":"Point","coordinates":[127.0851246,37.4837567]},"properties":{"feature":"metro","name":"","source_url":"https://www.openstreetmap.org/node/3404838208"}},{"type":"Feature","geometry":{"type":"Point","coordinates":[127.0849366,37.4835458]},"properties":{"feature":"metro","name":"","source_url":"https://www.openstreetmap.org/node/3404838209"}},{"type":"Feature","geometry":{"type":"Point","coordinates":[127.0834471,37.4843724]},"properties":{"feature":"metro","name":"","source_url":"https://www.openstreetmap.org/node/3404838210"}},{"type":"Feature","geometry":{"type":"Point","coordinates":[127.0835161,37.4840333]},"properties":{"feature":"metro","name":"","source_url":"https://www.openstreetmap.org/node/3404838211"}},{"type":"Feature","geometry":{"type":"Point","coordinates":[127.0852329,37.4833119]},"properties":{"feature":"metro","name":"","source_url":"https://www.openstreetmap.org/node/3404838212"}},{"type":"Feature","geometry":{"type":"Point","coordinates":[127.084816,37.4832647]},"properties":{"feature":"metro","name":"","source_url":"https://www.openstreetmap.org/node/3404838213"}},{"type":"Feature","geometry":{"type":"Point","coordinates":[127.1014724,37.4877658]},"properties":{"feature":"metro","name":"","source_url":"https://www.openstreetmap.org/node/3404838214"}},{"type":"Feature","geometry":{"type":"Point","coordinates":[127.102258,37.4877264]},"properties":{"feature":"metro","name":"","source_url":"https://www.openstreetmap.org/node/3404838215"}},{"type":"Feature","geometry":{"type":"Point","coordinates":[127.1021602,37.4871641]},"properties":{"feature":"metro","name":"","source_url":"https://www.openstreetmap.org/node/3404838216"}},{"type":"Feature","geometry":{"type":"Point","coordinates":[127.1025457,37.4870525]},"properties":{"feature":"metro","name":"","source_url":"https://www.openstreetmap.org/node/3404838217"}},{"type":"Feature","geometry":{"type":"Point","coordinates":[127.1017846,37.4869066]},"properties":{"feature":"metro","name":"","source_url":"https://www.openstreetmap.org/node/3404838218"}},{"type":"Feature","geometry":{"type":"Point","coordinates":[127.1007681,37.4872712]},"properties":{"feature":"metro","name":"","source_url":"https://www.openstreetmap.org/node/3404838219"}},{"type":"Feature","geometry":{"type":"Point","coordinates":[127.1009596,37.4874611]},"properties":{"feature":"metro","name":"","source_url":"https://www.openstreetmap.org/node/3404838220"}},{"type":"Feature","geometry":{"type":"Point","coordinates":[127.1242992,37.4959623]},"properties":{"feature":"metro","name":"","source_url":"https://www.openstreetmap.org/node/3404838222"}},{"type":"Feature","geometry":{"type":"Point","coordinates":[127.1236144,37.4953621]},"properties":{"feature":"metro","name":"","source_url":"https://www.openstreetmap.org/node/3404838223"}},{"type":"Feature","geometry":{"type":"Point","coordinates":[127.1236964,37.4951106]},"properties":{"feature":"metro","name":"","source_url":"https://www.openstreetmap.org/node/3404838224"}},{"type":"Feature","geometry":{"type":"Point","coordinates":[127.1240936,37.4953859]},"properties":{"feature":"metro","name":"","source_url":"https://www.openstreetmap.org/node/3404838225"}},{"type":"Feature","geometry":{"type":"Point","coordinates":[127.0284757,37.496666]},"properties":{"feature":"metro","name":"","source_url":"https://www.openstreetmap.org/node/3404840062"}},{"type":"Feature","geometry":{"type":"Point","coordinates":[127.0280463,37.4965253]},"properties":{"feature":"metro","name":"","source_url":"https://www.openstreetmap.org/node/3404840063"}},{"type":"Feature","geometry":{"type":"Point","coordinates":[127.029065,37.4954867]},"properties":{"feature":"metro","name":"","source_url":"https://www.openstreetmap.org/node/3404840064"}},{"type":"Feature","geometry":{"type":"Point","coordinates":[127.0286183,37.4953577]},"properties":{"feature":"metro","name":"","source_url":"https://www.openstreetmap.org/node/3404840065"}},{"type":"Feature","geometry":{"type":"Point","coordinates":[127.094941,37.5345199]},"properties":{"feature":"metro","name":"","source_url":"https://www.openstreetmap.org/node/3404864811"}},{"type":"Feature","geometry":{"type":"Point","coordinates":[127.0951999,37.5346241]},"properties":{"feature":"metro","name":"","source_url":"https://www.openstreetmap.org/node/3404864812"}},{"type":"Feature","geometry":{"type":"Point","coordinates":[127.0945843,37.5350814]},"properties":{"feature":"metro","name":"","source_url":"https://www.openstreetmap.org/node/3404864813"}},{"type":"Feature","geometry":{"type":"Point","coordinates":[127.0948525,37.5351898]},"properties":{"feature":"metro","name":"","source_url":"https://www.openstreetmap.org/node/3404864814"}},{"type":"Feature","geometry":{"type":"Point","coordinates":[127.0477395,37.5043817]},"properties":{"feature":"metro","name":"","source_url":"https://www.openstreetmap.org/node/3404870719"}},{"type":"Feature","geometry":{"type":"Point","coordinates":[127.0478118,37.5038538]},"properties":{"feature":"metro","name":"","source_url":"https://www.openstreetmap.org/node/3404870720"}},{"type":"Feature","geometry":{"type":"Point","coordinates":[127.048482,37.5045706]},"properties":{"feature":"metro","name":"","source_url":"https://www.openstreetmap.org/node/3404870721"}},{"type":"Feature","geometry":{"type":"Point","coordinates":[127.0485637,37.5049763]},"properties":{"feature":"metro","name":"","source_url":"https://www.openstreetmap.org/node/3404870722"}},{"type":"Feature","geometry":{"type":"Point","coordinates":[127.0488953,37.5050134]},"properties":{"feature":"metro","name":"","source_url":"https://www.openstreetmap.org/node/3404870723"}},{"type":"Feature","geometry":{"type":"Point","coordinates":[127.0493039,37.5048207]},"properties":{"feature":"metro","name":"","source_url":"https://www.openstreetmap.org/node/3404870724"}},{"type":"Feature","geometry":{"type":"Point","coordinates":[127.0493039,37.504039]},"properties":{"feature":"metro","name":"","source_url":"https://www.openstreetmap.org/node/3404870725"}},{"type":"Feature","geometry":{"type":"Point","coordinates":[127.0491545,37.5040316]},"properties":{"feature":"metro","name":"","source_url":"https://www.openstreetmap.org/node/3404870726"}},{"type":"Feature","geometry":{"type":"Point","coordinates":[127.0496775,37.5049207]},"properties":{"feature":"metro","name":"","source_url":"https://www.openstreetmap.org/node/3404870727"}},{"type":"Feature","geometry":{"type":"Point","coordinates":[127.0499414,37.504478]},"properties":{"feature":"metro","name":"","source_url":"https://www.openstreetmap.org/node/3404870728"}},{"type":"Feature","geometry":{"type":"Point","coordinates":[127.0624955,37.5092783]},"properties":{"feature":"metro","name":"","source_url":"https://www.openstreetmap.org/node/3404873903"}},{"type":"Feature","geometry":{"type":"Point","coordinates":[127.0623309,37.5089162]},"properties":{"feature":"metro","name":"","source_url":"https://www.openstreetmap.org/node/3404873904"}},{"type":"Feature","geometry":{"type":"Point","coordinates":[127.0632718,37.5095283]},"properties":{"feature":"metro","name":"","source_url":"https://www.openstreetmap.org/node/3404873905"}},{"type":"Feature","geometry":{"type":"Point","coordinates":[127.0637423,37.509377]},"properties":{"feature":"metro","name":"","source_url":"https://www.openstreetmap.org/node/3404873906"}},{"type":"Feature","geometry":{"type":"Point","coordinates":[127.0626157,37.5083809]},"properties":{"feature":"metro","name":"","source_url":"https://www.openstreetmap.org/node/3404873907"}},{"type":"Feature","geometry":{"type":"Point","coordinates":[127.0631267,37.5082553]},"properties":{"feature":"metro","name":"","source_url":"https://www.openstreetmap.org/node/3404873908"}},{"type":"Feature","geometry":{"type":"Point","coordinates":[127.064,37.5088804]},"properties":{"feature":"metro","name":"","source_url":"https://www.openstreetmap.org/node/3404873909"}},{"type":"Feature","geometry":{"type":"Point","coordinates":[127.0637494,37.5084561]},"properties":{"feature":"metro","name":"","source_url":"https://www.openstreetmap.org/node/3404873910"}},{"type":"Feature","geometry":{"type":"Point","coordinates":[127.0732162,37.5116219]},"properties":{"feature":"metro","name":"","source_url":"https://www.openstreetmap.org/node/3404875698"}},{"type":"Feature","geometry":{"type":"Point","coordinates":[127.0737639,37.511712]},"properties":{"feature":"metro","name":"","source_url":"https://www.openstreetmap.org/node/3404875699"}},{"type":"Feature","geometry":{"type":"Point","coordinates":[127.0727442,37.5112665]},"properties":{"feature":"metro","name":"","source_url":"https://www.openstreetmap.org/node/3404875700"}},{"type":"Feature","geometry":{"type":"Point","coordinates":[127.0734201,37.5105602]},"properties":{"feature":"metro","name":"","source_url":"https://www.openstreetmap.org/node/3404875701"}},{"type":"Feature","geometry":{"type":"Point","coordinates":[127.0727898,37.5104921]},"properties":{"feature":"metro","name":"","source_url":"https://www.openstreetmap.org/node/3404875702"}},{"type":"Feature","geometry":{"type":"Point","coordinates":[127.0745895,37.511658]},"properties":{"feature":"metro","name":"","source_url":"https://www.openstreetmap.org/node/3404875703"}},{"type":"Feature","geometry":{"type":"Point","coordinates":[127.0745869,37.5108134]},"properties":{"feature":"metro","name":"","source_url":"https://www.openstreetmap.org/node/3404875704"}},{"type":"Feature","geometry":{"type":"Point","coordinates":[127.0751514,37.5109916]},"properties":{"feature":"metro","name":"","source_url":"https://www.openstreetmap.org/node/3404875705"}},{"type":"Feature","geometry":{"type":"Point","coordinates":[127.0852192,37.5119829]},"properties":{"feature":"metro","name":"","source_url":"https://www.openstreetmap.org/node/3404877574"}},{"type":"Feature","geometry":{"type":"Point","coordinates":[127.0859819,37.5118378]},"properties":{"feature":"metro","name":"","source_url":"https://www.openstreetmap.org/node/3404877576"}},{"type":"Feature","geometry":{"type":"Point","coordinates":[127.0859058,37.5111729]},"properties":{"feature":"metro","name":"","source_url":"https://www.openstreetmap.org/node/3404877577"}},{"type":"Feature","geometry":{"type":"Point","coordinates":[127.0852191,37.5114112]},"properties":{"feature":"metro","name":"","source_url":"https://www.openstreetmap.org/node/3404877578"}},{"type":"Feature","geometry":{"type":"Point","coordinates":[127.0847444,37.5114219]},"properties":{"feature":"metro","name":"","source_url":"https://www.openstreetmap.org/node/3404877579"}},{"type":"Feature","geometry":{"type":"Point","coordinates":[127.0876197,37.511758]},"properties":{"feature":"metro","name":"","source_url":"https://www.openstreetmap.org/node/3404877580"}},{"type":"Feature","geometry":{"type":"Point","coordinates":[127.0876304,37.511258]},"properties":{"feature":"metro","name":"","source_url":"https://www.openstreetmap.org/node/3404877581"}},{"type":"Feature","geometry":{"type":"Point","coordinates":[127.1035198,37.5209742]},"properties":{"feature":"metro","name":"","source_url":"https://www.openstreetmap.org/node/3404879296"}},{"type":"Feature","geometry":{"type":"Point","coordinates":[127.1037854,37.5210742]},"properties":{"feature":"metro","name":"","source_url":"https://www.openstreetmap.org/node/3404879297"}},{"type":"Feature","geometry":{"type":"Point","coordinates":[127.1038256,37.5204126]},"properties":{"feature":"metro","name":"","source_url":"https://www.openstreetmap.org/node/3404879298"}},{"type":"Feature","geometry":{"type":"Point","coordinates":[127.1040938,37.5204871]},"properties":{"feature":"metro","name":"","source_url":"https://www.openstreetmap.org/node/3404879299"}},{"type":"Feature","geometry":{"type":"Point","coordinates":[127.085092,37.5370084]},"properties":{"feature":"metro","name":"","source_url":"https://www.openstreetmap.org/node/3404885212"}},{"type":"Feature","geometry":{"type":"Point","coordinates":[127.0851698,37.5367872]},"properties":{"feature":"metro","name":"","source_url":"https://www.openstreetmap.org/node/3404885213"}},{"type":"Feature","geometry":{"type":"Point","coordinates":[127.0869776,37.5374593]},"properties":{"feature":"metro","name":"","source_url":"https://www.openstreetmap.org/node/3404885214"}},{"type":"Feature","geometry":{"type":"Point","coordinates":[127.0871009,37.53727]},"properties":{"feature":"metro","name":"","source_url":"https://www.openstreetmap.org/node/3404885215"}},{"type":"Feature","geometry":{"type":"Point","coordinates":[127.0551237,37.5450398]},"properties":{"feature":"metro","name":"","source_url":"https://www.openstreetmap.org/node/3404887383"}},{"type":"Feature","geometry":{"type":"Point","coordinates":[127.0550065,37.5447446]},"properties":{"feature":"metro","name":"","source_url":"https://www.openstreetmap.org/node/3404887384"}},{"type":"Feature","geometry":{"type":"Point","coordinates":[127.0570324,37.5444263]},"properties":{"feature":"metro","name":"","source_url":"https://www.openstreetmap.org/node/3404887385"}},{"type":"Feature","geometry":{"type":"Point","coordinates":[127.0569174,37.5441528]},"properties":{"feature":"metro","name":"","source_url":"https://www.openstreetmap.org/node/3404887386"}},{"type":"Feature","geometry":{"type":"Point","coordinates":[127.0482465,37.5471274]},"properties":{"feature":"metro","name":"","source_url":"https://www.openstreetmap.org/node/3404892517"}},{"type":"Feature","geometry":{"type":"Point","coordinates":[127.0480802,37.5468233]},"properties":{"feature":"metro","name":"","source_url":"https://www.openstreetmap.org/node/3404892518"}},{"type":"Feature","geometry":{"type":"Point","coordinates":[127.0468222,37.5475485]},"properties":{"feature":"metro","name":"","source_url":"https://www.openstreetmap.org/node/3404892519"}},{"type":"Feature","geometry":{"type":"Point","coordinates":[127.0467364,37.5472763]},"properties":{"feature":"metro","name":"","source_url":"https://www.openstreetmap.org/node/3404892520"}},{"type":"Feature","geometry":{"type":"Point","coordinates":[127.0291491,37.5647399]},"properties":{"feature":"metro","name":"","source_url":"https://www.openstreetmap.org/node/3404901178"}},{"type":"Feature","geometry":{"type":"Point","coordinates":[127.0287924,37.5643679]},"properties":{"feature":"metro","name":"","source_url":"https://www.openstreetmap.org/node/3404901179"}},{"type":"Feature","geometry":{"type":"Point","coordinates":[127.0292913,37.5642446]},"properties":{"feature":"metro","name":"","source_url":"https://www.openstreetmap.org/node/3404901180"}},{"type":"Feature","geometry":{"type":"Point","coordinates":[127.0301764,37.5643381]},"properties":{"feature":"metro","name":"","source_url":"https://www.openstreetmap.org/node/3404901181"}},{"type":"Feature","geometry":{"type":"Point","coordinates":[127.030383,37.5640319]},"properties":{"feature":"metro","name":"","source_url":"https://www.openstreetmap.org/node/3404901182"}},{"type":"Feature","geometry":{"type":"Point","coordinates":[127.0388029,37.5644872]},"properties":{"feature":"metro","name":"","source_url":"https://www.openstreetmap.org/node/3404901183"}},{"type":"Feature","geometry":{"type":"Point","coordinates":[126.9821369,37.5662726]},"properties":{"feature":"metro","name":"","source_url":"https://www.openstreetmap.org/node/3404901184"}},{"type":"Feature","geometry":{"type":"Point","coordinates":[126.9823094,37.5664058]},"properties":{"feature":"metro","name":"","source_url":"https://www.openstreetmap.org/node/3404901185"}},{"type":"Feature","geometry":{"type":"Point","coordinates":[126.9830135,37.5665185]},"properties":{"feature":"metro","name":"","source_url":"https://www.openstreetmap.org/node/3404901186"}},{"type":"Feature","geometry":{"type":"Point","coordinates":[126.9832159,37.566373]},"properties":{"feature":"metro","name":"","source_url":"https://www.openstreetmap.org/node/3404901187"}},{"type":"Feature","geometry":{"type":"Point","coordinates":[126.9831794,37.5657611]},"properties":{"feature":"metro","name":"","source_url":"https://www.openstreetmap.org/node/3404901188"}},{"type":"Feature","geometry":{"type":"Point","coordinates":[126.982964,37.5656188]},"properties":{"feature":"metro","name":"","source_url":"https://www.openstreetmap.org/node/3404901189"}},{"type":"Feature","geometry":{"type":"Point","coordinates":[126.9820068,37.565895]},"properties":{"feature":"metro","name":"","source_url":"https://www.openstreetmap.org/node/3404901190"}},{"type":"Feature","geometry":{"type":"Point","coordinates":[126.9823518,37.5654717]},"properties":{"feature":"metro","name":"","source_url":"https://www.openstreetmap.org/node/3404901191"}},{"type":"Feature","geometry":{"type":"Point","coordinates":[126.9774322,37.5661121]},"properties":{"feature":"metro","name":"","source_url":"https://www.openstreetmap.org/node/3404904655"}},{"type":"Feature","geometry":{"type":"Point","coordinates":[126.9773672,37.5668639]},"properties":{"feature":"metro","name":"","source_url":"https://www.openstreetmap.org/node/3404904656"}},{"type":"Feature","geometry":{"type":"Point","coordinates":[126.9768675,37.5659896]},"properties":{"feature":"metro","name":"","source_url":"https://www.openstreetmap.org/node/3404904657"}},{"type":"Feature","geometry":{"type":"Point","coordinates":[126.9768633,37.5657675]},"properties":{"feature":"metro","name":"","source_url":"https://www.openstreetmap.org/node/3404904658"}},{"type":"Feature","geometry":{"type":"Point","coordinates":[126.9776959,37.5648345]},"properties":{"feature":"metro","name":"","source_url":"https://www.openstreetmap.org/node/3404904659"}},{"type":"Feature","geometry":{"type":"Point","coordinates":[126.977343,37.5642854]},"properties":{"feature":"metro","name":"","source_url":"https://www.openstreetmap.org/node/3404904660"}},{"type":"Feature","geometry":{"type":"Point","coordinates":[126.9767249,37.564607]},"properties":{"feature":"metro","name":"","source_url":"https://www.openstreetmap.org/node/3404904661"}},{"type":"Feature","geometry":{"type":"Point","coordinates":[126.9763923,37.5642244]},"properties":{"feature":"metro","name":"","source_url":"https://www.openstreetmap.org/node/3404904662"}},{"type":"Feature","geometry":{"type":"Point","coordinates":[126.9756186,37.5638321]},"properties":{"feature":"metro","name":"","source_url":"https://www.openstreetmap.org/node/3404904663"}},{"type":"Feature","geometry":{"type":"Point","coordinates":[126.9764756,37.5637124]},"properties":{"feature":"metro","name":"","source_url":"https://www.openstreetmap.org/node/3404904664"}},{"type":"Feature","geometry":{"type":"Point","coordinates":[126.9739922,37.5633133]},"properties":{"feature":"metro","name":"","source_url":"https://www.openstreetmap.org/node/3404904665"}},{"type":"Feature","geometry":{"type":"Point","coordinates":[126.9740532,37.5628918]},"properties":{"feature":"metro","name":"","source_url":"https://www.openstreetmap.org/node/3404904666"}},{"type":"Feature","geometry":{"type":"Point","coordinates":[126.9559431,37.5575921]},"properties":{"feature":"metro","name":"","source_url":"https://www.openstreetmap.org/node/3404904761"}},{"type":"Feature","geometry":{"type":"Point","coordinates":[126.9564527,37.5575809]},"properties":{"feature":"metro","name":"","source_url":"https://www.openstreetmap.org/node/3404904762"}},{"type":"Feature","geometry":{"type":"Point","coordinates":[126.9559031,37.5572306]},"properties":{"feature":"metro","name":"","source_url":"https://www.openstreetmap.org/node/3404904763"}},{"type":"Feature","geometry":{"type":"Point","coordinates":[126.9561365,37.5569751]},"properties":{"feature":"metro","name":"","source_url":"https://www.openstreetmap.org/node/3404904764"}},{"type":"Feature","geometry":{"type":"Point","coordinates":[126.9456142,37.5568458]},"properties":{"feature":"metro","name":"","source_url":"https://www.openstreetmap.org/node/3404904818"}},{"type":"Feature","geometry":{"type":"Point","coordinates":[126.9458014,37.5570112]},"properties":{"feature":"metro","name":"","source_url":"https://www.openstreetmap.org/node/3404904819"}},{"type":"Feature","geometry":{"type":"Point","coordinates":[126.9459597,37.5570497]},"properties":{"feature":"metro","name":"","source_url":"https://www.openstreetmap.org/node/3404904820"}},{"type":"Feature","geometry":{"type":"Point","coordinates":[126.9461923,37.5568719]},"properties":{"feature":"metro","name":"","source_url":"https://www.openstreetmap.org/node/3404904821"}},{"type":"Feature","geometry":{"type":"Point","coordinates":[126.9454723,37.5566467]},"properties":{"feature":"metro","name":"","source_url":"https://www.openstreetmap.org/node/3404904822"}},{"type":"Feature","geometry":{"type":"Point","coordinates":[126.9459536,37.5563625]},"properties":{"feature":"metro","name":"","source_url":"https://www.openstreetmap.org/node/3404904823"}},{"type":"Feature","geometry":{"type":"Point","coordinates":[126.9364458,37.5554764]},"properties":{"feature":"metro","name":"","source_url":"https://www.openstreetmap.org/node/3404915393"}},{"type":"Feature","geometry":{"type":"Point","coordinates":[126.9367481,37.5555877]},"properties":{"feature":"metro","name":"","source_url":"https://www.openstreetmap.org/node/3404915394"}},{"type":"Feature","geometry":{"type":"Point","coordinates":[126.9370061,37.5555878]},"properties":{"feature":"metro","name":"","source_url":"https://www.openstreetmap.org/node/3404915395"}},{"type":"Feature","geometry":{"type":"Point","coordinates":[126.9372855,37.5554545]},"properties":{"feature":"metro","name":"","source_url":"https://www.openstreetmap.org/node/3404915396"}},{"type":"Feature","geometry":{"type":"Point","coordinates":[126.9373677,37.5548571]},"properties":{"feature":"metro","name":"","source_url":"https://www.openstreetmap.org/node/3404915397"}},{"type":"Feature","geometry":{"type":"Point","coordinates":[126.9376773,37.5551724]},"properties":{"feature":"metro","name":"","source_url":"https://www.openstreetmap.org/node/3404915398"}},{"type":"Feature","geometry":{"type":"Point","coordinates":[126.9360506,37.5552463]},"properties":{"feature":"metro","name":"","source_url":"https://www.openstreetmap.org/node/3404915400"}},{"type":"Feature","geometry":{"type":"Point","coordinates":[126.9253023,37.5585121]},"properties":{"feature":"metro","name":"","source_url":"https://www.openstreetmap.org/node/3404932004"}},{"type":"Feature","geometry":{"type":"Point","coordinates":[126.9259593,37.5580814]},"properties":{"feature":"metro","name":"","source_url":"https://www.openstreetmap.org/node/3404932005"}},{"type":"Feature","geometry":{"type":"Point","coordinates":[126.926989,37.5576965]},"properties":{"feature":"metro","name":"","source_url":"https://www.openstreetmap.org/node/3404932006"}},{"type":"Feature","geometry":{"type":"Point","coordinates":[126.9273771,37.5569743]},"properties":{"feature":"metro","name":"","source_url":"https://www.openstreetmap.org/node/3404932007"}},{"type":"Feature","geometry":{"type":"Point","coordinates":[126.9287032,37.5566222]},"properties":{"feature":"metro","name":"","source_url":"https://www.openstreetmap.org/node/3404932008"}},{"type":"Feature","geometry":{"type":"Point","coordinates":[126.9238879,37.5571558]},"properties":{"feature":"metro","name":"","source_url":"https://www.openstreetmap.org/node/3404932009"}},{"type":"Feature","geometry":{"type":"Point","coordinates":[126.9241233,37.5568887]},"properties":{"feature":"metro","name":"","source_url":"https://www.openstreetmap.org/node/3404932010"}},{"type":"Feature","geometry":{"type":"Point","coordinates":[126.9229218,37.5560397]},"properties":{"feature":"metro","name":"","source_url":"https://www.openstreetmap.org/node/3404932011"}},{"type":"Feature","geometry":{"type":"Point","coordinates":[126.9226779,37.5562768]},"properties":{"feature":"metro","name":"","source_url":"https://www.openstreetmap.org/node/3404932012"}},{"type":"Feature","geometry":{"type":"Point","coordinates":[127.0473622,37.5698557]},"properties":{"feature":"metro","name":"","source_url":"https://www.openstreetmap.org/node/3404934163"}},{"type":"Feature","geometry":{"type":"Point","coordinates":[127.0230188,37.5760269]},"properties":{"feature":"metro","name":"","source_url":"https://www.openstreetmap.org/node/3404935443"}},{"type":"Feature","geometry":{"type":"Point","coordinates":[127.0377645,37.5742203]},"properties":{"feature":"metro","name":"","source_url":"https://www.openstreetmap.org/node/3404936951"}},{"type":"Feature","geometry":{"type":"Point","coordinates":[127.0379525,37.5744938]},"properties":{"feature":"metro","name":"","source_url":"https://www.openstreetmap.org/node/3404936952"}},{"type":"Feature","geometry":{"type":"Point","coordinates":[127.0386457,37.5741544]},"properties":{"feature":"metro","name":"","source_url":"https://www.openstreetmap.org/node/3404936953"}},{"type":"Feature","geometry":{"type":"Point","coordinates":[127.0382852,37.5736318]},"properties":{"feature":"metro","name":"","source_url":"https://www.openstreetmap.org/node/3404936954"}},{"type":"Feature","geometry":{"type":"Point","coordinates":[127.037746,37.5738882]},"properties":{"feature":"metro","name":"","source_url":"https://www.openstreetmap.org/node/3404936955"}},{"type":"Feature","geometry":{"type":"Point","coordinates":[127.0513795,37.5624956]},"properties":{"feature":"metro","name":"","source_url":"https://www.openstreetmap.org/node/3404940609"}},{"type":"Feature","geometry":{"type":"Point","coordinates":[127.0504369,37.5625858]},"properties":{"feature":"metro","name":"","source_url":"https://www.openstreetmap.org/node/3404940610"}},{"type":"Feature","geometry":{"type":"Point","coordinates":[126.7675681,37.7251995]},"properties":{"feature":"metro","name":"","source_url":"https://www.openstreetmap.org/node/3404969052"}},{"type":"Feature","geometry":{"type":"Point","coordinates":[126.7692151,37.6818014]},"properties":{"feature":"metro","name":"","source_url":"https://www.openstreetmap.org/node/3404973348"}},{"type":"Feature","geometry":{"type":"Point","coordinates":[126.7607902,37.6939369]},"properties":{"feature":"metro","name":"","source_url":"https://www.openstreetmap.org/node/3404973468"}},{"type":"Feature","geometry":{"type":"Point","coordinates":[126.7614051,37.6939704]},"properties":{"feature":"metro","name":"","source_url":"https://www.openstreetmap.org/node/3404973469"}},{"type":"Feature","geometry":{"type":"Point","coordinates":[126.7866329,37.6726502]},"properties":{"feature":"metro","name":"","source_url":"https://www.openstreetmap.org/node/3404983728"}},{"type":"Feature","geometry":{"type":"Point","coordinates":[126.7858717,37.6722085]},"properties":{"feature":"metro","name":"","source_url":"https://www.openstreetmap.org/node/3404983729"}},{"type":"Feature","geometry":{"type":"Point","coordinates":[126.7946685,37.6584346]},"properties":{"feature":"metro","name":"","source_url":"https://www.openstreetmap.org/node/3404983730"}},{"type":"Feature","geometry":{"type":"Point","coordinates":[126.7940413,37.6581193]},"properties":{"feature":"metro","name":"","source_url":"https://www.openstreetmap.org/node/3404983731"}},{"type":"Feature","geometry":{"type":"Point","coordinates":[126.802148,37.6458366]},"properties":{"feature":"metro","name":"","source_url":"https://www.openstreetmap.org/node/3404987946"}},{"type":"Feature","geometry":{"type":"Point","coordinates":[126.8014332,37.6456366]},"properties":{"feature":"metro","name":"","source_url":"https://www.openstreetmap.org/node/3404987947"}},{"type":"Feature","geometry":{"type":"Point","coordinates":[126.8344885,37.6123853]},"properties":{"feature":"metro","name":"","source_url":"https://www.openstreetmap.org/node/3404989849"}},{"type":"Feature","geometry":{"type":"Point","coordinates":[127.0446859,37.7480624]},"properties":{"feature":"metro","name":"","source_url":"https://www.openstreetmap.org/node/3404990984"}},{"type":"Feature","geometry":{"type":"Point","coordinates":[127.0441651,37.7482682]},"properties":{"feature":"metro","name":"","source_url":"https://www.openstreetmap.org/node/3404990985"}},{"type":"Feature","geometry":{"type":"Point","coordinates":[127.044569,37.7483776]},"properties":{"feature":"metro","name":"","source_url":"https://www.openstreetmap.org/node/3404990986"}},{"type":"Feature","geometry":{"type":"Point","coordinates":[127.0455745,37.7363026]},"properties":{"feature":"metro","name":"","source_url":"https://www.openstreetmap.org/node/3404990987"}},{"type":"Feature","geometry":{"type":"Point","coordinates":[127.0451902,37.738623]},"properties":{"feature":"metro","name":"","source_url":"https://www.openstreetmap.org/node/3404990988"}},{"type":"Feature","geometry":{"type":"Point","coordinates":[127.0449639,37.7382486]},"properties":{"feature":"metro","name":"","source_url":"https://www.openstreetmap.org/node/3404990989"}},{"type":"Feature","geometry":{"type":"Point","coordinates":[127.046529,37.738773]},"properties":{"feature":"metro","name":"","source_url":"https://www.openstreetmap.org/node/3404990990"}},{"type":"Feature","geometry":{"type":"Point","coordinates":[127.0462878,37.7391516]},"properties":{"feature":"metro","name":"","source_url":"https://www.openstreetmap.org/node/3404990991"}},{"type":"Feature","geometry":{"type":"Point","coordinates":[127.0466335,37.7381613]},"properties":{"feature":"metro","name":"","source_url":"https://www.openstreetmap.org/node/3404990992"}},{"type":"Feature","geometry":{"type":"Point","coordinates":[127.0469394,37.7363939]},"properties":{"feature":"metro","name":"","source_url":"https://www.openstreetmap.org/node/3404991193"}},{"type":"Feature","geometry":{"type":"Point","coordinates":[127.0464727,37.7250849]},"properties":{"feature":"metro","name":"","source_url":"https://www.openstreetmap.org/node/3404991196"}},{"type":"Feature","geometry":{"type":"Point","coordinates":[127.0470903,37.7243936]},"properties":{"feature":"metro","name":"","source_url":"https://www.openstreetmap.org/node/3404991197"}},{"type":"Feature","geometry":{"type":"Point","coordinates":[127.0473379,37.7112585]},"properties":{"feature":"metro","name":"","source_url":"https://www.openstreetmap.org/node/3404991198"}},{"type":"Feature","geometry":{"type":"Point","coordinates":[127.0470919,37.7112022]},"properties":{"feature":"metro","name":"","source_url":"https://www.openstreetmap.org/node/3404991199"}},{"type":"Feature","geometry":{"type":"Point","coordinates":[127.0475298,37.709036]},"properties":{"feature":"metro","name":"","source_url":"https://www.openstreetmap.org/node/3404991200"}},{"type":"Feature","geometry":{"type":"Point","coordinates":[127.0455748,37.6800421]},"properties":{"feature":"metro","name":"","source_url":"https://www.openstreetmap.org/node/3404991201"}},{"type":"Feature","geometry":{"type":"Point","coordinates":[127.0451689,37.677701]},"properties":{"feature":"metro","name":"","source_url":"https://www.openstreetmap.org/node/3404991202"}},{"type":"Feature","geometry":{"type":"Point","coordinates":[127.0453599,37.6776864]},"properties":{"feature":"metro","name":"","source_url":"https://www.openstreetmap.org/node/3404991203"}},{"type":"Feature","geometry":{"type":"Point","coordinates":[127.0441148,37.6685499]},"properties":{"feature":"metro","name":"","source_url":"https://www.openstreetmap.org/node/3404991204"}},{"type":"Feature","geometry":{"type":"Point","coordinates":[127.0443109,37.668561]},"properties":{"feature":"metro","name":"","source_url":"https://www.openstreetmap.org/node/3404991205"}},{"type":"Feature","geometry":{"type":"Point","coordinates":[127.0445234,37.6662543]},"properties":{"feature":"metro","name":"","source_url":"https://www.openstreetmap.org/node/3404991206"}},{"type":"Feature","geometry":{"type":"Point","coordinates":[127.0506178,37.6458763]},"properties":{"feature":"metro","name":"","source_url":"https://www.openstreetmap.org/node/3404991207"}},{"type":"Feature","geometry":{"type":"Point","coordinates":[127.0509288,37.6459735]},"properties":{"feature":"metro","name":"","source_url":"https://www.openstreetmap.org/node/3404991208"}},{"type":"Feature","geometry":{"type":"Point","coordinates":[127.0520043,37.6433684]},"properties":{"feature":"metro","name":"","source_url":"https://www.openstreetmap.org/node/3404991209"}},{"type":"Feature","geometry":{"type":"Point","coordinates":[127.0518502,37.643344]},"properties":{"feature":"metro","name":"","source_url":"https://www.openstreetmap.org/node/3404991210"}},{"type":"Feature","geometry":{"type":"Point","coordinates":[127.0590799,37.6340331]},"properties":{"feature":"metro","name":"","source_url":"https://www.openstreetmap.org/node/3404991213"}},{"type":"Feature","geometry":{"type":"Point","coordinates":[127.0587542,37.6317091]},"properties":{"feature":"metro","name":"","source_url":"https://www.openstreetmap.org/node/3404991214"}},{"type":"Feature","geometry":{"type":"Point","coordinates":[127.0613623,37.6235736]},"properties":{"feature":"metro","name":"","source_url":"https://www.openstreetmap.org/node/3404991215"}},{"type":"Feature","geometry":{"type":"Point","coordinates":[127.0615057,37.6233266]},"properties":{"feature":"metro","name":"","source_url":"https://www.openstreetmap.org/node/3404991216"}},{"type":"Feature","geometry":{"type":"Point","coordinates":[127.0619723,37.6229609]},"properties":{"feature":"metro","name":"","source_url":"https://www.openstreetmap.org/node/3404991217"}},{"type":"Feature","geometry":{"type":"Point","coordinates":[127.0675607,37.6027674]},"properties":{"feature":"metro","name":"","source_url":"https://www.openstreetmap.org/node/3404991218"}},{"type":"Feature","geometry":{"type":"Point","coordinates":[127.0677655,37.6027255]},"properties":{"feature":"metro","name":"","source_url":"https://www.openstreetmap.org/node/3404991219"}},{"type":"Feature","geometry":{"type":"Point","coordinates":[127.0685473,37.6026537]},"properties":{"feature":"metro","name":"","source_url":"https://www.openstreetmap.org/node/3404991220"}},{"type":"Feature","geometry":{"type":"Point","coordinates":[127.0670213,37.6007015]},"properties":{"feature":"metro","name":"","source_url":"https://www.openstreetmap.org/node/3404991221"}},{"type":"Feature","geometry":{"type":"Point","coordinates":[127.0666819,37.6007891]},"properties":{"feature":"metro","name":"","source_url":"https://www.openstreetmap.org/node/3404991222"}},{"type":"Feature","geometry":{"type":"Point","coordinates":[127.0628955,37.5954655]},"properties":{"feature":"metro","name":"","source_url":"https://www.openstreetmap.org/node/3404991224"}},{"type":"Feature","geometry":{"type":"Point","coordinates":[127.0632749,37.5954368]},"properties":{"feature":"metro","name":"","source_url":"https://www.openstreetmap.org/node/3404991225"}},{"type":"Feature","geometry":{"type":"Point","coordinates":[127.057615,37.5899282]},"properties":{"feature":"metro","name":"","source_url":"https://www.openstreetmap.org/node/3404991230"}},{"type":"Feature","geometry":{"type":"Point","coordinates":[127.0584393,37.5897486]},"properties":{"feature":"metro","name":"","source_url":"https://www.openstreetmap.org/node/3404991231"}},{"type":"Feature","geometry":{"type":"Point","coordinates":[127.0455927,37.5807099]},"properties":{"feature":"metro","name":"","source_url":"https://www.openstreetmap.org/node/3404991232"}},{"type":"Feature","geometry":{"type":"Point","coordinates":[127.0459463,37.5808564]},"properties":{"feature":"metro","name":"","source_url":"https://www.openstreetmap.org/node/3404991233"}},{"type":"Feature","geometry":{"type":"Point","coordinates":[127.04614,37.5804058]},"properties":{"feature":"metro","name":"","source_url":"https://www.openstreetmap.org/node/3404991234"}},{"type":"Feature","geometry":{"type":"Point","coordinates":[127.0455822,37.5798813]},"properties":{"feature":"metro","name":"","source_url":"https://www.openstreetmap.org/node/3404991235"}},{"type":"Feature","geometry":{"type":"Point","coordinates":[127.0430114,37.5796093]},"properties":{"feature":"metro","name":"","source_url":"https://www.openstreetmap.org/node/3404991236"}},{"type":"Feature","geometry":{"type":"Point","coordinates":[127.0334648,37.5782491]},"properties":{"feature":"metro","name":"","source_url":"https://www.openstreetmap.org/node/3404991237"}},{"type":"Feature","geometry":{"type":"Point","coordinates":[127.0334974,37.5780058]},"properties":{"feature":"metro","name":"","source_url":"https://www.openstreetmap.org/node/3404991238"}},{"type":"Feature","geometry":{"type":"Point","coordinates":[127.0339547,37.5780026]},"properties":{"feature":"metro","name":"","source_url":"https://www.openstreetmap.org/node/3404991239"}},{"type":"Feature","geometry":{"type":"Point","coordinates":[127.0360566,37.5782909]},"properties":{"feature":"metro","name":"","source_url":"https://www.openstreetmap.org/node/3404991240"}},{"type":"Feature","geometry":{"type":"Point","coordinates":[127.0353817,37.5780284]},"properties":{"feature":"metro","name":"","source_url":"https://www.openstreetmap.org/node/3404991241"}},{"type":"Feature","geometry":{"type":"Point","coordinates":[127.0357374,37.5780332]},"properties":{"feature":"metro","name":"","source_url":"https://www.openstreetmap.org/node/3404991242"}},{"type":"Feature","geometry":{"type":"Point","coordinates":[127.0227043,37.5757844]},"properties":{"feature":"metro","name":"","source_url":"https://www.openstreetmap.org/node/3404991244"}},{"type":"Feature","geometry":{"type":"Point","coordinates":[127.0235085,37.5759197]},"properties":{"feature":"metro","name":"","source_url":"https://www.openstreetmap.org/node/3404991245"}},{"type":"Feature","geometry":{"type":"Point","coordinates":[127.0237519,37.5755445]},"properties":{"feature":"metro","name":"","source_url":"https://www.openstreetmap.org/node/3404991246"}},{"type":"Feature","geometry":{"type":"Point","coordinates":[127.0246828,37.5758937]},"properties":{"feature":"metro","name":"","source_url":"https://www.openstreetmap.org/node/3404991248"}},{"type":"Feature","geometry":{"type":"Point","coordinates":[127.025468,37.5761085]},"properties":{"feature":"metro","name":"","source_url":"https://www.openstreetmap.org/node/3404991249"}},{"type":"Feature","geometry":{"type":"Point","coordinates":[127.0241434,37.5749721]},"properties":{"feature":"metro","name":"","source_url":"https://www.openstreetmap.org/node/3404991251"}},{"type":"Feature","geometry":{"type":"Point","coordinates":[127.0265742,37.5741578]},"properties":{"feature":"metro","name":"","source_url":"https://www.openstreetmap.org/node/3404991252"}},{"type":"Feature","geometry":{"type":"Point","coordinates":[127.0262449,37.5742855]},"properties":{"feature":"metro","name":"","source_url":"https://www.openstreetmap.org/node/3404991253"}},{"type":"Feature","geometry":{"type":"Point","coordinates":[127.0264532,37.5739232]},"properties":{"feature":"metro","name":"","source_url":"https://www.openstreetmap.org/node/3404991254"}},{"type":"Feature","geometry":{"type":"Point","coordinates":[127.0016294,37.5710846]},"properties":{"feature":"metro","name":"","source_url":"https://www.openstreetmap.org/node/3404991255"}},{"type":"Feature","geometry":{"type":"Point","coordinates":[127.0017646,37.5711828]},"properties":{"feature":"metro","name":"","source_url":"https://www.openstreetmap.org/node/3404991256"}},{"type":"Feature","geometry":{"type":"Point","coordinates":[127.0020217,37.5711949]},"properties":{"feature":"metro","name":"","source_url":"https://www.openstreetmap.org/node/3404991257"}},{"type":"Feature","geometry":{"type":"Point","coordinates":[127.002143,37.5711597]},"properties":{"feature":"metro","name":"","source_url":"https://www.openstreetmap.org/node/3404991258"}},{"type":"Feature","geometry":{"type":"Point","coordinates":[127.0022138,37.5708236]},"properties":{"feature":"metro","name":"","source_url":"https://www.openstreetmap.org/node/3404991259"}},{"type":"Feature","geometry":{"type":"Point","coordinates":[127.0020898,37.57071]},"properties":{"feature":"metro","name":"","source_url":"https://www.openstreetmap.org/node/3404991260"}},{"type":"Feature","geometry":{"type":"Point","coordinates":[127.0017504,37.5707116]},"properties":{"feature":"metro","name":"","source_url":"https://www.openstreetmap.org/node/3404991261"}},{"type":"Feature","geometry":{"type":"Point","coordinates":[127.001606,37.5708115]},"properties":{"feature":"metro","name":"","source_url":"https://www.openstreetmap.org/node/3404991262"}},{"type":"Feature","geometry":{"type":"Point","coordinates":[126.9824446,37.5703676]},"properties":{"feature":"metro","name":"","source_url":"https://www.openstreetmap.org/node/3404991263"}},{"type":"Feature","geometry":{"type":"Point","coordinates":[126.9828605,37.5709039]},"properties":{"feature":"metro","name":"","source_url":"https://www.openstreetmap.org/node/3404991264"}},{"type":"Feature","geometry":{"type":"Point","coordinates":[126.9832021,37.5709068]},"properties":{"feature":"metro","name":"","source_url":"https://www.openstreetmap.org/node/3404991265"}},{"type":"Feature","geometry":{"type":"Point","coordinates":[126.9838797,37.5703588]},"properties":{"feature":"metro","name":"","source_url":"https://www.openstreetmap.org/node/3404991266"}},{"type":"Feature","geometry":{"type":"Point","coordinates":[126.9838288,37.5700754]},"properties":{"feature":"metro","name":"","source_url":"https://www.openstreetmap.org/node/3404991267"}},{"type":"Feature","geometry":{"type":"Point","coordinates":[126.9713245,37.5416588]},"properties":{"feature":"metro","name":"","source_url":"https://www.openstreetmap.org/node/3404991268"}},{"type":"Feature","geometry":{"type":"Point","coordinates":[126.9267609,37.5130199]},"properties":{"feature":"metro","name":"","source_url":"https://www.openstreetmap.org/node/3404991283"}},{"type":"Feature","geometry":{"type":"Point","coordinates":[126.9268057,37.5129393]},"properties":{"feature":"metro","name":"","source_url":"https://www.openstreetmap.org/node/3404991284"}},{"type":"Feature","geometry":{"type":"Point","coordinates":[126.9271777,37.5130199]},"properties":{"feature":"metro","name":"","source_url":"https://www.openstreetmap.org/node/3404991285"}},{"type":"Feature","geometry":{"type":"Point","coordinates":[126.9268687,37.5136181]},"properties":{"feature":"metro","name":"","source_url":"https://www.openstreetmap.org/node/3404991286"}},{"type":"Feature","geometry":{"type":"Point","coordinates":[126.9268646,37.5126829]},"properties":{"feature":"metro","name":"","source_url":"https://www.openstreetmap.org/node/3404991287"}},{"type":"Feature","geometry":{"type":"Point","coordinates":[126.9272447,37.5127748]},"properties":{"feature":"metro","name":"","source_url":"https://www.openstreetmap.org/node/3404991288"}},{"type":"Feature","geometry":{"type":"Point","coordinates":[126.9072927,37.5164959]},"properties":{"feature":"metro","name":"","source_url":"https://www.openstreetmap.org/node/3404991290"}},{"type":"Feature","geometry":{"type":"Point","coordinates":[126.9064535,37.5161096]},"properties":{"feature":"metro","name":"","source_url":"https://www.openstreetmap.org/node/3404991291"}},{"type":"Feature","geometry":{"type":"Point","coordinates":[126.9077227,37.5149565]},"properties":{"feature":"metro","name":"","source_url":"https://www.openstreetmap.org/node/3404991292"}},{"type":"Feature","geometry":{"type":"Point","coordinates":[126.9079544,37.5150404]},"properties":{"feature":"metro","name":"","source_url":"https://www.openstreetmap.org/node/3404991293"}},{"type":"Feature","geometry":{"type":"Point","coordinates":[126.9072755,37.514699]},"properties":{"feature":"metro","name":"","source_url":"https://www.openstreetmap.org/node/3404991294"}},{"type":"Feature","geometry":{"type":"Point","coordinates":[126.8808014,37.5025243]},"properties":{"feature":"metro","name":"","source_url":"https://www.openstreetmap.org/node/3404991295"}},{"type":"Feature","geometry":{"type":"Point","coordinates":[126.8819062,37.5021188]},"properties":{"feature":"metro","name":"","source_url":"https://www.openstreetmap.org/node/3404991296"}},{"type":"Feature","geometry":{"type":"Point","coordinates":[126.9021765,37.434283]},"properties":{"feature":"metro","name":"","source_url":"https://www.openstreetmap.org/node/3404991297"}},{"type":"Feature","geometry":{"type":"Point","coordinates":[126.9027149,37.4343566]},"properties":{"feature":"metro","name":"","source_url":"https://www.openstreetmap.org/node/3404991298"}},{"type":"Feature","geometry":{"type":"Point","coordinates":[126.8889778,37.466456]},"properties":{"feature":"metro","name":"","source_url":"https://www.openstreetmap.org/node/3404991299"}},{"type":"Feature","geometry":{"type":"Point","coordinates":[126.8895279,37.4664264]},"properties":{"feature":"metro","name":"","source_url":"https://www.openstreetmap.org/node/3404991300"}},{"type":"Feature","geometry":{"type":"Point","coordinates":[126.8685844,37.6034108]},"properties":{"feature":"metro","name":"1번 출구","source_url":"https://www.openstreetmap.org/node/3405014080"}},{"type":"Feature","geometry":{"type":"Point","coordinates":[126.8670547,37.6019675]},"properties":{"feature":"metro","name":"","source_url":"https://www.openstreetmap.org/node/3405014081"}},{"type":"Feature","geometry":{"type":"Point","coordinates":[126.8953224,37.5813517]},"properties":{"feature":"metro","name":"","source_url":"https://www.openstreetmap.org/node/3405014082"}},{"type":"Feature","geometry":{"type":"Point","coordinates":[126.9144538,37.5691977]},"properties":{"feature":"metro","name":"","source_url":"https://www.openstreetmap.org/node/3405024656"}},{"type":"Feature","geometry":{"type":"Point","coordinates":[126.9152571,37.5688092]},"properties":{"feature":"metro","name":"","source_url":"https://www.openstreetmap.org/node/3405024657"}},{"type":"Feature","geometry":{"type":"Point","coordinates":[126.9141287,37.5686463]},"properties":{"feature":"metro","name":"","source_url":"https://www.openstreetmap.org/node/3405024658"}},{"type":"Feature","geometry":{"type":"Point","coordinates":[126.9148235,37.5683756]},"properties":{"feature":"metro","name":"","source_url":"https://www.openstreetmap.org/node/3405024659"}},{"type":"Feature","geometry":{"type":"Point","coordinates":[126.9092237,37.4188986]},"properties":{"feature":"metro","name":"","source_url":"https://www.openstreetmap.org/node/3405090068"}},{"type":"Feature","geometry":{"type":"Point","coordinates":[126.9087988,37.4184789]},"properties":{"feature":"metro","name":"","source_url":"https://www.openstreetmap.org/node/3405090069"}},{"type":"Feature","geometry":{"type":"Point","coordinates":[126.9225719,37.4013261]},"properties":{"feature":"metro","name":"","source_url":"https://www.openstreetmap.org/node/3405090074"}},{"type":"Feature","geometry":{"type":"Point","coordinates":[126.92325,37.4016463]},"properties":{"feature":"metro","name":"","source_url":"https://www.openstreetmap.org/node/3405090075"}},{"type":"Feature","geometry":{"type":"Point","coordinates":[126.9350199,37.3854642]},"properties":{"feature":"metro","name":"","source_url":"https://www.openstreetmap.org/node/3405090084"}},{"type":"Feature","geometry":{"type":"Point","coordinates":[126.9356323,37.3854743]},"properties":{"feature":"metro","name":"","source_url":"https://www.openstreetmap.org/node/3405090085"}},{"type":"Feature","geometry":{"type":"Point","coordinates":[126.9483476,37.3536153]},"properties":{"feature":"metro","name":"","source_url":"https://www.openstreetmap.org/node/3405090799"}},{"type":"Feature","geometry":{"type":"Point","coordinates":[126.9485726,37.3536132]},"properties":{"feature":"metro","name":"","source_url":"https://www.openstreetmap.org/node/3405090800"}},{"type":"Feature","geometry":{"type":"Point","coordinates":[126.9344941,37.5527247]},"properties":{"feature":"metro","name":"","source_url":"https://www.openstreetmap.org/node/3406378780"}},{"type":"Feature","geometry":{"type":"Point","coordinates":[126.9352923,37.5519496]},"properties":{"feature":"metro","name":"","source_url":"https://www.openstreetmap.org/node/3406378781"}},{"type":"Feature","geometry":{"type":"Point","coordinates":[126.9894814,37.5199597]},"properties":{"feature":"metro","name":"","source_url":"https://www.openstreetmap.org/node/3406517417"}},{"type":"Feature","geometry":{"type":"Point","coordinates":[126.9897354,37.5190899]},"properties":{"feature":"metro","name":"","source_url":"https://www.openstreetmap.org/node/3406517418"}},{"type":"Feature","geometry":{"type":"Point","coordinates":[127.0079375,37.529477]},"properties":{"feature":"metro","name":"","source_url":"https://www.openstreetmap.org/node/3406529998"}},{"type":"Feature","geometry":{"type":"Point","coordinates":[127.0350658,37.5511202]},"properties":{"feature":"metro","name":"","source_url":"https://www.openstreetmap.org/node/3406577087"}},{"type":"Feature","geometry":{"type":"Point","coordinates":[127.0353436,37.5511599]},"properties":{"feature":"metro","name":"","source_url":"https://www.openstreetmap.org/node/3406577088"}},{"type":"Feature","geometry":{"type":"Point","coordinates":[127.0476153,37.5800133]},"properties":{"feature":"metro","name":"","source_url":"https://www.openstreetmap.org/node/3406580410"}},{"type":"Feature","geometry":{"type":"Point","coordinates":[127.0752763,37.5948722]},"properties":{"feature":"metro","name":"","source_url":"https://www.openstreetmap.org/node/3406588736"}},{"type":"Feature","geometry":{"type":"Point","coordinates":[127.0753931,37.5946391]},"properties":{"feature":"metro","name":"","source_url":"https://www.openstreetmap.org/node/3406588737"}},{"type":"Feature","geometry":{"type":"Point","coordinates":[127.0764205,37.5951201]},"properties":{"feature":"metro","name":"","source_url":"https://www.openstreetmap.org/node/3406588738"}},{"type":"Feature","geometry":{"type":"Point","coordinates":[127.0764952,37.5948833]},"properties":{"feature":"metro","name":"","source_url":"https://www.openstreetmap.org/node/3406588739"}},{"type":"Feature","geometry":{"type":"Point","coordinates":[127.0914063,37.600048]},"properties":{"feature":"metro","name":"","source_url":"https://www.openstreetmap.org/node/3406589753"}},{"type":"Feature","geometry":{"type":"Point","coordinates":[127.0927303,37.5992274]},"properties":{"feature":"metro","name":"","source_url":"https://www.openstreetmap.org/node/3406589754"}},{"type":"Feature","geometry":{"type":"Point","coordinates":[127.1944211,37.6047706]},"properties":{"feature":"metro","name":"","source_url":"https://www.openstreetmap.org/node/3406590622"}},{"type":"Feature","geometry":{"type":"Point","coordinates":[127.1942009,37.6043641]},"properties":{"feature":"metro","name":"","source_url":"https://www.openstreetmap.org/node/3406590623"}},{"type":"Feature","geometry":{"type":"Point","coordinates":[127.1075927,37.6067047]},"properties":{"feature":"metro","name":"","source_url":"https://www.openstreetmap.org/node/3406590840"}},{"type":"Feature","geometry":{"type":"Point","coordinates":[127.1076534,37.6063532]},"properties":{"feature":"metro","name":"","source_url":"https://www.openstreetmap.org/node/3406590841"}},{"type":"Feature","geometry":{"type":"Point","coordinates":[127.1434162,37.6034822]},"properties":{"feature":"metro","name":"","source_url":"https://www.openstreetmap.org/node/3406590842"}},{"type":"Feature","geometry":{"type":"Point","coordinates":[127.1435423,37.6030789]},"properties":{"feature":"metro","name":"","source_url":"https://www.openstreetmap.org/node/3406590843"}},{"type":"Feature","geometry":{"type":"Point","coordinates":[127.1429786,37.603202]},"properties":{"feature":"metro","name":"","source_url":"https://www.openstreetmap.org/node/3406590844"}},{"type":"Feature","geometry":{"type":"Point","coordinates":[127.2090281,37.5871808]},"properties":{"feature":"metro","name":"","source_url":"https://www.openstreetmap.org/node/3406591686"}},{"type":"Feature","geometry":{"type":"Point","coordinates":[127.2091181,37.5864108]},"properties":{"feature":"metro","name":"","source_url":"https://www.openstreetmap.org/node/3406591687"}},{"type":"Feature","geometry":{"type":"Point","coordinates":[127.2084652,37.5867603]},"properties":{"feature":"metro","name":"","source_url":"https://www.openstreetmap.org/node/3406591688"}},{"type":"Feature","geometry":{"type":"Point","coordinates":[127.2229616,37.579817]},"properties":{"feature":"metro","name":"","source_url":"https://www.openstreetmap.org/node/3406597131"}},{"type":"Feature","geometry":{"type":"Point","coordinates":[127.2228518,37.5794167]},"properties":{"feature":"metro","name":"","source_url":"https://www.openstreetmap.org/node/3406597132"}},{"type":"Feature","geometry":{"type":"Point","coordinates":[127.2435818,37.5468189]},"properties":{"feature":"metro","name":"","source_url":"https://www.openstreetmap.org/node/3406597133"}},{"type":"Feature","geometry":{"type":"Point","coordinates":[126.870884,37.4959794]},"properties":{"feature":"metro","name":"","source_url":"https://www.openstreetmap.org/node/3406758684"}},{"type":"Feature","geometry":{"type":"Point","coordinates":[126.8587926,37.494872]},"properties":{"feature":"metro","name":"","source_url":"https://www.openstreetmap.org/node/3406758685"}},{"type":"Feature","geometry":{"type":"Point","coordinates":[126.8586723,37.4943681]},"properties":{"feature":"metro","name":"","source_url":"https://www.openstreetmap.org/node/3406758686"}},{"type":"Feature","geometry":{"type":"Point","coordinates":[126.8438509,37.4945813]},"properties":{"feature":"metro","name":"","source_url":"https://www.openstreetmap.org/node/3406758687"}},{"type":"Feature","geometry":{"type":"Point","coordinates":[126.8442249,37.4938845]},"properties":{"feature":"metro","name":"","source_url":"https://www.openstreetmap.org/node/3406758688"}},{"type":"Feature","geometry":{"type":"Point","coordinates":[126.8448104,37.4940087]},"properties":{"feature":"metro","name":"","source_url":"https://www.openstreetmap.org/node/3406758689"}},{"type":"Feature","geometry":{"type":"Point","coordinates":[126.8117172,37.485467]},"properties":{"feature":"metro","name":"","source_url":"https://www.openstreetmap.org/node/3406758690"}},{"type":"Feature","geometry":{"type":"Point","coordinates":[126.8119796,37.4850194]},"properties":{"feature":"metro","name":"","source_url":"https://www.openstreetmap.org/node/3406758691"}},{"type":"Feature","geometry":{"type":"Point","coordinates":[126.7952537,37.4829185]},"properties":{"feature":"metro","name":"","source_url":"https://www.openstreetmap.org/node/3406758692"}},{"type":"Feature","geometry":{"type":"Point","coordinates":[126.7952653,37.4825623]},"properties":{"feature":"metro","name":"","source_url":"https://www.openstreetmap.org/node/3406758793"}},{"type":"Feature","geometry":{"type":"Point","coordinates":[126.7958599,37.4824878]},"properties":{"feature":"metro","name":"","source_url":"https://www.openstreetmap.org/node/3406758794"}},{"type":"Feature","geometry":{"type":"Point","coordinates":[126.7823249,37.4843267]},"properties":{"feature":"metro","name":"","source_url":"https://www.openstreetmap.org/node/3406758798"}},{"type":"Feature","geometry":{"type":"Point","coordinates":[126.782938,37.484224]},"properties":{"feature":"metro","name":"","source_url":"https://www.openstreetmap.org/node/3406758799"}},{"type":"Feature","geometry":{"type":"Point","coordinates":[126.7835358,37.4841556]},"properties":{"feature":"metro","name":"","source_url":"https://www.openstreetmap.org/node/3406758800"}},{"type":"Feature","geometry":{"type":"Point","coordinates":[126.7824666,37.4837913]},"properties":{"feature":"metro","name":"","source_url":"https://www.openstreetmap.org/node/3406758801"}},{"type":"Feature","geometry":{"type":"Point","coordinates":[126.783631,37.4836746]},"properties":{"feature":"metro","name":"","source_url":"https://www.openstreetmap.org/node/3406758802"}},{"type":"Feature","geometry":{"type":"Point","coordinates":[126.7642657,37.486999]},"properties":{"feature":"metro","name":"","source_url":"https://www.openstreetmap.org/node/3406758803"}},{"type":"Feature","geometry":{"type":"Point","coordinates":[126.76412,37.4864835]},"properties":{"feature":"metro","name":"","source_url":"https://www.openstreetmap.org/node/3406758804"}},{"type":"Feature","geometry":{"type":"Point","coordinates":[126.7532117,37.4878632]},"properties":{"feature":"metro","name":"","source_url":"https://www.openstreetmap.org/node/3406758805"}},{"type":"Feature","geometry":{"type":"Point","coordinates":[126.7531834,37.4873827]},"properties":{"feature":"metro","name":"","source_url":"https://www.openstreetmap.org/node/3406758806"}},{"type":"Feature","geometry":{"type":"Point","coordinates":[126.7401343,37.4887162]},"properties":{"feature":"metro","name":"","source_url":"https://www.openstreetmap.org/node/3406758807"}},{"type":"Feature","geometry":{"type":"Point","coordinates":[126.7401531,37.4883267]},"properties":{"feature":"metro","name":"","source_url":"https://www.openstreetmap.org/node/3406758808"}},{"type":"Feature","geometry":{"type":"Point","coordinates":[126.7254501,37.4889647]},"properties":{"feature":"metro","name":"","source_url":"https://www.openstreetmap.org/node/3406758813"}},{"type":"Feature","geometry":{"type":"Point","coordinates":[126.7234545,37.4890818]},"properties":{"feature":"metro","name":"","source_url":"https://www.openstreetmap.org/node/3406758814"}},{"type":"Feature","geometry":{"type":"Point","coordinates":[126.7228752,37.4900884]},"properties":{"feature":"metro","name":"","source_url":"https://www.openstreetmap.org/node/3406758815"}},{"type":"Feature","geometry":{"type":"Point","coordinates":[126.7079286,37.4835657]},"properties":{"feature":"metro","name":"","source_url":"https://www.openstreetmap.org/node/3406758817"}},{"type":"Feature","geometry":{"type":"Point","coordinates":[126.7073909,37.4837674]},"properties":{"feature":"metro","name":"","source_url":"https://www.openstreetmap.org/node/3406758818"}},{"type":"Feature","geometry":{"type":"Point","coordinates":[126.7076005,37.4838286]},"properties":{"feature":"metro","name":"","source_url":"https://www.openstreetmap.org/node/3406758819"}},{"type":"Feature","geometry":{"type":"Point","coordinates":[126.7026137,37.4710155]},"properties":{"feature":"metro","name":"","source_url":"https://www.openstreetmap.org/node/3406758820"}},{"type":"Feature","geometry":{"type":"Point","coordinates":[126.7031393,37.4709183]},"properties":{"feature":"metro","name":"","source_url":"https://www.openstreetmap.org/node/3406758821"}},{"type":"Feature","geometry":{"type":"Point","coordinates":[127.1095499,37.3501993]},"properties":{"feature":"metro","name":"","source_url":"https://www.openstreetmap.org/node/3406781696"}},{"type":"Feature","geometry":{"type":"Point","coordinates":[127.1091442,37.3505193]},"properties":{"feature":"metro","name":"","source_url":"https://www.openstreetmap.org/node/3406781697"}},{"type":"Feature","geometry":{"type":"Point","coordinates":[127.1086683,37.3505183]},"properties":{"feature":"metro","name":"","source_url":"https://www.openstreetmap.org/node/3406781698"}},{"type":"Feature","geometry":{"type":"Point","coordinates":[127.1082156,37.350176]},"properties":{"feature":"metro","name":"","source_url":"https://www.openstreetmap.org/node/3406783591"}},{"type":"Feature","geometry":{"type":"Point","coordinates":[127.1084146,37.3662159]},"properties":{"feature":"metro","name":"","source_url":"https://www.openstreetmap.org/node/3406785261"}},{"type":"Feature","geometry":{"type":"Point","coordinates":[127.1084119,37.3660485]},"properties":{"feature":"metro","name":"","source_url":"https://www.openstreetmap.org/node/3406785262"}},{"type":"Feature","geometry":{"type":"Point","coordinates":[127.1078861,37.3681909]},"properties":{"feature":"metro","name":"","source_url":"https://www.openstreetmap.org/node/3406785264"}},{"type":"Feature","geometry":{"type":"Point","coordinates":[127.1147165,37.3785893]},"properties":{"feature":"metro","name":"","source_url":"https://www.openstreetmap.org/node/3406803028"}},{"type":"Feature","geometry":{"type":"Point","coordinates":[127.1145497,37.378734]},"properties":{"feature":"metro","name":"","source_url":"https://www.openstreetmap.org/node/3406803029"}},{"type":"Feature","geometry":{"type":"Point","coordinates":[127.1137481,37.3781708]},"properties":{"feature":"metro","name":"","source_url":"https://www.openstreetmap.org/node/3406803030"}},{"type":"Feature","geometry":{"type":"Point","coordinates":[127.1139359,37.3780088]},"properties":{"feature":"metro","name":"","source_url":"https://www.openstreetmap.org/node/3406803031"}},{"type":"Feature","geometry":{"type":"Point","coordinates":[127.1231171,37.384552]},"properties":{"feature":"metro","name":"","source_url":"https://www.openstreetmap.org/node/3406803032"}},{"type":"Feature","geometry":{"type":"Point","coordinates":[127.1241015,37.3842727]},"properties":{"feature":"metro","name":"","source_url":"https://www.openstreetmap.org/node/3406803033"}},{"type":"Feature","geometry":{"type":"Point","coordinates":[127.1228757,37.3847544]},"properties":{"feature":"metro","name":"","source_url":"https://www.openstreetmap.org/node/3406803034"}},{"type":"Feature","geometry":{"type":"Point","coordinates":[127.1235288,37.3852038]},"properties":{"feature":"metro","name":"","source_url":"https://www.openstreetmap.org/node/3406803035"}},{"type":"Feature","geometry":{"type":"Point","coordinates":[127.1237233,37.3849995]},"properties":{"feature":"metro","name":"","source_url":"https://www.openstreetmap.org/node/3406803036"}},{"type":"Feature","geometry":{"type":"Point","coordinates":[127.1287953,37.3944274]},"properties":{"feature":"metro","name":"","source_url":"https://www.openstreetmap.org/node/3406819214"}},{"type":"Feature","geometry":{"type":"Point","coordinates":[127.1277251,37.3947939]},"properties":{"feature":"metro","name":"","source_url":"https://www.openstreetmap.org/node/3406819215"}},{"type":"Feature","geometry":{"type":"Point","coordinates":[127.1279638,37.3950646]},"properties":{"feature":"metro","name":"","source_url":"https://www.openstreetmap.org/node/3406819216"}},{"type":"Feature","geometry":{"type":"Point","coordinates":[127.1281685,37.3973472]},"properties":{"feature":"metro","name":"","source_url":"https://www.openstreetmap.org/node/3406819217"}},{"type":"Feature","geometry":{"type":"Point","coordinates":[127.1287712,37.3974895]},"properties":{"feature":"metro","name":"","source_url":"https://www.openstreetmap.org/node/3406819218"}},{"type":"Feature","geometry":{"type":"Point","coordinates":[127.1286558,37.3971464]},"properties":{"feature":"metro","name":"","source_url":"https://www.openstreetmap.org/node/3406819219"}},{"type":"Feature","geometry":{"type":"Point","coordinates":[127.1283796,37.4119588]},"properties":{"feature":"metro","name":"","source_url":"https://www.openstreetmap.org/node/3406819220"}},{"type":"Feature","geometry":{"type":"Point","coordinates":[127.1289777,37.4120439]},"properties":{"feature":"metro","name":"","source_url":"https://www.openstreetmap.org/node/3406819221"}},{"type":"Feature","geometry":{"type":"Point","coordinates":[127.1291574,37.4113985]},"properties":{"feature":"metro","name":"","source_url":"https://www.openstreetmap.org/node/3406819222"}},{"type":"Feature","geometry":{"type":"Point","coordinates":[127.128232,37.4113047]},"properties":{"feature":"metro","name":"","source_url":"https://www.openstreetmap.org/node/3406819223"}},{"type":"Feature","geometry":{"type":"Point","coordinates":[127.1295168,37.4334282]},"properties":{"feature":"metro","name":"","source_url":"https://www.openstreetmap.org/node/3406819224"}},{"type":"Feature","geometry":{"type":"Point","coordinates":[127.1273773,37.4400859]},"properties":{"feature":"metro","name":"","source_url":"https://www.openstreetmap.org/node/3408111888"}},{"type":"Feature","geometry":{"type":"Point","coordinates":[127.127962,37.4401817]},"properties":{"feature":"metro","name":"","source_url":"https://www.openstreetmap.org/node/3408111889"}},{"type":"Feature","geometry":{"type":"Point","coordinates":[127.1281229,37.4399517]},"properties":{"feature":"metro","name":"","source_url":"https://www.openstreetmap.org/node/3408111890"}},{"type":"Feature","geometry":{"type":"Point","coordinates":[127.1280886,37.4396949]},"properties":{"feature":"metro","name":"","source_url":"https://www.openstreetmap.org/node/3408111891"}},{"type":"Feature","geometry":{"type":"Point","coordinates":[127.1280852,37.439345]},"properties":{"feature":"metro","name":"","source_url":"https://www.openstreetmap.org/node/3408111892"}},{"type":"Feature","geometry":{"type":"Point","coordinates":[127.1275007,37.4390913]},"properties":{"feature":"metro","name":"","source_url":"https://www.openstreetmap.org/node/3408112493"}},{"type":"Feature","geometry":{"type":"Point","coordinates":[127.1263517,37.4483175]},"properties":{"feature":"metro","name":"","source_url":"https://www.openstreetmap.org/node/3408112494"}},{"type":"Feature","geometry":{"type":"Point","coordinates":[127.1263548,37.4491345]},"properties":{"feature":"metro","name":"","source_url":"https://www.openstreetmap.org/node/3408112495"}},{"type":"Feature","geometry":{"type":"Point","coordinates":[127.1268578,37.4495735]},"properties":{"feature":"metro","name":"","source_url":"https://www.openstreetmap.org/node/3408112496"}},{"type":"Feature","geometry":{"type":"Point","coordinates":[127.1269556,37.4484912]},"properties":{"feature":"metro","name":"","source_url":"https://www.openstreetmap.org/node/3408112497"}},{"type":"Feature","geometry":{"type":"Point","coordinates":[127.1270172,37.4476522]},"properties":{"feature":"metro","name":"","source_url":"https://www.openstreetmap.org/node/3408112498"}},{"type":"Feature","geometry":{"type":"Point","coordinates":[126.7002242,37.4420727]},"properties":{"feature":"metro","name":"","source_url":"https://www.openstreetmap.org/node/3408130091"}},{"type":"Feature","geometry":{"type":"Point","coordinates":[126.7001775,37.4417223]},"properties":{"feature":"metro","name":"","source_url":"https://www.openstreetmap.org/node/3408130092"}},{"type":"Feature","geometry":{"type":"Point","coordinates":[126.7005184,37.4503148]},"properties":{"feature":"metro","name":"","source_url":"https://www.openstreetmap.org/node/3408130693"}},{"type":"Feature","geometry":{"type":"Point","coordinates":[126.7010226,37.450575]},"properties":{"feature":"metro","name":"","source_url":"https://www.openstreetmap.org/node/3408130694"}},{"type":"Feature","geometry":{"type":"Point","coordinates":[126.7013609,37.4505369]},"properties":{"feature":"metro","name":"","source_url":"https://www.openstreetmap.org/node/3408130695"}},{"type":"Feature","geometry":{"type":"Point","coordinates":[126.7015975,37.450201]},"properties":{"feature":"metro","name":"","source_url":"https://www.openstreetmap.org/node/3408130696"}},{"type":"Feature","geometry":{"type":"Point","coordinates":[126.7009094,37.449812]},"properties":{"feature":"metro","name":"","source_url":"https://www.openstreetmap.org/node/3408130697"}},{"type":"Feature","geometry":{"type":"Point","coordinates":[126.7004888,37.4499848]},"properties":{"feature":"metro","name":"","source_url":"https://www.openstreetmap.org/node/3408130698"}},{"type":"Feature","geometry":{"type":"Point","coordinates":[126.7015653,37.4498774]},"properties":{"feature":"metro","name":"","source_url":"https://www.openstreetmap.org/node/3408130699"}},{"type":"Feature","geometry":{"type":"Point","coordinates":[126.7011676,37.4495095]},"properties":{"feature":"metro","name":"","source_url":"https://www.openstreetmap.org/node/3408130700"}},{"type":"Feature","geometry":{"type":"Point","coordinates":[126.7010379,37.4485468]},"properties":{"feature":"metro","name":"","source_url":"https://www.openstreetmap.org/node/3408130702"}},{"type":"Feature","geometry":{"type":"Point","coordinates":[126.7004686,37.4465991]},"properties":{"feature":"metro","name":"","source_url":"https://www.openstreetmap.org/node/3408130703"}},{"type":"Feature","geometry":{"type":"Point","coordinates":[126.7008743,37.4570564]},"properties":{"feature":"metro","name":"","source_url":"https://www.openstreetmap.org/node/3408130704"}},{"type":"Feature","geometry":{"type":"Point","coordinates":[126.7009131,37.4568012]},"properties":{"feature":"metro","name":"","source_url":"https://www.openstreetmap.org/node/3408130705"}},{"type":"Feature","geometry":{"type":"Point","coordinates":[126.7018717,37.456241]},"properties":{"feature":"metro","name":"","source_url":"https://www.openstreetmap.org/node/3408130706"}},{"type":"Feature","geometry":{"type":"Point","coordinates":[126.7021346,37.4562261]},"properties":{"feature":"metro","name":"","source_url":"https://www.openstreetmap.org/node/3408130707"}},{"type":"Feature","geometry":{"type":"Point","coordinates":[126.7028615,37.456884]},"properties":{"feature":"metro","name":"","source_url":"https://www.openstreetmap.org/node/3408130708"}},{"type":"Feature","geometry":{"type":"Point","coordinates":[126.7029285,37.4566604]},"properties":{"feature":"metro","name":"","source_url":"https://www.openstreetmap.org/node/3408130709"}},{"type":"Feature","geometry":{"type":"Point","coordinates":[126.7022928,37.4573631]},"properties":{"feature":"metro","name":"","source_url":"https://www.openstreetmap.org/node/3408130710"}},{"type":"Feature","geometry":{"type":"Point","coordinates":[126.7024961,37.4587603]},"properties":{"feature":"metro","name":"","source_url":"https://www.openstreetmap.org/node/3408130711"}},{"type":"Feature","geometry":{"type":"Point","coordinates":[126.7019924,37.4587193]},"properties":{"feature":"metro","name":"","source_url":"https://www.openstreetmap.org/node/3408130712"}},{"type":"Feature","geometry":{"type":"Point","coordinates":[126.7082333,37.4674646]},"properties":{"feature":"metro","name":"","source_url":"https://www.openstreetmap.org/node/3408130717"}},{"type":"Feature","geometry":{"type":"Point","coordinates":[126.7087879,37.4668814]},"properties":{"feature":"metro","name":"","source_url":"https://www.openstreetmap.org/node/3408130718"}},{"type":"Feature","geometry":{"type":"Point","coordinates":[126.7086477,37.4666662]},"properties":{"feature":"metro","name":"","source_url":"https://www.openstreetmap.org/node/3408130719"}},{"type":"Feature","geometry":{"type":"Point","coordinates":[126.7081547,37.4666185]},"properties":{"feature":"metro","name":"","source_url":"https://www.openstreetmap.org/node/3408130720"}},{"type":"Feature","geometry":{"type":"Point","coordinates":[126.707865,37.4659313]},"properties":{"feature":"metro","name":"","source_url":"https://www.openstreetmap.org/node/3408130721"}},{"type":"Feature","geometry":{"type":"Point","coordinates":[126.7075416,37.4668802]},"properties":{"feature":"metro","name":"","source_url":"https://www.openstreetmap.org/node/3408130722"}},{"type":"Feature","geometry":{"type":"Point","coordinates":[126.7071041,37.4671541]},"properties":{"feature":"metro","name":"","source_url":"https://www.openstreetmap.org/node/3408130723"}},{"type":"Feature","geometry":{"type":"Point","coordinates":[126.7071053,37.4674124]},"properties":{"feature":"metro","name":"","source_url":"https://www.openstreetmap.org/node/3408130724"}},{"type":"Feature","geometry":{"type":"Point","coordinates":[126.7099033,37.4772183]},"properties":{"feature":"metro","name":"","source_url":"https://www.openstreetmap.org/node/3408130735"}},{"type":"Feature","geometry":{"type":"Point","coordinates":[126.7102204,37.4771602]},"properties":{"feature":"metro","name":"","source_url":"https://www.openstreetmap.org/node/3408130736"}},{"type":"Feature","geometry":{"type":"Point","coordinates":[126.7101492,37.47792]},"properties":{"feature":"metro","name":"","source_url":"https://www.openstreetmap.org/node/3408130737"}},{"type":"Feature","geometry":{"type":"Point","coordinates":[126.7104724,37.4779168]},"properties":{"feature":"metro","name":"","source_url":"https://www.openstreetmap.org/node/3408130738"}},{"type":"Feature","geometry":{"type":"Point","coordinates":[126.7187162,37.485707]},"properties":{"feature":"metro","name":"","source_url":"https://www.openstreetmap.org/node/3408130739"}},{"type":"Feature","geometry":{"type":"Point","coordinates":[126.7181535,37.485445]},"properties":{"feature":"metro","name":"","source_url":"https://www.openstreetmap.org/node/3408130740"}},{"type":"Feature","geometry":{"type":"Point","coordinates":[126.7184046,37.4851479]},"properties":{"feature":"metro","name":"","source_url":"https://www.openstreetmap.org/node/3408130741"}},{"type":"Feature","geometry":{"type":"Point","coordinates":[126.7189577,37.485478]},"properties":{"feature":"metro","name":"","source_url":"https://www.openstreetmap.org/node/3408130742"}},{"type":"Feature","geometry":{"type":"Point","coordinates":[126.7234601,37.4911416]},"properties":{"feature":"metro","name":"","source_url":"https://www.openstreetmap.org/node/3408130743"}},{"type":"Feature","geometry":{"type":"Point","coordinates":[126.7237848,37.491115]},"properties":{"feature":"metro","name":"","source_url":"https://www.openstreetmap.org/node/3408130744"}},{"type":"Feature","geometry":{"type":"Point","coordinates":[126.7228525,37.4906884]},"properties":{"feature":"metro","name":"","source_url":"https://www.openstreetmap.org/node/3408130745"}},{"type":"Feature","geometry":{"type":"Point","coordinates":[126.7243581,37.490122]},"properties":{"feature":"metro","name":"","source_url":"https://www.openstreetmap.org/node/3408130746"}},{"type":"Feature","geometry":{"type":"Point","coordinates":[126.7223778,37.4989401]},"properties":{"feature":"metro","name":"","source_url":"https://www.openstreetmap.org/node/3408130747"}},{"type":"Feature","geometry":{"type":"Point","coordinates":[126.7220112,37.4989815]},"properties":{"feature":"metro","name":"","source_url":"https://www.openstreetmap.org/node/3408130748"}},{"type":"Feature","geometry":{"type":"Point","coordinates":[126.722191,37.4977378]},"properties":{"feature":"metro","name":"","source_url":"https://www.openstreetmap.org/node/3408130749"}},{"type":"Feature","geometry":{"type":"Point","coordinates":[126.7225343,37.4978564]},"properties":{"feature":"metro","name":"","source_url":"https://www.openstreetmap.org/node/3408130750"}},{"type":"Feature","geometry":{"type":"Point","coordinates":[126.7217301,37.5170212]},"properties":{"feature":"metro","name":"","source_url":"https://www.openstreetmap.org/node/3408130751"}},{"type":"Feature","geometry":{"type":"Point","coordinates":[126.7213642,37.5170438]},"properties":{"feature":"metro","name":"","source_url":"https://www.openstreetmap.org/node/3408130752"}},{"type":"Feature","geometry":{"type":"Point","coordinates":[126.7216052,37.5158797]},"properties":{"feature":"metro","name":"","source_url":"https://www.openstreetmap.org/node/3408130753"}},{"type":"Feature","geometry":{"type":"Point","coordinates":[126.7212362,37.5159232]},"properties":{"feature":"metro","name":"","source_url":"https://www.openstreetmap.org/node/3408130754"}},{"type":"Feature","geometry":{"type":"Point","coordinates":[126.722806,37.530983]},"properties":{"feature":"metro","name":"","source_url":"https://www.openstreetmap.org/node/3408130755"}},{"type":"Feature","geometry":{"type":"Point","coordinates":[126.7231618,37.5308253]},"properties":{"feature":"metro","name":"","source_url":"https://www.openstreetmap.org/node/3408130756"}},{"type":"Feature","geometry":{"type":"Point","coordinates":[126.7222561,37.5309574]},"properties":{"feature":"metro","name":"","source_url":"https://www.openstreetmap.org/node/3408130757"}},{"type":"Feature","geometry":{"type":"Point","coordinates":[126.7219852,37.5308383]},"properties":{"feature":"metro","name":"","source_url":"https://www.openstreetmap.org/node/3408130758"}},{"type":"Feature","geometry":{"type":"Point","coordinates":[126.7220147,37.5298514]},"properties":{"feature":"metro","name":"","source_url":"https://www.openstreetmap.org/node/3408130759"}},{"type":"Feature","geometry":{"type":"Point","coordinates":[126.7223339,37.5296642]},"properties":{"feature":"metro","name":"","source_url":"https://www.openstreetmap.org/node/3408130760"}},{"type":"Feature","geometry":{"type":"Point","coordinates":[126.7231254,37.5298577]},"properties":{"feature":"metro","name":"","source_url":"https://www.openstreetmap.org/node/3408130761"}},{"type":"Feature","geometry":{"type":"Point","coordinates":[126.7227318,37.5295759]},"properties":{"feature":"metro","name":"","source_url":"https://www.openstreetmap.org/node/3408130762"}},{"type":"Feature","geometry":{"type":"Point","coordinates":[126.7224096,37.5378877]},"properties":{"feature":"metro","name":"","source_url":"https://www.openstreetmap.org/node/3408130763"}},{"type":"Feature","geometry":{"type":"Point","coordinates":[126.7227978,37.537899]},"properties":{"feature":"metro","name":"","source_url":"https://www.openstreetmap.org/node/3408130764"}},{"type":"Feature","geometry":{"type":"Point","coordinates":[126.7224205,37.5372623]},"properties":{"feature":"metro","name":"","source_url":"https://www.openstreetmap.org/node/3408130765"}},{"type":"Feature","geometry":{"type":"Point","coordinates":[126.7227857,37.5372639]},"properties":{"feature":"metro","name":"","source_url":"https://www.openstreetmap.org/node/3408130766"}},{"type":"Feature","geometry":{"type":"Point","coordinates":[126.7224299,37.5390773]},"properties":{"feature":"metro","name":"","source_url":"https://www.openstreetmap.org/node/3408130767"}},{"type":"Feature","geometry":{"type":"Point","coordinates":[126.7228128,37.5390512]},"properties":{"feature":"metro","name":"","source_url":"https://www.openstreetmap.org/node/3408130768"}},{"type":"Feature","geometry":{"type":"Point","coordinates":[126.728117,37.5431462]},"properties":{"feature":"metro","name":"","source_url":"https://www.openstreetmap.org/node/3408130773"}},{"type":"Feature","geometry":{"type":"Point","coordinates":[126.7425924,37.566113]},"properties":{"feature":"metro","name":"","source_url":"https://www.openstreetmap.org/node/3408130785"}},{"type":"Feature","geometry":{"type":"Point","coordinates":[127.0730226,37.4916955]},"properties":{"feature":"metro","name":"","source_url":"https://www.openstreetmap.org/node/3408209824"}},{"type":"Feature","geometry":{"type":"Point","coordinates":[127.07282,37.4918998]},"properties":{"feature":"metro","name":"","source_url":"https://www.openstreetmap.org/node/3408209825"}},{"type":"Feature","geometry":{"type":"Point","coordinates":[127.0722653,37.4916987]},"properties":{"feature":"metro","name":"","source_url":"https://www.openstreetmap.org/node/3408209826"}},{"type":"Feature","geometry":{"type":"Point","coordinates":[127.0723885,37.4913934]},"properties":{"feature":"metro","name":"","source_url":"https://www.openstreetmap.org/node/3408209827"}},{"type":"Feature","geometry":{"type":"Point","coordinates":[127.0726911,37.4910999]},"properties":{"feature":"metro","name":"","source_url":"https://www.openstreetmap.org/node/3408209828"}},{"type":"Feature","geometry":{"type":"Point","coordinates":[127.0728592,37.490806]},"properties":{"feature":"metro","name":"","source_url":"https://www.openstreetmap.org/node/3408209829"}},{"type":"Feature","geometry":{"type":"Point","coordinates":[127.0730881,37.4912221]},"properties":{"feature":"metro","name":"","source_url":"https://www.openstreetmap.org/node/3408209830"}},{"type":"Feature","geometry":{"type":"Point","coordinates":[127.0732182,37.4909752]},"properties":{"feature":"metro","name":"","source_url":"https://www.openstreetmap.org/node/3408209831"}},{"type":"Feature","geometry":{"type":"Point","coordinates":[127.0656359,37.4893529]},"properties":{"feature":"metro","name":"","source_url":"https://www.openstreetmap.org/node/3408209832"}},{"type":"Feature","geometry":{"type":"Point","coordinates":[127.0655121,37.4891195]},"properties":{"feature":"metro","name":"","source_url":"https://www.openstreetmap.org/node/3408209833"}},{"type":"Feature","geometry":{"type":"Point","coordinates":[127.0657877,37.4889175]},"properties":{"feature":"metro","name":"","source_url":"https://www.openstreetmap.org/node/3408209834"}},{"type":"Feature","geometry":{"type":"Point","coordinates":[127.0660562,37.48866]},"properties":{"feature":"metro","name":"","source_url":"https://www.openstreetmap.org/node/3408209835"}},{"type":"Feature","geometry":{"type":"Point","coordinates":[127.0664391,37.489364]},"properties":{"feature":"metro","name":"","source_url":"https://www.openstreetmap.org/node/3408209836"}},{"type":"Feature","geometry":{"type":"Point","coordinates":[127.0661613,37.489466]},"properties":{"feature":"metro","name":"","source_url":"https://www.openstreetmap.org/node/3408209837"}},{"type":"Feature","geometry":{"type":"Point","coordinates":[127.0664415,37.4890602]},"properties":{"feature":"metro","name":"","source_url":"https://www.openstreetmap.org/node/3408209838"}},{"type":"Feature","geometry":{"type":"Point","coordinates":[127.0663808,37.4888379]},"properties":{"feature":"metro","name":"","source_url":"https://www.openstreetmap.org/node/3408209839"}},{"type":"Feature","geometry":{"type":"Point","coordinates":[126.7081648,37.401769]},"properties":{"feature":"metro","name":"","source_url":"https://www.openstreetmap.org/node/3408217098"}},{"type":"Feature","geometry":{"type":"Point","coordinates":[126.7083151,37.4019774]},"properties":{"feature":"metro","name":"","source_url":"https://www.openstreetmap.org/node/3408217099"}},{"type":"Feature","geometry":{"type":"Point","coordinates":[126.7220511,37.4008492]},"properties":{"feature":"metro","name":"","source_url":"https://www.openstreetmap.org/node/3408217100"}},{"type":"Feature","geometry":{"type":"Point","coordinates":[126.7226627,37.4009515]},"properties":{"feature":"metro","name":"","source_url":"https://www.openstreetmap.org/node/3408217101"}},{"type":"Feature","geometry":{"type":"Point","coordinates":[126.7334828,37.4008074]},"properties":{"feature":"metro","name":"","source_url":"https://www.openstreetmap.org/node/3408217104"}},{"type":"Feature","geometry":{"type":"Point","coordinates":[126.7336891,37.4011061]},"properties":{"feature":"metro","name":"","source_url":"https://www.openstreetmap.org/node/3408217105"}},{"type":"Feature","geometry":{"type":"Point","coordinates":[126.7426818,37.3914724]},"properties":{"feature":"metro","name":"","source_url":"https://www.openstreetmap.org/node/3408217106"}},{"type":"Feature","geometry":{"type":"Point","coordinates":[126.7456477,37.3797048]},"properties":{"feature":"metro","name":"","source_url":"https://www.openstreetmap.org/node/3408217107"}},{"type":"Feature","geometry":{"type":"Point","coordinates":[126.7458077,37.379926]},"properties":{"feature":"metro","name":"","source_url":"https://www.openstreetmap.org/node/3408217108"}},{"type":"Feature","geometry":{"type":"Point","coordinates":[127.0594482,37.4866275]},"properties":{"feature":"metro","name":"","source_url":"https://www.openstreetmap.org/node/3408217523"}},{"type":"Feature","geometry":{"type":"Point","coordinates":[127.0602374,37.4868072]},"properties":{"feature":"metro","name":"","source_url":"https://www.openstreetmap.org/node/3408217524"}},{"type":"Feature","geometry":{"type":"Point","coordinates":[127.0603962,37.4866368]},"properties":{"feature":"metro","name":"","source_url":"https://www.openstreetmap.org/node/3408217525"}},{"type":"Feature","geometry":{"type":"Point","coordinates":[127.0590559,37.4863236]},"properties":{"feature":"metro","name":"","source_url":"https://www.openstreetmap.org/node/3408217526"}},{"type":"Feature","geometry":{"type":"Point","coordinates":[127.0593711,37.4860939]},"properties":{"feature":"metro","name":"","source_url":"https://www.openstreetmap.org/node/3408217527"}},{"type":"Feature","geometry":{"type":"Point","coordinates":[127.0445508,37.5105604]},"properties":{"feature":"metro","name":"","source_url":"https://www.openstreetmap.org/node/3408222531"}},{"type":"Feature","geometry":{"type":"Point","coordinates":[127.0432705,37.5102159]},"properties":{"feature":"metro","name":"","source_url":"https://www.openstreetmap.org/node/3408222532"}},{"type":"Feature","geometry":{"type":"Point","coordinates":[127.0446222,37.510388]},"properties":{"feature":"metro","name":"","source_url":"https://www.openstreetmap.org/node/3408222533"}},{"type":"Feature","geometry":{"type":"Point","coordinates":[127.0434159,37.510043]},"properties":{"feature":"metro","name":"","source_url":"https://www.openstreetmap.org/node/3408222534"}},{"type":"Feature","geometry":{"type":"Point","coordinates":[127.0404337,37.5264951]},"properties":{"feature":"metro","name":"","source_url":"https://www.openstreetmap.org/node/3408226161"}},{"type":"Feature","geometry":{"type":"Point","coordinates":[127.0401021,37.5266062]},"properties":{"feature":"metro","name":"","source_url":"https://www.openstreetmap.org/node/3408226162"}},{"type":"Feature","geometry":{"type":"Point","coordinates":[127.0403459,37.5277797]},"properties":{"feature":"metro","name":"","source_url":"https://www.openstreetmap.org/node/3408226163"}},{"type":"Feature","geometry":{"type":"Point","coordinates":[127.0414081,37.5274744]},"properties":{"feature":"metro","name":"","source_url":"https://www.openstreetmap.org/node/3408226164"}},{"type":"Feature","geometry":{"type":"Point","coordinates":[127.040421,37.5280094]},"properties":{"feature":"metro","name":"","source_url":"https://www.openstreetmap.org/node/3408226165"}},{"type":"Feature","geometry":{"type":"Point","coordinates":[127.0414886,37.5277244]},"properties":{"feature":"metro","name":"","source_url":"https://www.openstreetmap.org/node/3408226166"}},{"type":"Feature","geometry":{"type":"Point","coordinates":[127.040936,37.5281243]},"properties":{"feature":"metro","name":"","source_url":"https://www.openstreetmap.org/node/3408226167"}},{"type":"Feature","geometry":{"type":"Point","coordinates":[127.0446107,37.5445595]},"properties":{"feature":"metro","name":"","source_url":"https://www.openstreetmap.org/node/3408229357"}},{"type":"Feature","geometry":{"type":"Point","coordinates":[127.0450543,37.5441431]},"properties":{"feature":"metro","name":"","source_url":"https://www.openstreetmap.org/node/3408229358"}},{"type":"Feature","geometry":{"type":"Point","coordinates":[127.0447881,37.542999]},"properties":{"feature":"metro","name":"","source_url":"https://www.openstreetmap.org/node/3408229359"}},{"type":"Feature","geometry":{"type":"Point","coordinates":[127.0443258,37.5429175]},"properties":{"feature":"metro","name":"","source_url":"https://www.openstreetmap.org/node/3408229360"}},{"type":"Feature","geometry":{"type":"Point","coordinates":[127.1029984,37.6126363]},"properties":{"feature":"metro","name":"","source_url":"https://www.openstreetmap.org/node/3408262076"}},{"type":"Feature","geometry":{"type":"Point","coordinates":[127.1035331,37.6124511]},"properties":{"feature":"metro","name":"","source_url":"https://www.openstreetmap.org/node/3408262077"}},{"type":"Feature","geometry":{"type":"Point","coordinates":[127.1036053,37.6134479]},"properties":{"feature":"metro","name":"","source_url":"https://www.openstreetmap.org/node/3408262078"}},{"type":"Feature","geometry":{"type":"Point","coordinates":[127.1036564,37.6131561]},"properties":{"feature":"metro","name":"","source_url":"https://www.openstreetmap.org/node/3408262079"}},{"type":"Feature","geometry":{"type":"Point","coordinates":[127.1148249,37.6337855]},"properties":{"feature":"metro","name":"","source_url":"https://www.openstreetmap.org/node/3408291986"}},{"type":"Feature","geometry":{"type":"Point","coordinates":[127.1145588,37.6338599]},"properties":{"feature":"metro","name":"","source_url":"https://www.openstreetmap.org/node/3408291987"}},{"type":"Feature","geometry":{"type":"Point","coordinates":[127.1271101,37.6422402]},"properties":{"feature":"metro","name":"","source_url":"https://www.openstreetmap.org/node/3408291988"}},{"type":"Feature","geometry":{"type":"Point","coordinates":[127.1438196,37.6485401]},"properties":{"feature":"metro","name":"","source_url":"https://www.openstreetmap.org/node/3408291990"}},{"type":"Feature","geometry":{"type":"Point","coordinates":[127.1440476,37.6480997]},"properties":{"feature":"metro","name":"","source_url":"https://www.openstreetmap.org/node/3408291991"}},{"type":"Feature","geometry":{"type":"Point","coordinates":[127.1769922,37.651601]},"properties":{"feature":"metro","name":"","source_url":"https://www.openstreetmap.org/node/3408291992"}},{"type":"Feature","geometry":{"type":"Point","coordinates":[127.208198,37.6372405]},"properties":{"feature":"metro","name":"","source_url":"https://www.openstreetmap.org/node/3408292393"}},{"type":"Feature","geometry":{"type":"Point","coordinates":[127.2446432,37.6529248]},"properties":{"feature":"metro","name":"","source_url":"https://www.openstreetmap.org/node/3408294146"}},{"type":"Feature","geometry":{"type":"Point","coordinates":[127.2446292,37.6534572]},"properties":{"feature":"metro","name":"","source_url":"https://www.openstreetmap.org/node/3408294147"}},{"type":"Feature","geometry":{"type":"Point","coordinates":[127.1103588,37.3948444]},"properties":{"feature":"metro","name":"","source_url":"https://www.openstreetmap.org/node/3408315039"}},{"type":"Feature","geometry":{"type":"Point","coordinates":[127.1114934,37.3953516]},"properties":{"feature":"metro","name":"","source_url":"https://www.openstreetmap.org/node/3408315040"}},{"type":"Feature","geometry":{"type":"Point","coordinates":[127.1118099,37.3945674]},"properties":{"feature":"metro","name":"","source_url":"https://www.openstreetmap.org/node/3408315041"}},{"type":"Feature","geometry":{"type":"Point","coordinates":[127.1109435,37.3941604]},"properties":{"feature":"metro","name":"","source_url":"https://www.openstreetmap.org/node/3408315042"}},{"type":"Feature","geometry":{"type":"Point","coordinates":[127.0542905,37.4489498]},"properties":{"feature":"metro","name":"","source_url":"https://www.openstreetmap.org/node/3408315043"}},{"type":"Feature","geometry":{"type":"Point","coordinates":[127.0549909,37.4476886]},"properties":{"feature":"metro","name":"","source_url":"https://www.openstreetmap.org/node/3408315044"}},{"type":"Feature","geometry":{"type":"Point","coordinates":[127.0385337,37.4703697]},"properties":{"feature":"metro","name":"","source_url":"https://www.openstreetmap.org/node/3408315045"}},{"type":"Feature","geometry":{"type":"Point","coordinates":[127.0391033,37.4704629]},"properties":{"feature":"metro","name":"","source_url":"https://www.openstreetmap.org/node/3408315046"}},{"type":"Feature","geometry":{"type":"Point","coordinates":[127.0394466,37.4696901]},"properties":{"feature":"metro","name":"","source_url":"https://www.openstreetmap.org/node/3408315047"}},{"type":"Feature","geometry":{"type":"Point","coordinates":[127.0390121,37.469275]},"properties":{"feature":"metro","name":"","source_url":"https://www.openstreetmap.org/node/3408315048"}},{"type":"Feature","geometry":{"type":"Point","coordinates":[127.038591,37.4694559]},"properties":{"feature":"metro","name":"","source_url":"https://www.openstreetmap.org/node/3408315049"}},{"type":"Feature","geometry":{"type":"Point","coordinates":[127.0888091,37.7337894]},"properties":{"feature":"metro","name":"","source_url":"https://www.openstreetmap.org/node/3408392941"}},{"type":"Feature","geometry":{"type":"Point","coordinates":[127.0874214,37.7372415]},"properties":{"feature":"metro","name":"","source_url":"https://www.openstreetmap.org/node/3408392943"}},{"type":"Feature","geometry":{"type":"Point","coordinates":[127.0871693,37.7371885]},"properties":{"feature":"metro","name":"","source_url":"https://www.openstreetmap.org/node/3408392944"}},{"type":"Feature","geometry":{"type":"Point","coordinates":[127.084975,37.7428736]},"properties":{"feature":"metro","name":"","source_url":"https://www.openstreetmap.org/node/3408392945"}},{"type":"Feature","geometry":{"type":"Point","coordinates":[127.0853859,37.7427049]},"properties":{"feature":"metro","name":"","source_url":"https://www.openstreetmap.org/node/3408392946"}},{"type":"Feature","geometry":{"type":"Point","coordinates":[127.0640253,37.7488435]},"properties":{"feature":"metro","name":"","source_url":"https://www.openstreetmap.org/node/3408392952"}},{"type":"Feature","geometry":{"type":"Point","coordinates":[127.0559662,37.7454912]},"properties":{"feature":"metro","name":"","source_url":"https://www.openstreetmap.org/node/3408392953"}},{"type":"Feature","geometry":{"type":"Point","coordinates":[127.0566654,37.7449735]},"properties":{"feature":"metro","name":"","source_url":"https://www.openstreetmap.org/node/3408392954"}},{"type":"Feature","geometry":{"type":"Point","coordinates":[127.049184,37.7437735]},"properties":{"feature":"metro","name":"","source_url":"https://www.openstreetmap.org/node/3408392955"}},{"type":"Feature","geometry":{"type":"Point","coordinates":[127.0492091,37.7435531]},"properties":{"feature":"metro","name":"","source_url":"https://www.openstreetmap.org/node/3408392956"}},{"type":"Feature","geometry":{"type":"Point","coordinates":[127.0372072,37.7433887]},"properties":{"feature":"metro","name":"","source_url":"https://www.openstreetmap.org/node/3408392957"}},{"type":"Feature","geometry":{"type":"Point","coordinates":[127.0367487,37.7431146]},"properties":{"feature":"metro","name":"","source_url":"https://www.openstreetmap.org/node/3408392958"}},{"type":"Feature","geometry":{"type":"Point","coordinates":[127.0350212,37.7388728]},"properties":{"feature":"metro","name":"","source_url":"https://www.openstreetmap.org/node/3408392959"}},{"type":"Feature","geometry":{"type":"Point","coordinates":[127.0347425,37.7388622]},"properties":{"feature":"metro","name":"","source_url":"https://www.openstreetmap.org/node/3408392960"}},{"type":"Feature","geometry":{"type":"Point","coordinates":[127.0431437,37.7372479]},"properties":{"feature":"metro","name":"","source_url":"https://www.openstreetmap.org/node/3408392961"}},{"type":"Feature","geometry":{"type":"Point","coordinates":[127.0435571,37.7286663]},"properties":{"feature":"metro","name":"","source_url":"https://www.openstreetmap.org/node/3408392963"}},{"type":"Feature","geometry":{"type":"Point","coordinates":[127.0438206,37.7287947]},"properties":{"feature":"metro","name":"","source_url":"https://www.openstreetmap.org/node/3408392964"}},{"type":"Feature","geometry":{"type":"Point","coordinates":[127.0529465,37.7273011]},"properties":{"feature":"metro","name":"","source_url":"https://www.openstreetmap.org/node/3408392965"}},{"type":"Feature","geometry":{"type":"Point","coordinates":[127.0531252,37.7269185]},"properties":{"feature":"metro","name":"","source_url":"https://www.openstreetmap.org/node/3408392966"}},{"type":"Feature","geometry":{"type":"Point","coordinates":[126.8951038,37.5173836]},"properties":{"feature":"metro","name":"","source_url":"https://www.openstreetmap.org/node/3408458088"}},{"type":"Feature","geometry":{"type":"Point","coordinates":[126.8944174,37.5171523]},"properties":{"feature":"metro","name":"","source_url":"https://www.openstreetmap.org/node/3408458089"}},{"type":"Feature","geometry":{"type":"Point","coordinates":[126.8948118,37.5170814]},"properties":{"feature":"metro","name":"","source_url":"https://www.openstreetmap.org/node/3408458090"}},{"type":"Feature","geometry":{"type":"Point","coordinates":[126.8950583,37.5171327]},"properties":{"feature":"metro","name":"","source_url":"https://www.openstreetmap.org/node/3408458091"}},{"type":"Feature","geometry":{"type":"Point","coordinates":[126.8947594,37.5190315]},"properties":{"feature":"metro","name":"","source_url":"https://www.openstreetmap.org/node/3408458092"}},{"type":"Feature","geometry":{"type":"Point","coordinates":[126.894818,37.5186943]},"properties":{"feature":"metro","name":"","source_url":"https://www.openstreetmap.org/node/3408462993"}},{"type":"Feature","geometry":{"type":"Point","coordinates":[126.8951014,37.5187236]},"properties":{"feature":"metro","name":"","source_url":"https://www.openstreetmap.org/node/3408462994"}},{"type":"Feature","geometry":{"type":"Point","coordinates":[126.9756451,37.504421]},"properties":{"feature":"metro","name":"","source_url":"https://www.openstreetmap.org/node/3408485097"}},{"type":"Feature","geometry":{"type":"Point","coordinates":[127.0464046,37.547656]},"properties":{"feature":"metro","name":"","source_url":"https://www.openstreetmap.org/node/3408545513"}},{"type":"Feature","geometry":{"type":"Point","coordinates":[127.0463171,37.5474725]},"properties":{"feature":"metro","name":"","source_url":"https://www.openstreetmap.org/node/3408545514"}},{"type":"Feature","geometry":{"type":"Point","coordinates":[127.0437197,37.5546083]},"properties":{"feature":"metro","name":"","source_url":"https://www.openstreetmap.org/node/3408545515"}},{"type":"Feature","geometry":{"type":"Point","coordinates":[127.0439148,37.5559684]},"properties":{"feature":"metro","name":"","source_url":"https://www.openstreetmap.org/node/3408545516"}},{"type":"Feature","geometry":{"type":"Point","coordinates":[126.8639657,37.5259879]},"properties":{"feature":"metro","name":"","source_url":"https://www.openstreetmap.org/node/3413826089"}},{"type":"Feature","geometry":{"type":"Point","coordinates":[127.1011786,37.5138205]},"properties":{"feature":"metro","name":"","source_url":"https://www.openstreetmap.org/node/3413847626"}},{"type":"Feature","geometry":{"type":"Point","coordinates":[127.0239758,37.5041111]},"properties":{"feature":"metro","name":"","source_url":"https://www.openstreetmap.org/node/3413867727"}},{"type":"Feature","geometry":{"type":"Point","coordinates":[126.9864979,37.501647]},"properties":{"feature":"metro","name":"","source_url":"https://www.openstreetmap.org/node/3413867728"}},{"type":"Feature","geometry":{"type":"Point","coordinates":[126.9866797,37.5016455]},"properties":{"feature":"metro","name":"","source_url":"https://www.openstreetmap.org/node/3413867729"}},{"type":"Feature","geometry":{"type":"Point","coordinates":[126.9870217,37.5014719]},"properties":{"feature":"metro","name":"","source_url":"https://www.openstreetmap.org/node/3413867730"}},{"type":"Feature","geometry":{"type":"Point","coordinates":[127.0153286,37.548337]},"properties":{"feature":"metro","name":"","source_url":"https://www.openstreetmap.org/node/3413945326"}},{"type":"Feature","geometry":{"type":"Point","coordinates":[127.0154904,37.5480447]},"properties":{"feature":"metro","name":"","source_url":"https://www.openstreetmap.org/node/3413945327"}},{"type":"Feature","geometry":{"type":"Point","coordinates":[127.0161706,37.5486829]},"properties":{"feature":"metro","name":"","source_url":"https://www.openstreetmap.org/node/3413945328"}},{"type":"Feature","geometry":{"type":"Point","coordinates":[127.0163411,37.5482351]},"properties":{"feature":"metro","name":"","source_url":"https://www.openstreetmap.org/node/3413945329"}},{"type":"Feature","geometry":{"type":"Point","coordinates":[126.9650969,37.5289458]},"properties":{"feature":"metro","name":"","source_url":"https://www.openstreetmap.org/node/3413981740"}},{"type":"Feature","geometry":{"type":"Point","coordinates":[126.9650031,37.5298576]},"properties":{"feature":"metro","name":"","source_url":"https://www.openstreetmap.org/node/3413981741"}},{"type":"Feature","geometry":{"type":"Point","coordinates":[126.9636583,37.5317477]},"properties":{"feature":"metro","name":"","source_url":"https://www.openstreetmap.org/node/3413981742"}},{"type":"Feature","geometry":{"type":"Point","coordinates":[126.8337604,37.6123825]},"properties":{"feature":"metro","name":"","source_url":"https://www.openstreetmap.org/node/3413999972"}},{"type":"Feature","geometry":{"type":"Point","coordinates":[127.0020222,37.5709867]},"properties":{"feature":"metro","name":"종로5가","source_url":"https://www.openstreetmap.org/node/3426724598"}},{"type":"Feature","geometry":{"type":"Point","coordinates":[127.0049222,37.5050371]},"properties":{"feature":"metro","name":"고속터미널","source_url":"https://www.openstreetmap.org/node/3431313912"}},{"type":"Feature","geometry":{"type":"Point","coordinates":[126.936309,37.5550038]},"properties":{"feature":"metro","name":"","source_url":"https://www.openstreetmap.org/node/3617116348"}},{"type":"Feature","geometry":{"type":"Point","coordinates":[126.9844474,37.5703456]},"properties":{"feature":"metro","name":"","source_url":"https://www.openstreetmap.org/node/3647165231"}},{"type":"Feature","geometry":{"type":"Point","coordinates":[126.9843537,37.5700753]},"properties":{"feature":"metro","name":"","source_url":"https://www.openstreetmap.org/node/3647165352"}},{"type":"Feature","geometry":{"type":"Point","coordinates":[126.9847337,37.5703439]},"properties":{"feature":"metro","name":"","source_url":"https://www.openstreetmap.org/node/3647165353"}},{"type":"Feature","geometry":{"type":"Point","coordinates":[126.9846457,37.5700713]},"properties":{"feature":"metro","name":"","source_url":"https://www.openstreetmap.org/node/3647165354"}},{"type":"Feature","geometry":{"type":"Point","coordinates":[126.985847,37.5700508]},"properties":{"feature":"metro","name":"","source_url":"https://www.openstreetmap.org/node/3647165355"}},{"type":"Feature","geometry":{"type":"Point","coordinates":[126.9858402,37.5703302]},"properties":{"feature":"metro","name":"","source_url":"https://www.openstreetmap.org/node/3647196298"}},{"type":"Feature","geometry":{"type":"Point","coordinates":[127.0602411,37.5141869]},"properties":{"feature":"metro","name":"봉은사","source_url":"https://www.openstreetmap.org/node/3824606373"}},{"type":"Feature","geometry":{"type":"Point","coordinates":[127.0338746,37.507321]},"properties":{"feature":"metro","name":"언주","source_url":"https://www.openstreetmap.org/node/3824606376"}},{"type":"Feature","geometry":{"type":"Point","coordinates":[127.0534747,37.5130955]},"properties":{"feature":"metro","name":"삼성중앙","source_url":"https://www.openstreetmap.org/node/3824606382"}},{"type":"Feature","geometry":{"type":"Point","coordinates":[127.0151398,37.5042952]},"properties":{"feature":"metro","name":"사평","source_url":"https://www.openstreetmap.org/node/3824606384"}},{"type":"Feature","geometry":{"type":"Point","coordinates":[127.0438586,37.510253]},"properties":{"feature":"metro","name":"선정릉","source_url":"https://www.openstreetmap.org/node/3824606387"}},{"type":"Feature","geometry":{"type":"Point","coordinates":[127.0245306,37.5043224]},"properties":{"feature":"metro","name":"신논현","source_url":"https://www.openstreetmap.org/node/3824606390"}},{"type":"Feature","geometry":{"type":"Point","coordinates":[127.060018,37.5138423]},"properties":{"feature":"metro","name":"","source_url":"https://www.openstreetmap.org/node/3824607465"}},{"type":"Feature","geometry":{"type":"Point","coordinates":[126.9772711,37.5670879]},"properties":{"feature":"metro","name":"","source_url":"https://www.openstreetmap.org/node/3825649166"}},{"type":"Feature","geometry":{"type":"Point","coordinates":[127.0637429,37.5963062]},"properties":{"feature":"metro","name":"외대앞","source_url":"https://www.openstreetmap.org/node/3831105360"}},{"type":"Feature","geometry":{"type":"Point","coordinates":[126.9867849,37.5012899]},"properties":{"feature":"metro","name":"구반포","source_url":"https://www.openstreetmap.org/node/3834732261"}},{"type":"Feature","geometry":{"type":"Point","coordinates":[126.9639489,37.5083823]},"properties":{"feature":"metro","name":"흑석","source_url":"https://www.openstreetmap.org/node/3834732263"}},{"type":"Feature","geometry":{"type":"Point","coordinates":[126.996418,37.5036014]},"properties":{"feature":"metro","name":"신반포","source_url":"https://www.openstreetmap.org/node/3834732267"}},{"type":"Feature","geometry":{"type":"Point","coordinates":[126.9769417,37.5713027]},"properties":{"feature":"metro","name":"","source_url":"https://www.openstreetmap.org/node/3841809500"}},{"type":"Feature","geometry":{"type":"Point","coordinates":[126.7843585,37.4840712]},"properties":{"feature":"metro","name":"","source_url":"https://www.openstreetmap.org/node/3864526091"}},{"type":"Feature","geometry":{"type":"Point","coordinates":[126.7007481,37.4488857]},"properties":{"feature":"metro","name":"","source_url":"https://www.openstreetmap.org/node/4331640176"}},{"type":"Feature","geometry":{"type":"Point","coordinates":[126.9793633,37.566076]},"properties":{"feature":"metro","name":"","source_url":"https://www.openstreetmap.org/node/4424489347"}},{"type":"Feature","geometry":{"type":"Point","coordinates":[126.9792243,37.5661749]},"properties":{"feature":"metro","name":"","source_url":"https://www.openstreetmap.org/node/4424489403"}},{"type":"Feature","geometry":{"type":"Point","coordinates":[126.9790805,37.5657553]},"properties":{"feature":"metro","name":"","source_url":"https://www.openstreetmap.org/node/4449755787"}},{"type":"Feature","geometry":{"type":"Point","coordinates":[126.7695975,37.6825119]},"properties":{"feature":"metro","name":"","source_url":"https://www.openstreetmap.org/node/4494519086"}},{"type":"Feature","geometry":{"type":"Point","coordinates":[126.917148,37.6117449]},"properties":{"feature":"metro","name":"","source_url":"https://www.openstreetmap.org/node/4574268928"}},{"type":"Feature","geometry":{"type":"Point","coordinates":[126.8257621,37.559566]},"properties":{"feature":"metro","name":"","source_url":"https://www.openstreetmap.org/node/4603040882"}},{"type":"Feature","geometry":{"type":"Point","coordinates":[126.8249566,37.559614]},"properties":{"feature":"metro","name":"","source_url":"https://www.openstreetmap.org/node/4603040883"}},{"type":"Feature","geometry":{"type":"Point","coordinates":[126.8245433,37.5601803]},"properties":{"feature":"metro","name":"","source_url":"https://www.openstreetmap.org/node/4603040884"}},{"type":"Feature","geometry":{"type":"Point","coordinates":[126.9183176,37.6373161]},"properties":{"feature":"metro","name":"","source_url":"https://www.openstreetmap.org/node/4631140781"}},{"type":"Feature","geometry":{"type":"Point","coordinates":[126.9415413,37.5134264]},"properties":{"feature":"metro","name":"","source_url":"https://www.openstreetmap.org/node/4636818142"}},{"type":"Feature","geometry":{"type":"Point","coordinates":[126.7196139,37.620447]},"properties":{"feature":"metro","name":"","source_url":"https://www.openstreetmap.org/node/4637318110"}},{"type":"Feature","geometry":{"type":"Point","coordinates":[126.8383873,37.4864291]},"properties":{"feature":"metro","name":"","source_url":"https://www.openstreetmap.org/node/4638213723"}},{"type":"Feature","geometry":{"type":"Point","coordinates":[126.8369507,37.5588929]},"properties":{"feature":"metro","name":"","source_url":"https://www.openstreetmap.org/node/4640021570"}},{"type":"Feature","geometry":{"type":"Point","coordinates":[127.084872,37.5118781]},"properties":{"feature":"metro","name":"","source_url":"https://www.openstreetmap.org/node/4650887402"}},{"type":"Feature","geometry":{"type":"Point","coordinates":[127.041225,37.6018879]},"properties":{"feature":"metro","name":"","source_url":"https://www.openstreetmap.org/node/4658746129"}},{"type":"Feature","geometry":{"type":"Point","coordinates":[126.9632329,37.5384701]},"properties":{"feature":"metro","name":"","source_url":"https://www.openstreetmap.org/node/4670321856"}},{"type":"Feature","geometry":{"type":"Point","coordinates":[127.1366797,37.5280719]},"properties":{"feature":"metro","name":"","source_url":"https://www.openstreetmap.org/node/4679974925"}},{"type":"Feature","geometry":{"type":"Point","coordinates":[127.1439708,37.5517752]},"properties":{"feature":"metro","name":"","source_url":"https://www.openstreetmap.org/node/4681903082"}},{"type":"Feature","geometry":{"type":"Point","coordinates":[127.058961,37.6317377]},"properties":{"feature":"metro","name":"","source_url":"https://www.openstreetmap.org/node/4700415636"}},{"type":"Feature","geometry":{"type":"Point","coordinates":[126.7665858,37.7255267]},"properties":{"feature":"metro","name":"","source_url":"https://www.openstreetmap.org/node/4700469412"}},{"type":"Feature","geometry":{"type":"Point","coordinates":[126.8678752,37.4957317]},"properties":{"feature":"metro","name":"","source_url":"https://www.openstreetmap.org/node/4730258215"}},{"type":"Feature","geometry":{"type":"Point","coordinates":[126.9629922,37.5593717]},"properties":{"feature":"metro","name":"","source_url":"https://www.openstreetmap.org/node/4732406040"}},{"type":"Feature","geometry":{"type":"Point","coordinates":[126.7322978,37.4550628]},"properties":{"feature":"metro","name":"","source_url":"https://www.openstreetmap.org/node/5021519190"}},{"type":"Feature","geometry":{"type":"Point","coordinates":[126.7314353,37.4551234]},"properties":{"feature":"metro","name":"","source_url":"https://www.openstreetmap.org/node/5021519191"}},{"type":"Feature","geometry":{"type":"Point","coordinates":[126.7314006,37.4549018]},"properties":{"feature":"metro","name":"","source_url":"https://www.openstreetmap.org/node/5021522531"}},{"type":"Feature","geometry":{"type":"Point","coordinates":[126.7322897,37.4548409]},"properties":{"feature":"metro","name":"","source_url":"https://www.openstreetmap.org/node/5021522532"}},{"type":"Feature","geometry":{"type":"Point","coordinates":[126.8943656,37.4559811]},"properties":{"feature":"metro","name":"","source_url":"https://www.openstreetmap.org/node/5021627752"}},{"type":"Feature","geometry":{"type":"Point","coordinates":[126.8457286,37.6126479]},"properties":{"feature":"metro","name":"","source_url":"https://www.openstreetmap.org/node/5021636108"}},{"type":"Feature","geometry":{"type":"Point","coordinates":[126.8453146,37.6123245]},"properties":{"feature":"metro","name":"","source_url":"https://www.openstreetmap.org/node/5021636109"}},{"type":"Feature","geometry":{"type":"Point","coordinates":[126.8212216,37.6193388]},"properties":{"feature":"metro","name":"","source_url":"https://www.openstreetmap.org/node/5021650500"}},{"type":"Feature","geometry":{"type":"Point","coordinates":[127.1430379,37.5454895]},"properties":{"feature":"metro","name":"","source_url":"https://www.openstreetmap.org/node/5021673892"}},{"type":"Feature","geometry":{"type":"Point","coordinates":[127.2034563,37.4085445]},"properties":{"feature":"metro","name":"","source_url":"https://www.openstreetmap.org/node/5021735066"}},{"type":"Feature","geometry":{"type":"Point","coordinates":[127.2043882,37.4088814]},"properties":{"feature":"metro","name":"","source_url":"https://www.openstreetmap.org/node/5021735067"}},{"type":"Feature","geometry":{"type":"Point","coordinates":[127.0329281,37.5071358]},"properties":{"feature":"metro","name":"","source_url":"https://www.openstreetmap.org/node/5021735068"}},{"type":"Feature","geometry":{"type":"Point","coordinates":[127.033577,37.5076299]},"properties":{"feature":"metro","name":"","source_url":"https://www.openstreetmap.org/node/5021735069"}},{"type":"Feature","geometry":{"type":"Point","coordinates":[127.0337767,37.5078892]},"properties":{"feature":"metro","name":"","source_url":"https://www.openstreetmap.org/node/5021735070"}},{"type":"Feature","geometry":{"type":"Point","coordinates":[127.0342306,37.5074997]},"properties":{"feature":"metro","name":"","source_url":"https://www.openstreetmap.org/node/5021735071"}},{"type":"Feature","geometry":{"type":"Point","coordinates":[127.0343072,37.5073279]},"properties":{"feature":"metro","name":"","source_url":"https://www.openstreetmap.org/node/5021735072"}},{"type":"Feature","geometry":{"type":"Point","coordinates":[127.0343743,37.5066073]},"properties":{"feature":"metro","name":"","source_url":"https://www.openstreetmap.org/node/5021735073"}},{"type":"Feature","geometry":{"type":"Point","coordinates":[127.0339378,37.5068993]},"properties":{"feature":"metro","name":"","source_url":"https://www.openstreetmap.org/node/5021735074"}},{"type":"Feature","geometry":{"type":"Point","coordinates":[127.0593156,37.5141404]},"properties":{"feature":"metro","name":"","source_url":"https://www.openstreetmap.org/node/5021760171"}},{"type":"Feature","geometry":{"type":"Point","coordinates":[127.0598372,37.5145233]},"properties":{"feature":"metro","name":"","source_url":"https://www.openstreetmap.org/node/5021760172"}},{"type":"Feature","geometry":{"type":"Point","coordinates":[127.060232,37.5147292]},"properties":{"feature":"metro","name":"","source_url":"https://www.openstreetmap.org/node/5021760173"}},{"type":"Feature","geometry":{"type":"Point","coordinates":[127.061088,37.5144844]},"properties":{"feature":"metro","name":"","source_url":"https://www.openstreetmap.org/node/5021760174"}},{"type":"Feature","geometry":{"type":"Point","coordinates":[127.0611106,37.5142634]},"properties":{"feature":"metro","name":"","source_url":"https://www.openstreetmap.org/node/5021760175"}},{"type":"Feature","geometry":{"type":"Point","coordinates":[127.0607708,37.5140306]},"properties":{"feature":"metro","name":"","source_url":"https://www.openstreetmap.org/node/5021760176"}},{"type":"Feature","geometry":{"type":"Point","coordinates":[126.798346,37.5786095]},"properties":{"feature":"metro","name":"","source_url":"https://www.openstreetmap.org/node/5021795168"}},{"type":"Feature","geometry":{"type":"Point","coordinates":[126.7976778,37.5784405]},"properties":{"feature":"metro","name":"","source_url":"https://www.openstreetmap.org/node/5021795169"}},{"type":"Feature","geometry":{"type":"Point","coordinates":[126.9426715,37.5594435]},"properties":{"feature":"metro","name":"","source_url":"https://www.openstreetmap.org/node/5021801267"}},{"type":"Feature","geometry":{"type":"Point","coordinates":[126.9426465,37.5601361]},"properties":{"feature":"metro","name":"","source_url":"https://www.openstreetmap.org/node/5021801268"}},{"type":"Feature","geometry":{"type":"Point","coordinates":[126.7188809,37.4560397]},"properties":{"feature":"metro","name":"","source_url":"https://www.openstreetmap.org/node/5021867720"}},{"type":"Feature","geometry":{"type":"Point","coordinates":[126.7198445,37.4559654]},"properties":{"feature":"metro","name":"","source_url":"https://www.openstreetmap.org/node/5021868221"}},{"type":"Feature","geometry":{"type":"Point","coordinates":[126.7198056,37.4557525]},"properties":{"feature":"metro","name":"","source_url":"https://www.openstreetmap.org/node/5021868222"}},{"type":"Feature","geometry":{"type":"Point","coordinates":[126.718841,37.4558166]},"properties":{"feature":"metro","name":"","source_url":"https://www.openstreetmap.org/node/5021868223"}},{"type":"Feature","geometry":{"type":"Point","coordinates":[126.7612503,37.7127722]},"properties":{"feature":"metro","name":"","source_url":"https://www.openstreetmap.org/node/5021896973"}},{"type":"Feature","geometry":{"type":"Point","coordinates":[126.7614245,37.7132844]},"properties":{"feature":"metro","name":"","source_url":"https://www.openstreetmap.org/node/5021896974"}},{"type":"Feature","geometry":{"type":"Point","coordinates":[126.7621087,37.712851]},"properties":{"feature":"metro","name":"","source_url":"https://www.openstreetmap.org/node/5021896975"}},{"type":"Feature","geometry":{"type":"Point","coordinates":[127.0524496,37.5129343]},"properties":{"feature":"metro","name":"","source_url":"https://www.openstreetmap.org/node/5021945747"}},{"type":"Feature","geometry":{"type":"Point","coordinates":[127.0529196,37.5133829]},"properties":{"feature":"metro","name":"","source_url":"https://www.openstreetmap.org/node/5021945748"}},{"type":"Feature","geometry":{"type":"Point","coordinates":[127.0531484,37.5137154]},"properties":{"feature":"metro","name":"","source_url":"https://www.openstreetmap.org/node/5021945749"}},{"type":"Feature","geometry":{"type":"Point","coordinates":[127.0539654,37.5132752]},"properties":{"feature":"metro","name":"","source_url":"https://www.openstreetmap.org/node/5021945750"}},{"type":"Feature","geometry":{"type":"Point","coordinates":[127.0537651,37.5126086]},"properties":{"feature":"metro","name":"","source_url":"https://www.openstreetmap.org/node/5021945751"}},{"type":"Feature","geometry":{"type":"Point","coordinates":[127.0533272,37.5126239]},"properties":{"feature":"metro","name":"","source_url":"https://www.openstreetmap.org/node/5021945752"}},{"type":"Feature","geometry":{"type":"Point","coordinates":[126.7362446,37.4483762]},"properties":{"feature":"metro","name":"","source_url":"https://www.openstreetmap.org/node/5021960423"}},{"type":"Feature","geometry":{"type":"Point","coordinates":[126.7373002,37.448331]},"properties":{"feature":"metro","name":"","source_url":"https://www.openstreetmap.org/node/5021960424"}},{"type":"Feature","geometry":{"type":"Point","coordinates":[126.7372924,37.4480373]},"properties":{"feature":"metro","name":"","source_url":"https://www.openstreetmap.org/node/5021960425"}},{"type":"Feature","geometry":{"type":"Point","coordinates":[126.7362342,37.4480619]},"properties":{"feature":"metro","name":"","source_url":"https://www.openstreetmap.org/node/5021960426"}},{"type":"Feature","geometry":{"type":"Point","coordinates":[127.013434,37.6030247]},"properties":{"feature":"metro","name":"","source_url":"https://www.openstreetmap.org/node/5072347849"}},{"type":"Feature","geometry":{"type":"Point","coordinates":[127.0133537,37.6027258]},"properties":{"feature":"metro","name":"","source_url":"https://www.openstreetmap.org/node/5072347850"}},{"type":"Feature","geometry":{"type":"Point","coordinates":[127.0175765,37.6341039]},"properties":{"feature":"metro","name":"","source_url":"https://www.openstreetmap.org/node/5086939514"}},{"type":"Feature","geometry":{"type":"Point","coordinates":[127.0173835,37.6340384]},"properties":{"feature":"metro","name":"","source_url":"https://www.openstreetmap.org/node/5086939515"}},{"type":"Feature","geometry":{"type":"Point","coordinates":[127.0207257,37.620793]},"properties":{"feature":"metro","name":"","source_url":"https://www.openstreetmap.org/node/5087059946"}},{"type":"Feature","geometry":{"type":"Point","coordinates":[127.0203082,37.6215365]},"properties":{"feature":"metro","name":"","source_url":"https://www.openstreetmap.org/node/5087059947"}},{"type":"Feature","geometry":{"type":"Point","coordinates":[127.0206477,37.6212219]},"properties":{"feature":"metro","name":"","source_url":"https://www.openstreetmap.org/node/5087059948"}},{"type":"Feature","geometry":{"type":"Point","coordinates":[127.0078796,37.6124457]},"properties":{"feature":"metro","name":"","source_url":"https://www.openstreetmap.org/node/5087059949"}},{"type":"Feature","geometry":{"type":"Point","coordinates":[127.0085433,37.6117859]},"properties":{"feature":"metro","name":"","source_url":"https://www.openstreetmap.org/node/5087059950"}},{"type":"Feature","geometry":{"type":"Point","coordinates":[127.0082449,37.6122499]},"properties":{"feature":"metro","name":"","source_url":"https://www.openstreetmap.org/node/5087059951"}},{"type":"Feature","geometry":{"type":"Point","coordinates":[127.0080812,37.6122038]},"properties":{"feature":"metro","name":"","source_url":"https://www.openstreetmap.org/node/5087059952"}},{"type":"Feature","geometry":{"type":"Point","coordinates":[127.0131987,37.6029026]},"properties":{"feature":"metro","name":"","source_url":"https://www.openstreetmap.org/node/5087059953"}},{"type":"Feature","geometry":{"type":"Point","coordinates":[127.0992344,37.5138738]},"properties":{"feature":"metro","name":"","source_url":"https://www.openstreetmap.org/node/5091780652"}},{"type":"Feature","geometry":{"type":"Point","coordinates":[127.0233734,37.5759942]},"properties":{"feature":"metro","name":"","source_url":"https://www.openstreetmap.org/node/5172891761"}},{"type":"Feature","geometry":{"type":"Point","coordinates":[127.0229607,37.575944]},"properties":{"feature":"metro","name":"","source_url":"https://www.openstreetmap.org/node/5172891762"}},{"type":"Feature","geometry":{"type":"Point","coordinates":[127.011745,37.5720338]},"properties":{"feature":"metro","name":"","source_url":"https://www.openstreetmap.org/node/5195544031"}},{"type":"Feature","geometry":{"type":"Point","coordinates":[126.9773857,37.5724998]},"properties":{"feature":"metro","name":"","source_url":"https://www.openstreetmap.org/node/5197260361"}},{"type":"Feature","geometry":{"type":"Point","coordinates":[127.1923126,37.5641197]},"properties":{"feature":"metro","name":"","source_url":"https://www.openstreetmap.org/node/5208088684"}},{"type":"Feature","geometry":{"type":"Point","coordinates":[126.823534,37.4922986]},"properties":{"feature":"metro","name":"온수","source_url":"https://www.openstreetmap.org/node/5208486247"}},{"type":"Feature","geometry":{"type":"Point","coordinates":[126.7536293,37.4486841]},"properties":{"feature":"metro","name":"","source_url":"https://www.openstreetmap.org/node/5219264469"}},{"type":"Feature","geometry":{"type":"Point","coordinates":[126.753377,37.4484339]},"properties":{"feature":"metro","name":"","source_url":"https://www.openstreetmap.org/node/5219264471"}},{"type":"Feature","geometry":{"type":"Point","coordinates":[126.7530539,37.4487994]},"properties":{"feature":"metro","name":"","source_url":"https://www.openstreetmap.org/node/5219266728"}},{"type":"Feature","geometry":{"type":"Point","coordinates":[126.7103303,37.4570099]},"properties":{"feature":"metro","name":"","source_url":"https://www.openstreetmap.org/node/5219283303"}},{"type":"Feature","geometry":{"type":"Point","coordinates":[126.7111381,37.4568917]},"properties":{"feature":"metro","name":"","source_url":"https://www.openstreetmap.org/node/5219283304"}},{"type":"Feature","geometry":{"type":"Point","coordinates":[126.711087,37.4566063]},"properties":{"feature":"metro","name":"","source_url":"https://www.openstreetmap.org/node/5219283305"}},{"type":"Feature","geometry":{"type":"Point","coordinates":[126.7102852,37.4566879]},"properties":{"feature":"metro","name":"","source_url":"https://www.openstreetmap.org/node/5219283306"}},{"type":"Feature","geometry":{"type":"Point","coordinates":[126.7597926,37.4395815]},"properties":{"feature":"metro","name":"","source_url":"https://www.openstreetmap.org/node/5219301065"}},{"type":"Feature","geometry":{"type":"Point","coordinates":[127.024606,37.5762045]},"properties":{"feature":"metro","name":"","source_url":"https://www.openstreetmap.org/node/5226829456"}},{"type":"Feature","geometry":{"type":"Point","coordinates":[127.0253696,37.5764124]},"properties":{"feature":"metro","name":"","source_url":"https://www.openstreetmap.org/node/5226829457"}},{"type":"Feature","geometry":{"type":"Point","coordinates":[126.9327483,37.3583988]},"properties":{"feature":"metro","name":"","source_url":"https://www.openstreetmap.org/node/5263844385"}},{"type":"Feature","geometry":{"type":"Point","coordinates":[126.9722083,37.5757392]},"properties":{"feature":"metro","name":"","source_url":"https://www.openstreetmap.org/node/5268237649"}},{"type":"Feature","geometry":{"type":"Point","coordinates":[126.9753188,37.5216157]},"properties":{"feature":"metro","name":"","source_url":"https://www.openstreetmap.org/node/5272944237"}},{"type":"Feature","geometry":{"type":"Point","coordinates":[127.0455468,37.6792077]},"properties":{"feature":"metro","name":"도봉","source_url":"https://www.openstreetmap.org/node/5273298572"}},{"type":"Feature","geometry":{"type":"Point","coordinates":[127.0469427,37.5804525]},"properties":{"feature":"metro","name":"","source_url":"https://www.openstreetmap.org/node/5316916057"}},{"type":"Feature","geometry":{"type":"Point","coordinates":[126.9005246,37.4852244]},"properties":{"feature":"metro","name":"","source_url":"https://www.openstreetmap.org/node/5331125638"}},{"type":"Feature","geometry":{"type":"Point","coordinates":[126.900929,37.4850525]},"properties":{"feature":"metro","name":"","source_url":"https://www.openstreetmap.org/node/5331125639"}},{"type":"Feature","geometry":{"type":"Point","coordinates":[126.9013566,37.4857102]},"properties":{"feature":"metro","name":"","source_url":"https://www.openstreetmap.org/node/5331125640"}},{"type":"Feature","geometry":{"type":"Point","coordinates":[126.9010199,37.4858491]},"properties":{"feature":"metro","name":"","source_url":"https://www.openstreetmap.org/node/5331125643"}},{"type":"Feature","geometry":{"type":"Point","coordinates":[126.8823271,37.4812387]},"properties":{"feature":"metro","name":"","source_url":"https://www.openstreetmap.org/node/5331126026"}},{"type":"Feature","geometry":{"type":"Point","coordinates":[126.8905575,37.5091528]},"properties":{"feature":"metro","name":"","source_url":"https://www.openstreetmap.org/node/5344219249"}},{"type":"Feature","geometry":{"type":"Point","coordinates":[126.8912547,37.5095136]},"properties":{"feature":"metro","name":"","source_url":"https://www.openstreetmap.org/node/5344219250"}},{"type":"Feature","geometry":{"type":"Point","coordinates":[126.8912615,37.5085291]},"properties":{"feature":"metro","name":"","source_url":"https://www.openstreetmap.org/node/5344219251"}},{"type":"Feature","geometry":{"type":"Point","coordinates":[126.7429544,37.3518096]},"properties":{"feature":"metro","name":"정왕","source_url":"https://www.openstreetmap.org/node/5347790596"}},{"type":"Feature","geometry":{"type":"Point","coordinates":[126.9716427,37.5564412]},"properties":{"feature":"metro","name":"","source_url":"https://www.openstreetmap.org/node/5348913429"}},{"type":"Feature","geometry":{"type":"Point","coordinates":[127.0473504,37.72441]},"properties":{"feature":"metro","name":"회룡","source_url":"https://www.openstreetmap.org/node/5350784135"}},{"type":"Feature","geometry":{"type":"Point","coordinates":[127.0341455,37.4844005]},"properties":{"feature":"metro","name":"양재","source_url":"https://www.openstreetmap.org/node/5351229954"}},{"type":"Feature","geometry":{"type":"Point","coordinates":[127.2036311,37.5519584]},"properties":{"feature":"metro","name":"하남풍산","source_url":"https://www.openstreetmap.org/node/5400270994"}},{"type":"Feature","geometry":{"type":"Point","coordinates":[127.2067037,37.5417742]},"properties":{"feature":"metro","name":"하남시청","source_url":"https://www.openstreetmap.org/node/5400271007"}},{"type":"Feature","geometry":{"type":"Point","coordinates":[127.2235329,37.5397035]},"properties":{"feature":"metro","name":"하남검단산","source_url":"https://www.openstreetmap.org/node/5400271021"}},{"type":"Feature","geometry":{"type":"Point","coordinates":[127.1267127,37.4705773]},"properties":{"feature":"metro","name":"복정","source_url":"https://www.openstreetmap.org/node/5408273777"}},{"type":"Feature","geometry":{"type":"Point","coordinates":[126.8961056,37.5238985]},"properties":{"feature":"metro","name":"","source_url":"https://www.openstreetmap.org/node/5423183415"}},{"type":"Feature","geometry":{"type":"Point","coordinates":[126.9023059,37.4351332]},"properties":{"feature":"metro","name":"석수","source_url":"https://www.openstreetmap.org/node/5444366645"}},{"type":"Feature","geometry":{"type":"Point","coordinates":[126.8894844,37.4660736]},"properties":{"feature":"metro","name":"독산","source_url":"https://www.openstreetmap.org/node/5444369664"}},{"type":"Feature","geometry":{"type":"Point","coordinates":[126.8939002,37.4558132]},"properties":{"feature":"metro","name":"금천구청","source_url":"https://www.openstreetmap.org/node/5448524543"}},{"type":"Feature","geometry":{"type":"Point","coordinates":[127.1374318,37.5570469]},"properties":{"feature":"metro","name":"암사역사공원","source_url":"https://www.openstreetmap.org/node/5451488269"}},{"type":"Feature","geometry":{"type":"Point","coordinates":[127.0732808,37.6253757]},"properties":{"feature":"metro","name":"","source_url":"https://www.openstreetmap.org/node/5546840553"}},{"type":"Feature","geometry":{"type":"Point","coordinates":[126.8524155,37.5623945]},"properties":{"feature":"metro","name":"","source_url":"https://www.openstreetmap.org/node/5618095758"}},{"type":"Feature","geometry":{"type":"Point","coordinates":[126.7971711,37.4691581]},"properties":{"feature":"metro","name":"","source_url":"https://www.openstreetmap.org/node/5695856132"}},{"type":"Feature","geometry":{"type":"Point","coordinates":[126.7965666,37.4693313]},"properties":{"feature":"metro","name":"","source_url":"https://www.openstreetmap.org/node/5695856133"}},{"type":"Feature","geometry":{"type":"Point","coordinates":[126.7975173,37.4684172]},"properties":{"feature":"metro","name":"","source_url":"https://www.openstreetmap.org/node/5695856134"}},{"type":"Feature","geometry":{"type":"Point","coordinates":[126.7971928,37.4682208]},"properties":{"feature":"metro","name":"","source_url":"https://www.openstreetmap.org/node/5695856135"}},{"type":"Feature","geometry":{"type":"Point","coordinates":[126.8095186,37.3701247]},"properties":{"feature":"metro","name":"","source_url":"https://www.openstreetmap.org/node/5715318302"}},{"type":"Feature","geometry":{"type":"Point","coordinates":[126.8089675,37.3696088]},"properties":{"feature":"metro","name":"","source_url":"https://www.openstreetmap.org/node/5715318303"}},{"type":"Feature","geometry":{"type":"Point","coordinates":[126.8075852,37.3705218]},"properties":{"feature":"metro","name":"","source_url":"https://www.openstreetmap.org/node/5715318304"}},{"type":"Feature","geometry":{"type":"Point","coordinates":[126.8076786,37.3701358]},"properties":{"feature":"metro","name":"","source_url":"https://www.openstreetmap.org/node/5715318305"}},{"type":"Feature","geometry":{"type":"Point","coordinates":[126.8058133,37.3822849]},"properties":{"feature":"metro","name":"","source_url":"https://www.openstreetmap.org/node/5715318308"}},{"type":"Feature","geometry":{"type":"Point","coordinates":[126.8060009,37.3817281]},"properties":{"feature":"metro","name":"","source_url":"https://www.openstreetmap.org/node/5715318309"}},{"type":"Feature","geometry":{"type":"Point","coordinates":[126.8054664,37.3823271]},"properties":{"feature":"metro","name":"","source_url":"https://www.openstreetmap.org/node/5715318310"}},{"type":"Feature","geometry":{"type":"Point","coordinates":[126.7878261,37.4091604]},"properties":{"feature":"metro","name":"","source_url":"https://www.openstreetmap.org/node/5715577994"}},{"type":"Feature","geometry":{"type":"Point","coordinates":[126.7880325,37.4091947]},"properties":{"feature":"metro","name":"","source_url":"https://www.openstreetmap.org/node/5715577995"}},{"type":"Feature","geometry":{"type":"Point","coordinates":[126.7384943,37.3619245]},"properties":{"feature":"metro","name":"오이도","source_url":"https://www.openstreetmap.org/node/5727672637"}},{"type":"Feature","geometry":{"type":"Point","coordinates":[127.0193736,37.5852743]},"properties":{"feature":"metro","name":"보문","source_url":"https://www.openstreetmap.org/node/5747397250"}},{"type":"Feature","geometry":{"type":"Point","coordinates":[126.93352,37.3574889]},"properties":{"feature":"metro","name":"","source_url":"https://www.openstreetmap.org/node/5750035801"}},{"type":"Feature","geometry":{"type":"Point","coordinates":[127.0486072,37.5797721]},"properties":{"feature":"metro","name":"","source_url":"https://www.openstreetmap.org/node/5750036013"}},{"type":"Feature","geometry":{"type":"Point","coordinates":[126.978203,37.5029705]},"properties":{"feature":"metro","name":"동작","source_url":"https://www.openstreetmap.org/node/5770979639"}},{"type":"Feature","geometry":{"type":"Point","coordinates":[127.0554679,37.4909056]},"properties":{"feature":"metro","name":"도곡","source_url":"https://www.openstreetmap.org/node/5772493739"}},{"type":"Feature","geometry":{"type":"Point","coordinates":[126.8013934,37.5619247]},"properties":{"feature":"metro","name":"김포공항","source_url":"https://www.openstreetmap.org/node/5772497241"}},{"type":"Feature","geometry":{"type":"Point","coordinates":[127.0081233,37.5652615]},"properties":{"feature":"metro","name":"동대문역사문화공원","source_url":"https://www.openstreetmap.org/node/5772552255"}},{"type":"Feature","geometry":{"type":"Point","coordinates":[126.8825086,37.5034468]},"properties":{"feature":"metro","name":"구로","source_url":"https://www.openstreetmap.org/node/5774282517"}},{"type":"Feature","geometry":{"type":"Point","coordinates":[126.9724088,37.5763866]},"properties":{"feature":"metro","name":"","source_url":"https://www.openstreetmap.org/node/5779812094"}},{"type":"Feature","geometry":{"type":"Point","coordinates":[126.9731471,37.5759692]},"properties":{"feature":"metro","name":"","source_url":"https://www.openstreetmap.org/node/5779812095"}},{"type":"Feature","geometry":{"type":"Point","coordinates":[126.9861709,37.5768279]},"properties":{"feature":"metro","name":"안국","source_url":"https://www.openstreetmap.org/node/5782503942"}},{"type":"Feature","geometry":{"type":"Point","coordinates":[127.1757633,37.5574822]},"properties":{"feature":"metro","name":"강일","source_url":"https://www.openstreetmap.org/node/5799979340"}},{"type":"Feature","geometry":{"type":"Point","coordinates":[127.1234021,37.5385225]},"properties":{"feature":"metro","name":"천호","source_url":"https://www.openstreetmap.org/node/5801572034"}},{"type":"Feature","geometry":{"type":"Point","coordinates":[126.7020849,37.4572915]},"properties":{"feature":"metro","name":"인천시청","source_url":"https://www.openstreetmap.org/node/5809225533"}},{"type":"Feature","geometry":{"type":"Point","coordinates":[127.0114887,37.5718616]},"properties":{"feature":"metro","name":"동대문","source_url":"https://www.openstreetmap.org/node/5812233465"}},{"type":"Feature","geometry":{"type":"Point","coordinates":[126.9738885,37.535478]},"properties":{"feature":"metro","name":"삼각지","source_url":"https://www.openstreetmap.org/node/5812740055"}},{"type":"Feature","geometry":{"type":"Point","coordinates":[127.0060059,37.4355783]},"properties":{"feature":"metro","name":"","source_url":"https://www.openstreetmap.org/node/5812750620"}},{"type":"Feature","geometry":{"type":"Point","coordinates":[127.0460783,37.6898359]},"properties":{"feature":"metro","name":"도봉산","source_url":"https://www.openstreetmap.org/node/5814312742"}},{"type":"Feature","geometry":{"type":"Point","coordinates":[127.0465716,37.6891881]},"properties":{"feature":"metro","name":"도봉산","source_url":"https://www.openstreetmap.org/node/5814312743"}},{"type":"Feature","geometry":{"type":"Point","coordinates":[126.94204,37.5142381]},"properties":{"feature":"metro","name":"노량진","source_url":"https://www.openstreetmap.org/node/5840686670"}},{"type":"Feature","geometry":{"type":"Point","coordinates":[126.9831831,37.5701745]},"properties":{"feature":"metro","name":"종각","source_url":"https://www.openstreetmap.org/node/5863335699"}},{"type":"Feature","geometry":{"type":"Point","coordinates":[127.0708644,37.5404436]},"properties":{"feature":"metro","name":"건대입구","source_url":"https://www.openstreetmap.org/node/5863378580"}},{"type":"Feature","geometry":{"type":"Point","coordinates":[127.1132863,37.5177063]},"properties":{"feature":"metro","name":"","source_url":"https://www.openstreetmap.org/node/5873076167"}},{"type":"Feature","geometry":{"type":"Point","coordinates":[127.1083609,37.3671338]},"properties":{"feature":"metro","name":"","source_url":"https://www.openstreetmap.org/node/5881432711"}},{"type":"Feature","geometry":{"type":"Point","coordinates":[127.1284003,37.39464]},"properties":{"feature":"metro","name":"이매","source_url":"https://www.openstreetmap.org/node/5882162364"}},{"type":"Feature","geometry":{"type":"Point","coordinates":[127.127968,37.394385]},"properties":{"feature":"metro","name":"","source_url":"https://www.openstreetmap.org/node/5882162373"}},{"type":"Feature","geometry":{"type":"Point","coordinates":[127.1269058,37.3947302]},"properties":{"feature":"metro","name":"","source_url":"https://www.openstreetmap.org/node/5882162374"}},{"type":"Feature","geometry":{"type":"Point","coordinates":[127.1269058,37.3945725]},"properties":{"feature":"metro","name":"","source_url":"https://www.openstreetmap.org/node/5882162375"}},{"type":"Feature","geometry":{"type":"Point","coordinates":[127.0458574,37.6890363]},"properties":{"feature":"metro","name":"","source_url":"https://www.openstreetmap.org/node/5899116582"}},{"type":"Feature","geometry":{"type":"Point","coordinates":[126.9713213,37.540538]},"properties":{"feature":"metro","name":"남영","source_url":"https://www.openstreetmap.org/node/5899527454"}},{"type":"Feature","geometry":{"type":"Point","coordinates":[126.9264784,37.5133577]},"properties":{"feature":"metro","name":"대방","source_url":"https://www.openstreetmap.org/node/5900362272"}},{"type":"Feature","geometry":{"type":"Point","coordinates":[126.9033633,37.5626631]},"properties":{"feature":"metro","name":"","source_url":"https://www.openstreetmap.org/node/5905951488"}},{"type":"Feature","geometry":{"type":"Point","coordinates":[127.1280894,37.501536]},"properties":{"feature":"metro","name":"","source_url":"https://www.openstreetmap.org/node/5915757373"}},{"type":"Feature","geometry":{"type":"Point","coordinates":[126.9155283,37.5984296]},"properties":{"feature":"metro","name":"응암","source_url":"https://www.openstreetmap.org/node/5916874387"}},{"type":"Feature","geometry":{"type":"Point","coordinates":[126.9136561,37.5493558]},"properties":{"feature":"metro","name":"합정","source_url":"https://www.openstreetmap.org/node/5916874391"}},{"type":"Feature","geometry":{"type":"Point","coordinates":[127.0174344,37.5735084]},"properties":{"feature":"metro","name":"동묘앞","source_url":"https://www.openstreetmap.org/node/5916874394"}},{"type":"Feature","geometry":{"type":"Point","coordinates":[127.0360133,37.5903784]},"properties":{"feature":"metro","name":"고려대","source_url":"https://www.openstreetmap.org/node/5916874395"}},{"type":"Feature","geometry":{"type":"Point","coordinates":[127.0125264,37.6629858]},"properties":{"feature":"metro","name":"","source_url":"https://www.openstreetmap.org/node/5917225401"}},{"type":"Feature","geometry":{"type":"Point","coordinates":[127.0126894,37.6633694]},"properties":{"feature":"metro","name":"","source_url":"https://www.openstreetmap.org/node/5917225402"}},{"type":"Feature","geometry":{"type":"Point","coordinates":[127.0131165,37.6560958]},"properties":{"feature":"metro","name":"","source_url":"https://www.openstreetmap.org/node/5917225403"}},{"type":"Feature","geometry":{"type":"Point","coordinates":[127.0133917,37.6558857]},"properties":{"feature":"metro","name":"","source_url":"https://www.openstreetmap.org/node/5917225404"}},{"type":"Feature","geometry":{"type":"Point","coordinates":[127.0134866,37.6495756]},"properties":{"feature":"metro","name":"","source_url":"https://www.openstreetmap.org/node/5917225405"}},{"type":"Feature","geometry":{"type":"Point","coordinates":[127.0137334,37.6497072]},"properties":{"feature":"metro","name":"","source_url":"https://www.openstreetmap.org/node/5917225406"}},{"type":"Feature","geometry":{"type":"Point","coordinates":[127.0167509,37.6410146]},"properties":{"feature":"metro","name":"","source_url":"https://www.openstreetmap.org/node/5917225407"}},{"type":"Feature","geometry":{"type":"Point","coordinates":[127.0169266,37.6416979]},"properties":{"feature":"metro","name":"","source_url":"https://www.openstreetmap.org/node/5917225408"}},{"type":"Feature","geometry":{"type":"Point","coordinates":[127.0181617,37.6264355]},"properties":{"feature":"metro","name":"","source_url":"https://www.openstreetmap.org/node/5917225409"}},{"type":"Feature","geometry":{"type":"Point","coordinates":[127.0182649,37.6267573]},"properties":{"feature":"metro","name":"","source_url":"https://www.openstreetmap.org/node/5917225410"}},{"type":"Feature","geometry":{"type":"Point","coordinates":[127.0138675,37.6203078]},"properties":{"feature":"metro","name":"","source_url":"https://www.openstreetmap.org/node/5917225411"}},{"type":"Feature","geometry":{"type":"Point","coordinates":[127.0128979,37.620176]},"properties":{"feature":"metro","name":"","source_url":"https://www.openstreetmap.org/node/5917225412"}},{"type":"Feature","geometry":{"type":"Point","coordinates":[126.926908,37.5573487]},"properties":{"feature":"metro","name":"홍대입구","source_url":"https://www.openstreetmap.org/node/5919544685"}},{"type":"Feature","geometry":{"type":"Point","coordinates":[126.7863725,37.4385366]},"properties":{"feature":"metro","name":"","source_url":"https://www.openstreetmap.org/node/5921531697"}},{"type":"Feature","geometry":{"type":"Point","coordinates":[126.7868108,37.4390882]},"properties":{"feature":"metro","name":"","source_url":"https://www.openstreetmap.org/node/5921531698"}},{"type":"Feature","geometry":{"type":"Point","coordinates":[126.7875431,37.4397102]},"properties":{"feature":"metro","name":"","source_url":"https://www.openstreetmap.org/node/5921531699"}},{"type":"Feature","geometry":{"type":"Point","coordinates":[126.7872944,37.4399538]},"properties":{"feature":"metro","name":"","source_url":"https://www.openstreetmap.org/node/5921531700"}},{"type":"Feature","geometry":{"type":"Point","coordinates":[126.7927609,37.449619]},"properties":{"feature":"metro","name":"","source_url":"https://www.openstreetmap.org/node/5921531707"}},{"type":"Feature","geometry":{"type":"Point","coordinates":[126.7933279,37.450707]},"properties":{"feature":"metro","name":"","source_url":"https://www.openstreetmap.org/node/5921531708"}},{"type":"Feature","geometry":{"type":"Point","coordinates":[126.7944467,37.4835276]},"properties":{"feature":"metro","name":"","source_url":"https://www.openstreetmap.org/node/5921531710"}},{"type":"Feature","geometry":{"type":"Point","coordinates":[126.7950005,37.4834701]},"properties":{"feature":"metro","name":"","source_url":"https://www.openstreetmap.org/node/5921531711"}},{"type":"Feature","geometry":{"type":"Point","coordinates":[127.0489508,37.5044746]},"properties":{"feature":"metro","name":"선릉","source_url":"https://www.openstreetmap.org/node/5924268024"}},{"type":"Feature","geometry":{"type":"Point","coordinates":[127.0412865,37.5171756]},"properties":{"feature":"metro","name":"강남구청","source_url":"https://www.openstreetmap.org/node/5925861751"}},{"type":"Feature","geometry":{"type":"Point","coordinates":[127.0410959,37.5173453]},"properties":{"feature":"metro","name":"","source_url":"https://www.openstreetmap.org/node/5926091497"}},{"type":"Feature","geometry":{"type":"Point","coordinates":[127.0559686,37.4909126]},"properties":{"feature":"metro","name":"","source_url":"https://www.openstreetmap.org/node/5926995238"}},{"type":"Feature","geometry":{"type":"Point","coordinates":[127.1291547,37.4337388]},"properties":{"feature":"metro","name":"모란","source_url":"https://www.openstreetmap.org/node/5927397045"}},{"type":"Feature","geometry":{"type":"Point","coordinates":[127.0275574,37.4979497]},"properties":{"feature":"metro","name":"강남","source_url":"https://www.openstreetmap.org/node/5927529147"}},{"type":"Feature","geometry":{"type":"Point","coordinates":[127.2033897,37.4086552]},"properties":{"feature":"metro","name":"삼동","source_url":"https://www.openstreetmap.org/node/5927786378"}},{"type":"Feature","geometry":{"type":"Point","coordinates":[127.1186382,37.4925324]},"properties":{"feature":"metro","name":"가락시장","source_url":"https://www.openstreetmap.org/node/5930287081"}},{"type":"Feature","geometry":{"type":"Point","coordinates":[127.1177777,37.4927726]},"properties":{"feature":"metro","name":"","source_url":"https://www.openstreetmap.org/node/5930287084"}},{"type":"Feature","geometry":{"type":"Point","coordinates":[126.9925305,37.5663363]},"properties":{"feature":"metro","name":"을지로3가","source_url":"https://www.openstreetmap.org/node/5930698985"}},{"type":"Feature","geometry":{"type":"Point","coordinates":[126.9296307,37.6108807]},"properties":{"feature":"metro","name":"불광","source_url":"https://www.openstreetmap.org/node/5930698996"}},{"type":"Feature","geometry":{"type":"Point","coordinates":[127.0862214,37.5371676]},"properties":{"feature":"metro","name":"구의","source_url":"https://www.openstreetmap.org/node/5933687039"}},{"type":"Feature","geometry":{"type":"Point","coordinates":[127.0947415,37.5351109]},"properties":{"feature":"metro","name":"강변","source_url":"https://www.openstreetmap.org/node/5933687056"}},{"type":"Feature","geometry":{"type":"Point","coordinates":[127.1038301,37.520691]},"properties":{"feature":"metro","name":"잠실나루","source_url":"https://www.openstreetmap.org/node/5933687057"}},{"type":"Feature","geometry":{"type":"Point","coordinates":[126.9941091,37.5612019]},"properties":{"feature":"metro","name":"충무로","source_url":"https://www.openstreetmap.org/node/5933896995"}},{"type":"Feature","geometry":{"type":"Point","coordinates":[127.010623,37.5547501]},"properties":{"feature":"metro","name":"약수","source_url":"https://www.openstreetmap.org/node/5933896998"}},{"type":"Feature","geometry":{"type":"Point","coordinates":[127.0650358,37.4951723]},"properties":{"feature":"metro","name":"","source_url":"https://www.openstreetmap.org/node/5933946995"}},{"type":"Feature","geometry":{"type":"Point","coordinates":[127.0137025,37.4936592]},"properties":{"feature":"metro","name":"교대","source_url":"https://www.openstreetmap.org/node/5933947006"}},{"type":"Feature","geometry":{"type":"Point","coordinates":[127.1281525,37.5019815]},"properties":{"feature":"metro","name":"오금","source_url":"https://www.openstreetmap.org/node/5934012013"}},{"type":"Feature","geometry":{"type":"Point","coordinates":[127.0436642,37.5557271]},"properties":{"feature":"metro","name":"한양대","source_url":"https://www.openstreetmap.org/node/5935554444"}},{"type":"Feature","geometry":{"type":"Point","coordinates":[127.0561016,37.5445688]},"properties":{"feature":"metro","name":"성수","source_url":"https://www.openstreetmap.org/node/5935554450"}},{"type":"Feature","geometry":{"type":"Point","coordinates":[126.977114,37.5654798]},"properties":{"feature":"metro","name":"시청","source_url":"https://www.openstreetmap.org/node/5935738063"}},{"type":"Feature","geometry":{"type":"Point","coordinates":[126.9826171,37.5659494]},"properties":{"feature":"metro","name":"을지로입구","source_url":"https://www.openstreetmap.org/node/5935738064"}},{"type":"Feature","geometry":{"type":"Point","coordinates":[126.9981685,37.5666425]},"properties":{"feature":"metro","name":"을지로4가","source_url":"https://www.openstreetmap.org/node/5935738067"}},{"type":"Feature","geometry":{"type":"Point","coordinates":[127.016252,37.5653839]},"properties":{"feature":"metro","name":"신당","source_url":"https://www.openstreetmap.org/node/5935738288"}},{"type":"Feature","geometry":{"type":"Point","coordinates":[127.0292513,37.564391]},"properties":{"feature":"metro","name":"상왕십리","source_url":"https://www.openstreetmap.org/node/5935738290"}},{"type":"Feature","geometry":{"type":"Point","coordinates":[126.9369084,37.5551517]},"properties":{"feature":"metro","name":"신촌","source_url":"https://www.openstreetmap.org/node/5937884691"}},{"type":"Feature","geometry":{"type":"Point","coordinates":[126.9458346,37.5567733]},"properties":{"feature":"metro","name":"이대","source_url":"https://www.openstreetmap.org/node/5937884696"}},{"type":"Feature","geometry":{"type":"Point","coordinates":[126.9561209,37.5574309]},"properties":{"feature":"metro","name":"아현","source_url":"https://www.openstreetmap.org/node/5937884698"}},{"type":"Feature","geometry":{"type":"Point","coordinates":[126.9139297,37.6481183]},"properties":{"feature":"metro","name":"지축","source_url":"https://www.openstreetmap.org/node/5937907109"}},{"type":"Feature","geometry":{"type":"Point","coordinates":[126.8736684,37.6505121]},"properties":{"feature":"metro","name":"원흥","source_url":"https://www.openstreetmap.org/node/5937907114"}},{"type":"Feature","geometry":{"type":"Point","coordinates":[126.8428981,37.6530498]},"properties":{"feature":"metro","name":"원당","source_url":"https://www.openstreetmap.org/node/5937907115"}},{"type":"Feature","geometry":{"type":"Point","coordinates":[126.832577,37.6346457]},"properties":{"feature":"metro","name":"화정","source_url":"https://www.openstreetmap.org/node/5937907124"}},{"type":"Feature","geometry":{"type":"Point","coordinates":[126.8102838,37.6317813]},"properties":{"feature":"metro","name":"대곡","source_url":"https://www.openstreetmap.org/node/5937907125"}},{"type":"Feature","geometry":{"type":"Point","coordinates":[126.7777596,37.6520039]},"properties":{"feature":"metro","name":"마두","source_url":"https://www.openstreetmap.org/node/5937907134"}},{"type":"Feature","geometry":{"type":"Point","coordinates":[126.7732651,37.659711]},"properties":{"feature":"metro","name":"정발산","source_url":"https://www.openstreetmap.org/node/5937907135"}},{"type":"Feature","geometry":{"type":"Point","coordinates":[126.7474634,37.6761753]},"properties":{"feature":"metro","name":"대화","source_url":"https://www.openstreetmap.org/node/5937907137"}},{"type":"Feature","geometry":{"type":"Point","coordinates":[126.8954796,37.6531194]},"properties":{"feature":"metro","name":"삼송","source_url":"https://www.openstreetmap.org/node/5941651083"}},{"type":"Feature","geometry":{"type":"Point","coordinates":[126.827917,37.5662179]},"properties":{"feature":"metro","name":"마곡나루","source_url":"https://www.openstreetmap.org/node/5968926272"}},{"type":"Feature","geometry":{"type":"Point","coordinates":[126.8274915,37.5669125]},"properties":{"feature":"metro","name":"","source_url":"https://www.openstreetmap.org/node/5968926276"}},{"type":"Feature","geometry":{"type":"Point","coordinates":[126.8280119,37.5657219]},"properties":{"feature":"metro","name":"","source_url":"https://www.openstreetmap.org/node/5968926277"}},{"type":"Feature","geometry":{"type":"Point","coordinates":[126.8279046,37.5649268]},"properties":{"feature":"metro","name":"","source_url":"https://www.openstreetmap.org/node/5968926278"}},{"type":"Feature","geometry":{"type":"Point","coordinates":[126.8273896,37.5649735]},"properties":{"feature":"metro","name":"","source_url":"https://www.openstreetmap.org/node/5968926279"}},{"type":"Feature","geometry":{"type":"Point","coordinates":[126.827454,37.5659855]},"properties":{"feature":"metro","name":"","source_url":"https://www.openstreetmap.org/node/5968926280"}},{"type":"Feature","geometry":{"type":"Point","coordinates":[126.902478,37.5345964]},"properties":{"feature":"metro","name":"당산","source_url":"https://www.openstreetmap.org/node/6033312683"}},{"type":"Feature","geometry":{"type":"Point","coordinates":[126.8948726,37.5183839]},"properties":{"feature":"metro","name":"문래","source_url":"https://www.openstreetmap.org/node/6033314412"}},{"type":"Feature","geometry":{"type":"Point","coordinates":[126.8912262,37.5089397]},"properties":{"feature":"metro","name":"신도림","source_url":"https://www.openstreetmap.org/node/6033314425"}},{"type":"Feature","geometry":{"type":"Point","coordinates":[126.9015916,37.4852761]},"properties":{"feature":"metro","name":"구로디지털단지","source_url":"https://www.openstreetmap.org/node/6033314429"}},{"type":"Feature","geometry":{"type":"Point","coordinates":[126.9133919,37.4875949]},"properties":{"feature":"metro","name":"신대방","source_url":"https://www.openstreetmap.org/node/6033314471"}},{"type":"Feature","geometry":{"type":"Point","coordinates":[126.9296803,37.4842316]},"properties":{"feature":"metro","name":"신림","source_url":"https://www.openstreetmap.org/node/6033314481"}},{"type":"Feature","geometry":{"type":"Point","coordinates":[126.9419387,37.4823889]},"properties":{"feature":"metro","name":"봉천","source_url":"https://www.openstreetmap.org/node/6033314701"}},{"type":"Feature","geometry":{"type":"Point","coordinates":[126.9527151,37.481223]},"properties":{"feature":"metro","name":"서울대입구","source_url":"https://www.openstreetmap.org/node/6033314711"}},{"type":"Feature","geometry":{"type":"Point","coordinates":[126.9634876,37.4770623]},"properties":{"feature":"metro","name":"낙성대","source_url":"https://www.openstreetmap.org/node/6033314724"}},{"type":"Feature","geometry":{"type":"Point","coordinates":[126.9977072,37.4814662]},"properties":{"feature":"metro","name":"방배","source_url":"https://www.openstreetmap.org/node/6033314782"}},{"type":"Feature","geometry":{"type":"Point","coordinates":[127.007681,37.4917747]},"properties":{"feature":"metro","name":"서초","source_url":"https://www.openstreetmap.org/node/6033314993"}},{"type":"Feature","geometry":{"type":"Point","coordinates":[127.03696,37.5008221]},"properties":{"feature":"metro","name":"역삼","source_url":"https://www.openstreetmap.org/node/6033314995"}},{"type":"Feature","geometry":{"type":"Point","coordinates":[127.063143,37.5088402]},"properties":{"feature":"metro","name":"삼성","source_url":"https://www.openstreetmap.org/node/6033315003"}},{"type":"Feature","geometry":{"type":"Point","coordinates":[127.0775002,37.5110918]},"properties":{"feature":"metro","name":"","source_url":"https://www.openstreetmap.org/node/6033315006"}},{"type":"Feature","geometry":{"type":"Point","coordinates":[127.0737204,37.5110581]},"properties":{"feature":"metro","name":"종합운동장","source_url":"https://www.openstreetmap.org/node/6033315007"}},{"type":"Feature","geometry":{"type":"Point","coordinates":[127.085571,37.5115881]},"properties":{"feature":"metro","name":"잠실새내","source_url":"https://www.openstreetmap.org/node/6033315010"}},{"type":"Feature","geometry":{"type":"Point","coordinates":[127.1043063,37.5147938]},"properties":{"feature":"metro","name":"","source_url":"https://www.openstreetmap.org/node/6033315016"}},{"type":"Feature","geometry":{"type":"Point","coordinates":[127.1001365,37.5132169]},"properties":{"feature":"metro","name":"잠실","source_url":"https://www.openstreetmap.org/node/6033315017"}},{"type":"Feature","geometry":{"type":"Point","coordinates":[126.865945,37.512295]},"properties":{"feature":"metro","name":"양천구청","source_url":"https://www.openstreetmap.org/node/6033364440"}},{"type":"Feature","geometry":{"type":"Point","coordinates":[126.8530463,37.5199831]},"properties":{"feature":"metro","name":"신정네거리","source_url":"https://www.openstreetmap.org/node/6033364448"}},{"type":"Feature","geometry":{"type":"Point","coordinates":[126.882684,37.5144539]},"properties":{"feature":"metro","name":"도림천","source_url":"https://www.openstreetmap.org/node/6033364545"}},{"type":"Feature","geometry":{"type":"Point","coordinates":[127.1239038,37.495401]},"properties":{"feature":"metro","name":"경찰병원","source_url":"https://www.openstreetmap.org/node/6033544227"}},{"type":"Feature","geometry":{"type":"Point","coordinates":[127.0795515,37.4936283]},"properties":{"feature":"metro","name":"대청","source_url":"https://www.openstreetmap.org/node/6033544263"}},{"type":"Feature","geometry":{"type":"Point","coordinates":[127.0698841,37.4964975]},"properties":{"feature":"metro","name":"학여울","source_url":"https://www.openstreetmap.org/node/6033544264"}},{"type":"Feature","geometry":{"type":"Point","coordinates":[127.0631933,37.4944743]},"properties":{"feature":"metro","name":"대치","source_url":"https://www.openstreetmap.org/node/6033544266"}},{"type":"Feature","geometry":{"type":"Point","coordinates":[127.046978,37.4870692]},"properties":{"feature":"metro","name":"매봉","source_url":"https://www.openstreetmap.org/node/6033544267"}},{"type":"Feature","geometry":{"type":"Point","coordinates":[127.0163445,37.484943]},"properties":{"feature":"metro","name":"남부터미널","source_url":"https://www.openstreetmap.org/node/6033544275"}},{"type":"Feature","geometry":{"type":"Point","coordinates":[127.0111504,37.5127513]},"properties":{"feature":"metro","name":"잠원","source_url":"https://www.openstreetmap.org/node/6033544391"}},{"type":"Feature","geometry":{"type":"Point","coordinates":[127.0195159,37.5161089]},"properties":{"feature":"metro","name":"신사","source_url":"https://www.openstreetmap.org/node/6033544395"}},{"type":"Feature","geometry":{"type":"Point","coordinates":[127.0284989,37.5261847]},"properties":{"feature":"metro","name":"압구정","source_url":"https://www.openstreetmap.org/node/6033544405"}},{"type":"Feature","geometry":{"type":"Point","coordinates":[127.0159247,37.5479735]},"properties":{"feature":"metro","name":"금호","source_url":"https://www.openstreetmap.org/node/6033544412"}},{"type":"Feature","geometry":{"type":"Point","coordinates":[127.005727,37.5590607]},"properties":{"feature":"metro","name":"동대입구","source_url":"https://www.openstreetmap.org/node/6033544419"}},{"type":"Feature","geometry":{"type":"Point","coordinates":[126.973526,37.5757873]},"properties":{"feature":"metro","name":"경복궁","source_url":"https://www.openstreetmap.org/node/6033544429"}},{"type":"Feature","geometry":{"type":"Point","coordinates":[126.9578361,37.5745584]},"properties":{"feature":"metro","name":"독립문","source_url":"https://www.openstreetmap.org/node/6033544434"}},{"type":"Feature","geometry":{"type":"Point","coordinates":[126.9503501,37.5823172]},"properties":{"feature":"metro","name":"무악재","source_url":"https://www.openstreetmap.org/node/6033544440"}},{"type":"Feature","geometry":{"type":"Point","coordinates":[126.9442528,37.5886894]},"properties":{"feature":"metro","name":"홍제","source_url":"https://www.openstreetmap.org/node/6033544444"}},{"type":"Feature","geometry":{"type":"Point","coordinates":[126.9357307,37.6009733]},"properties":{"feature":"metro","name":"녹번","source_url":"https://www.openstreetmap.org/node/6033544459"}},{"type":"Feature","geometry":{"type":"Point","coordinates":[126.9188046,37.6368919]},"properties":{"feature":"metro","name":"구파발","source_url":"https://www.openstreetmap.org/node/6033544501"}},{"type":"Feature","geometry":{"type":"Point","coordinates":[126.95091,37.3899129]},"properties":{"feature":"metro","name":"범계","source_url":"https://www.openstreetmap.org/node/6035746705"}},{"type":"Feature","geometry":{"type":"Point","coordinates":[126.9769656,37.4016323]},"properties":{"feature":"metro","name":"인덕원","source_url":"https://www.openstreetmap.org/node/6035746707"}},{"type":"Feature","geometry":{"type":"Point","coordinates":[126.9897504,37.4264709]},"properties":{"feature":"metro","name":"정부과천청사","source_url":"https://www.openstreetmap.org/node/6035746708"}},{"type":"Feature","geometry":{"type":"Point","coordinates":[127.0066085,37.4358034]},"properties":{"feature":"metro","name":"대공원","source_url":"https://www.openstreetmap.org/node/6035746711"}},{"type":"Feature","geometry":{"type":"Point","coordinates":[127.0021114,37.4518055]},"properties":{"feature":"metro","name":"선바위","source_url":"https://www.openstreetmap.org/node/6035746718"}},{"type":"Feature","geometry":{"type":"Point","coordinates":[127.0789245,37.670098]},"properties":{"feature":"metro","name":"불암산","source_url":"https://www.openstreetmap.org/node/6036154649"}},{"type":"Feature","geometry":{"type":"Point","coordinates":[127.0345788,37.6484028]},"properties":{"feature":"metro","name":"쌍문","source_url":"https://www.openstreetmap.org/node/6036160301"}},{"type":"Feature","geometry":{"type":"Point","coordinates":[127.0257229,37.6379932]},"properties":{"feature":"metro","name":"수유","source_url":"https://www.openstreetmap.org/node/6036160306"}},{"type":"Feature","geometry":{"type":"Point","coordinates":[127.0261091,37.6264941]},"properties":{"feature":"metro","name":"미아","source_url":"https://www.openstreetmap.org/node/6036160315"}},{"type":"Feature","geometry":{"type":"Point","coordinates":[127.0300915,37.613185]},"properties":{"feature":"metro","name":"미아사거리","source_url":"https://www.openstreetmap.org/node/6036160316"}},{"type":"Feature","geometry":{"type":"Point","coordinates":[127.0248525,37.6031599]},"properties":{"feature":"metro","name":"길음","source_url":"https://www.openstreetmap.org/node/6036160319"}},{"type":"Feature","geometry":{"type":"Point","coordinates":[127.0019525,37.5821381]},"properties":{"feature":"metro","name":"혜화","source_url":"https://www.openstreetmap.org/node/6036160325"}},{"type":"Feature","geometry":{"type":"Point","coordinates":[126.9863762,37.5608977]},"properties":{"feature":"metro","name":"명동","source_url":"https://www.openstreetmap.org/node/6036160341"}},{"type":"Feature","geometry":{"type":"Point","coordinates":[126.9784167,37.5586981]},"properties":{"feature":"metro","name":"회현","source_url":"https://www.openstreetmap.org/node/6036160342"}},{"type":"Feature","geometry":{"type":"Point","coordinates":[126.9725721,37.5528527]},"properties":{"feature":"metro","name":"서울역","source_url":"https://www.openstreetmap.org/node/6036160343"}},{"type":"Feature","geometry":{"type":"Point","coordinates":[126.9719573,37.5451337]},"properties":{"feature":"metro","name":"숙대입구","source_url":"https://www.openstreetmap.org/node/6036160346"}},{"type":"Feature","geometry":{"type":"Point","coordinates":[126.9678569,37.5291744]},"properties":{"feature":"metro","name":"신용산","source_url":"https://www.openstreetmap.org/node/6036160347"}},{"type":"Feature","geometry":{"type":"Point","coordinates":[126.9816682,37.4765828]},"properties":{"feature":"metro","name":"사당","source_url":"https://www.openstreetmap.org/node/6036160367"}},{"type":"Feature","geometry":{"type":"Point","coordinates":[126.9886975,37.4646556]},"properties":{"feature":"metro","name":"남태령","source_url":"https://www.openstreetmap.org/node/6036160370"}},{"type":"Feature","geometry":{"type":"Point","coordinates":[127.1527241,37.4949531]},"properties":{"feature":"metro","name":"마천","source_url":"https://www.openstreetmap.org/node/6039313042"}},{"type":"Feature","geometry":{"type":"Point","coordinates":[127.1437709,37.4933453]},"properties":{"feature":"metro","name":"거여","source_url":"https://www.openstreetmap.org/node/6039313045"}},{"type":"Feature","geometry":{"type":"Point","coordinates":[127.1348432,37.4980749]},"properties":{"feature":"metro","name":"개롱","source_url":"https://www.openstreetmap.org/node/6039313048"}},{"type":"Feature","geometry":{"type":"Point","coordinates":[127.1260388,37.5086429]},"properties":{"feature":"metro","name":"방이","source_url":"https://www.openstreetmap.org/node/6039313052"}},{"type":"Feature","geometry":{"type":"Point","coordinates":[127.1309298,37.5161479]},"properties":{"feature":"metro","name":"올림픽공원","source_url":"https://www.openstreetmap.org/node/6039313054"}},{"type":"Feature","geometry":{"type":"Point","coordinates":[127.1362433,37.5278024]},"properties":{"feature":"metro","name":"둔촌동","source_url":"https://www.openstreetmap.org/node/6039313056"}},{"type":"Feature","geometry":{"type":"Point","coordinates":[127.1667789,37.5567762]},"properties":{"feature":"metro","name":"상일동","source_url":"https://www.openstreetmap.org/node/6039313589"}},{"type":"Feature","geometry":{"type":"Point","coordinates":[127.1563831,37.5553414]},"properties":{"feature":"metro","name":"고덕","source_url":"https://www.openstreetmap.org/node/6039313593"}},{"type":"Feature","geometry":{"type":"Point","coordinates":[127.1440847,37.5519533]},"properties":{"feature":"metro","name":"명일","source_url":"https://www.openstreetmap.org/node/6039313596"}},{"type":"Feature","geometry":{"type":"Point","coordinates":[127.1429622,37.5456375]},"properties":{"feature":"metro","name":"굽은다리","source_url":"https://www.openstreetmap.org/node/6039313600"}},{"type":"Feature","geometry":{"type":"Point","coordinates":[127.1402049,37.5383683]},"properties":{"feature":"metro","name":"길동","source_url":"https://www.openstreetmap.org/node/6039313602"}},{"type":"Feature","geometry":{"type":"Point","coordinates":[127.1325955,37.5357969]},"properties":{"feature":"metro","name":"강동","source_url":"https://www.openstreetmap.org/node/6039313604"}},{"type":"Feature","geometry":{"type":"Point","coordinates":[127.103527,37.5453014]},"properties":{"feature":"metro","name":"광나루","source_url":"https://www.openstreetmap.org/node/6039313609"}},{"type":"Feature","geometry":{"type":"Point","coordinates":[127.0897955,37.5516981]},"properties":{"feature":"metro","name":"아차산","source_url":"https://www.openstreetmap.org/node/6039313612"}},{"type":"Feature","geometry":{"type":"Point","coordinates":[127.0645666,37.5614909]},"properties":{"feature":"metro","name":"장한평","source_url":"https://www.openstreetmap.org/node/6039313616"}},{"type":"Feature","geometry":{"type":"Point","coordinates":[127.0526992,37.5668136]},"properties":{"feature":"metro","name":"답십리","source_url":"https://www.openstreetmap.org/node/6039313619"}},{"type":"Feature","geometry":{"type":"Point","coordinates":[127.042881,37.5660982]},"properties":{"feature":"metro","name":"마장","source_url":"https://www.openstreetmap.org/node/6039313633"}},{"type":"Feature","geometry":{"type":"Point","coordinates":[127.0299929,37.5576063]},"properties":{"feature":"metro","name":"행당","source_url":"https://www.openstreetmap.org/node/6039313637"}},{"type":"Feature","geometry":{"type":"Point","coordinates":[127.0202485,37.554429]},"properties":{"feature":"metro","name":"신금호","source_url":"https://www.openstreetmap.org/node/6039313638"}},{"type":"Feature","geometry":{"type":"Point","coordinates":[126.9769026,37.5716162]},"properties":{"feature":"metro","name":"광화문","source_url":"https://www.openstreetmap.org/node/6039313647"}},{"type":"Feature","geometry":{"type":"Point","coordinates":[126.9666351,37.5657953]},"properties":{"feature":"metro","name":"서대문","source_url":"https://www.openstreetmap.org/node/6039313652"}},{"type":"Feature","geometry":{"type":"Point","coordinates":[126.9566976,37.553428]},"properties":{"feature":"metro","name":"애오개","source_url":"https://www.openstreetmap.org/node/6039313658"}},{"type":"Feature","geometry":{"type":"Point","coordinates":[126.9508061,37.5436538]},"properties":{"feature":"metro","name":"공덕","source_url":"https://www.openstreetmap.org/node/6039313661"}},{"type":"Feature","geometry":{"type":"Point","coordinates":[126.9459929,37.5396369]},"properties":{"feature":"metro","name":"마포","source_url":"https://www.openstreetmap.org/node/6039313662"}},{"type":"Feature","geometry":{"type":"Point","coordinates":[126.9325288,37.5268526]},"properties":{"feature":"metro","name":"여의나루","source_url":"https://www.openstreetmap.org/node/6039313663"}},{"type":"Feature","geometry":{"type":"Point","coordinates":[126.9243018,37.5216685]},"properties":{"feature":"metro","name":"여의도","source_url":"https://www.openstreetmap.org/node/6039313670"}},{"type":"Feature","geometry":{"type":"Point","coordinates":[126.9187443,37.5166485]},"properties":{"feature":"metro","name":"신길","source_url":"https://www.openstreetmap.org/node/6039313671"}},{"type":"Feature","geometry":{"type":"Point","coordinates":[126.9051415,37.5226934]},"properties":{"feature":"metro","name":"영등포시장","source_url":"https://www.openstreetmap.org/node/6039313679"}},{"type":"Feature","geometry":{"type":"Point","coordinates":[126.8963369,37.5240181]},"properties":{"feature":"metro","name":"영등포구청","source_url":"https://www.openstreetmap.org/node/6039313682"}},{"type":"Feature","geometry":{"type":"Point","coordinates":[126.8861176,37.5256329]},"properties":{"feature":"metro","name":"양평","source_url":"https://www.openstreetmap.org/node/6039313683"}},{"type":"Feature","geometry":{"type":"Point","coordinates":[126.8751222,37.5245648]},"properties":{"feature":"metro","name":"오목교","source_url":"https://www.openstreetmap.org/node/6039313988"}},{"type":"Feature","geometry":{"type":"Point","coordinates":[126.8645174,37.5261241]},"properties":{"feature":"metro","name":"목동","source_url":"https://www.openstreetmap.org/node/6039313992"}},{"type":"Feature","geometry":{"type":"Point","coordinates":[126.8559699,37.5250413]},"properties":{"feature":"metro","name":"신정","source_url":"https://www.openstreetmap.org/node/6039313994"}},{"type":"Feature","geometry":{"type":"Point","coordinates":[126.8465265,37.5321119]},"properties":{"feature":"metro","name":"까치산","source_url":"https://www.openstreetmap.org/node/6039313997"}},{"type":"Feature","geometry":{"type":"Point","coordinates":[126.840397,37.5416728]},"properties":{"feature":"metro","name":"화곡","source_url":"https://www.openstreetmap.org/node/6039314002"}},{"type":"Feature","geometry":{"type":"Point","coordinates":[126.8363227,37.5488943]},"properties":{"feature":"metro","name":"우장산","source_url":"https://www.openstreetmap.org/node/6039314018"}},{"type":"Feature","geometry":{"type":"Point","coordinates":[126.8374653,37.5584951]},"properties":{"feature":"metro","name":"발산","source_url":"https://www.openstreetmap.org/node/6039314025"}},{"type":"Feature","geometry":{"type":"Point","coordinates":[126.8247463,37.5602492]},"properties":{"feature":"metro","name":"마곡","source_url":"https://www.openstreetmap.org/node/6039314027"}},{"type":"Feature","geometry":{"type":"Point","coordinates":[126.8119428,37.5612772]},"properties":{"feature":"metro","name":"송정","source_url":"https://www.openstreetmap.org/node/6039314028"}},{"type":"Feature","geometry":{"type":"Point","coordinates":[126.8082601,37.5728758]},"properties":{"feature":"metro","name":"개화산","source_url":"https://www.openstreetmap.org/node/6039314030"}},{"type":"Feature","geometry":{"type":"Point","coordinates":[126.812732,37.5774043]},"properties":{"feature":"metro","name":"방화","source_url":"https://www.openstreetmap.org/node/6039314033"}},{"type":"Feature","geometry":{"type":"Point","coordinates":[127.0910968,37.6174165]},"properties":{"feature":"metro","name":"봉화산","source_url":"https://www.openstreetmap.org/node/6041673022"}},{"type":"Feature","geometry":{"type":"Point","coordinates":[127.0837122,37.6197841]},"properties":{"feature":"metro","name":"화랑대","source_url":"https://www.openstreetmap.org/node/6041673023"}},{"type":"Feature","geometry":{"type":"Point","coordinates":[127.0658393,37.6148083]},"properties":{"feature":"metro","name":"석계","source_url":"https://www.openstreetmap.org/node/6041673026"}},{"type":"Feature","geometry":{"type":"Point","coordinates":[127.0564932,37.6105663]},"properties":{"feature":"metro","name":"돌곶이","source_url":"https://www.openstreetmap.org/node/6041673029"}},{"type":"Feature","geometry":{"type":"Point","coordinates":[127.0482722,37.6062379]},"properties":{"feature":"metro","name":"상월곡","source_url":"https://www.openstreetmap.org/node/6041673030"}},{"type":"Feature","geometry":{"type":"Point","coordinates":[127.0414554,37.60192]},"properties":{"feature":"metro","name":"월곡","source_url":"https://www.openstreetmap.org/node/6041673033"}},{"type":"Feature","geometry":{"type":"Point","coordinates":[127.0292777,37.5862688]},"properties":{"feature":"metro","name":"안암","source_url":"https://www.openstreetmap.org/node/6041673044"}},{"type":"Feature","geometry":{"type":"Point","coordinates":[127.0152468,37.5798042]},"properties":{"feature":"metro","name":"창신","source_url":"https://www.openstreetmap.org/node/6041673049"}},{"type":"Feature","geometry":{"type":"Point","coordinates":[127.0137776,37.5602311]},"properties":{"feature":"metro","name":"청구","source_url":"https://www.openstreetmap.org/node/6041673050"}},{"type":"Feature","geometry":{"type":"Point","coordinates":[127.0065879,37.5482323]},"properties":{"feature":"metro","name":"버티고개","source_url":"https://www.openstreetmap.org/node/6041673060"}},{"type":"Feature","geometry":{"type":"Point","coordinates":[127.0017506,37.5397964]},"properties":{"feature":"metro","name":"한강진","source_url":"https://www.openstreetmap.org/node/6041673074"}},{"type":"Feature","geometry":{"type":"Point","coordinates":[126.9943705,37.5345026]},"properties":{"feature":"metro","name":"이태원","source_url":"https://www.openstreetmap.org/node/6041673081"}},{"type":"Feature","geometry":{"type":"Point","coordinates":[126.9865773,37.53492]},"properties":{"feature":"metro","name":"녹사평","source_url":"https://www.openstreetmap.org/node/6041673082"}},{"type":"Feature","geometry":{"type":"Point","coordinates":[126.962536,37.5386566]},"properties":{"feature":"metro","name":"","source_url":"https://www.openstreetmap.org/node/6041674893"}},{"type":"Feature","geometry":{"type":"Point","coordinates":[126.9613324,37.5393413]},"properties":{"feature":"metro","name":"효창공원앞","source_url":"https://www.openstreetmap.org/node/6041674894"}},{"type":"Feature","geometry":{"type":"Point","coordinates":[126.9423451,37.5476992]},"properties":{"feature":"metro","name":"대흥","source_url":"https://www.openstreetmap.org/node/6041674899"}},{"type":"Feature","geometry":{"type":"Point","coordinates":[126.9319609,37.5474717]},"properties":{"feature":"metro","name":"광흥창","source_url":"https://www.openstreetmap.org/node/6041674901"}},{"type":"Feature","geometry":{"type":"Point","coordinates":[126.9228923,37.5477577]},"properties":{"feature":"metro","name":"상수","source_url":"https://www.openstreetmap.org/node/6041674902"}},{"type":"Feature","geometry":{"type":"Point","coordinates":[126.9101277,37.5560254]},"properties":{"feature":"metro","name":"망원","source_url":"https://www.openstreetmap.org/node/6041674907"}},{"type":"Feature","geometry":{"type":"Point","coordinates":[126.9033645,37.5635586]},"properties":{"feature":"metro","name":"마포구청","source_url":"https://www.openstreetmap.org/node/6041674909"}},{"type":"Feature","geometry":{"type":"Point","coordinates":[126.8993179,37.5701918]},"properties":{"feature":"metro","name":"월드컵경기장","source_url":"https://www.openstreetmap.org/node/6041674912"}},{"type":"Feature","geometry":{"type":"Point","coordinates":[126.9099118,37.5841441]},"properties":{"feature":"metro","name":"증산","source_url":"https://www.openstreetmap.org/node/6041674915"}},{"type":"Feature","geometry":{"type":"Point","coordinates":[126.9137922,37.5916491]},"properties":{"feature":"metro","name":"새절","source_url":"https://www.openstreetmap.org/node/6041674916"}},{"type":"Feature","geometry":{"type":"Point","coordinates":[126.9172191,37.6112496]},"properties":{"feature":"metro","name":"구산","source_url":"https://www.openstreetmap.org/node/6041674917"}},{"type":"Feature","geometry":{"type":"Point","coordinates":[126.9211838,37.6189247]},"properties":{"feature":"metro","name":"연신내","source_url":"https://www.openstreetmap.org/node/6041674920"}},{"type":"Feature","geometry":{"type":"Point","coordinates":[126.9330214,37.6183371]},"properties":{"feature":"metro","name":"독바위","source_url":"https://www.openstreetmap.org/node/6041674927"}},{"type":"Feature","geometry":{"type":"Point","coordinates":[126.9227556,37.6060733]},"properties":{"feature":"metro","name":"역촌","source_url":"https://www.openstreetmap.org/node/6041674939"}},{"type":"Feature","geometry":{"type":"Point","coordinates":[127.0529079,37.6999741]},"properties":{"feature":"metro","name":"장암","source_url":"https://www.openstreetmap.org/node/6046633857"}},{"type":"Feature","geometry":{"type":"Point","coordinates":[127.0743915,37.5475998]},"properties":{"feature":"metro","name":"어린이대공원","source_url":"https://www.openstreetmap.org/node/6046633858"}},{"type":"Feature","geometry":{"type":"Point","coordinates":[127.0795575,37.5572448]},"properties":{"feature":"metro","name":"군자","source_url":"https://www.openstreetmap.org/node/6046633861"}},{"type":"Feature","geometry":{"type":"Point","coordinates":[127.0845155,37.5663055]},"properties":{"feature":"metro","name":"중곡","source_url":"https://www.openstreetmap.org/node/6046633862"}},{"type":"Feature","geometry":{"type":"Point","coordinates":[127.0865798,37.573993]},"properties":{"feature":"metro","name":"용마산","source_url":"https://www.openstreetmap.org/node/6046633863"}},{"type":"Feature","geometry":{"type":"Point","coordinates":[127.0884106,37.5806971]},"properties":{"feature":"metro","name":"사가정","source_url":"https://www.openstreetmap.org/node/6046633864"}},{"type":"Feature","geometry":{"type":"Point","coordinates":[127.0876041,37.5884004]},"properties":{"feature":"metro","name":"면목","source_url":"https://www.openstreetmap.org/node/6046633865"}},{"type":"Feature","geometry":{"type":"Point","coordinates":[127.0855918,37.5960832]},"properties":{"feature":"metro","name":"상봉","source_url":"https://www.openstreetmap.org/node/6046633868"}},{"type":"Feature","geometry":{"type":"Point","coordinates":[127.0795172,37.6016267]},"properties":{"feature":"metro","name":"중화","source_url":"https://www.openstreetmap.org/node/6046633869"}},{"type":"Feature","geometry":{"type":"Point","coordinates":[127.0776518,37.6114417]},"properties":{"feature":"metro","name":"먹골","source_url":"https://www.openstreetmap.org/node/6046633870"}},{"type":"Feature","geometry":{"type":"Point","coordinates":[127.0756723,37.6176924]},"properties":{"feature":"metro","name":"태릉입구","source_url":"https://www.openstreetmap.org/node/6046633871"}},{"type":"Feature","geometry":{"type":"Point","coordinates":[127.0730437,37.6256358]},"properties":{"feature":"metro","name":"공릉","source_url":"https://www.openstreetmap.org/node/6046633874"}},{"type":"Feature","geometry":{"type":"Point","coordinates":[127.068252,37.6360179]},"properties":{"feature":"metro","name":"하계","source_url":"https://www.openstreetmap.org/node/6046633875"}},{"type":"Feature","geometry":{"type":"Point","coordinates":[127.0638733,37.6455373]},"properties":{"feature":"metro","name":"중계","source_url":"https://www.openstreetmap.org/node/6046633876"}},{"type":"Feature","geometry":{"type":"Point","coordinates":[127.0604932,37.6545911]},"properties":{"feature":"metro","name":"노원","source_url":"https://www.openstreetmap.org/node/6046633877"}},{"type":"Feature","geometry":{"type":"Point","coordinates":[127.0577205,37.665038]},"properties":{"feature":"metro","name":"마들","source_url":"https://www.openstreetmap.org/node/6046633880"}},{"type":"Feature","geometry":{"type":"Point","coordinates":[127.0553431,37.6778035]},"properties":{"feature":"metro","name":"수락산","source_url":"https://www.openstreetmap.org/node/6046633881"}},{"type":"Feature","geometry":{"type":"Point","coordinates":[126.8544598,37.4794207]},"properties":{"feature":"metro","name":"광명사거리","source_url":"https://www.openstreetmap.org/node/6048953566"}},{"type":"Feature","geometry":{"type":"Point","coordinates":[126.8675973,37.4760012]},"properties":{"feature":"metro","name":"철산","source_url":"https://www.openstreetmap.org/node/6048953567"}},{"type":"Feature","geometry":{"type":"Point","coordinates":[126.8826166,37.4815947]},"properties":{"feature":"metro","name":"가산디지털단지","source_url":"https://www.openstreetmap.org/node/6048953568"}},{"type":"Feature","geometry":{"type":"Point","coordinates":[126.8866651,37.4853612]},"properties":{"feature":"metro","name":"남구로","source_url":"https://www.openstreetmap.org/node/6048953569"}},{"type":"Feature","geometry":{"type":"Point","coordinates":[126.8949325,37.4934375]},"properties":{"feature":"metro","name":"대림","source_url":"https://www.openstreetmap.org/node/6048953572"}},{"type":"Feature","geometry":{"type":"Point","coordinates":[126.9088751,37.5001667]},"properties":{"feature":"metro","name":"신풍","source_url":"https://www.openstreetmap.org/node/6048953575"}},{"type":"Feature","geometry":{"type":"Point","coordinates":[126.9203764,37.4999284]},"properties":{"feature":"metro","name":"보라매","source_url":"https://www.openstreetmap.org/node/6048953576"}},{"type":"Feature","geometry":{"type":"Point","coordinates":[126.9282246,37.499706]},"properties":{"feature":"metro","name":"신대방삼거리","source_url":"https://www.openstreetmap.org/node/6048953577"}},{"type":"Feature","geometry":{"type":"Point","coordinates":[126.9392793,37.5050172]},"properties":{"feature":"metro","name":"장승배기","source_url":"https://www.openstreetmap.org/node/6048953578"}},{"type":"Feature","geometry":{"type":"Point","coordinates":[126.9476726,37.503216]},"properties":{"feature":"metro","name":"상도","source_url":"https://www.openstreetmap.org/node/6048953579"}},{"type":"Feature","geometry":{"type":"Point","coordinates":[126.9541334,37.4956862]},"properties":{"feature":"metro","name":"숭실대입구","source_url":"https://www.openstreetmap.org/node/6048953580"}},{"type":"Feature","geometry":{"type":"Point","coordinates":[126.9718936,37.4843545]},"properties":{"feature":"metro","name":"남성","source_url":"https://www.openstreetmap.org/node/6048953581"}},{"type":"Feature","geometry":{"type":"Point","coordinates":[126.9821095,37.4854491]},"properties":{"feature":"metro","name":"이수","source_url":"https://www.openstreetmap.org/node/6048953582"}},{"type":"Feature","geometry":{"type":"Point","coordinates":[126.9935544,37.4876455]},"properties":{"feature":"metro","name":"내방","source_url":"https://www.openstreetmap.org/node/6048953583"}},{"type":"Feature","geometry":{"type":"Point","coordinates":[127.0116346,37.5081748]},"properties":{"feature":"metro","name":"반포","source_url":"https://www.openstreetmap.org/node/6048953584"}},{"type":"Feature","geometry":{"type":"Point","coordinates":[127.0213641,37.5109791]},"properties":{"feature":"metro","name":"논현","source_url":"https://www.openstreetmap.org/node/6048954785"}},{"type":"Feature","geometry":{"type":"Point","coordinates":[127.03075,37.5139566]},"properties":{"feature":"metro","name":"학동","source_url":"https://www.openstreetmap.org/node/6048954786"}},{"type":"Feature","geometry":{"type":"Point","coordinates":[127.0516784,37.5190912]},"properties":{"feature":"metro","name":"청담","source_url":"https://www.openstreetmap.org/node/6048954787"}},{"type":"Feature","geometry":{"type":"Point","coordinates":[127.0667418,37.5315323]},"properties":{"feature":"metro","name":"자양","source_url":"https://www.openstreetmap.org/node/6048955198"}},{"type":"Feature","geometry":{"type":"Point","coordinates":[127.0380657,37.5740737]},"properties":{"feature":"metro","name":"용두","source_url":"https://www.openstreetmap.org/node/6049150842"}},{"type":"Feature","geometry":{"type":"Point","coordinates":[127.0471268,37.5697194]},"properties":{"feature":"metro","name":"신답","source_url":"https://www.openstreetmap.org/node/6049150843"}},{"type":"Feature","geometry":{"type":"Point","coordinates":[126.731337,37.5070226]},"properties":{"feature":"metro","name":"굴포천","source_url":"https://www.openstreetmap.org/node/6050654946"}},{"type":"Feature","geometry":{"type":"Point","coordinates":[126.7423475,37.506496]},"properties":{"feature":"metro","name":"삼산체육관","source_url":"https://www.openstreetmap.org/node/6050654947"}},{"type":"Feature","geometry":{"type":"Point","coordinates":[126.7762325,37.5030388]},"properties":{"feature":"metro","name":"신중동","source_url":"https://www.openstreetmap.org/node/6050654949"}},{"type":"Feature","geometry":{"type":"Point","coordinates":[126.7872014,37.5037314]},"properties":{"feature":"metro","name":"춘의","source_url":"https://www.openstreetmap.org/node/6050654950"}},{"type":"Feature","geometry":{"type":"Point","coordinates":[126.7972885,37.5054566]},"properties":{"feature":"metro","name":"부천종합운동장","source_url":"https://www.openstreetmap.org/node/6050654951"}},{"type":"Feature","geometry":{"type":"Point","coordinates":[126.8113842,37.5062407]},"properties":{"feature":"metro","name":"까치울","source_url":"https://www.openstreetmap.org/node/6050654952"}},{"type":"Feature","geometry":{"type":"Point","coordinates":[126.8389218,37.4863668]},"properties":{"feature":"metro","name":"천왕","source_url":"https://www.openstreetmap.org/node/6050654953"}},{"type":"Feature","geometry":{"type":"Point","coordinates":[127.1406857,37.4374429]},"properties":{"feature":"metro","name":"수진","source_url":"https://www.openstreetmap.org/node/6094326921"}},{"type":"Feature","geometry":{"type":"Point","coordinates":[127.1476641,37.4410027]},"properties":{"feature":"metro","name":"신흥","source_url":"https://www.openstreetmap.org/node/6094326922"}},{"type":"Feature","geometry":{"type":"Point","coordinates":[127.1567783,37.4450845]},"properties":{"feature":"metro","name":"단대오거리","source_url":"https://www.openstreetmap.org/node/6094326923"}},{"type":"Feature","geometry":{"type":"Point","coordinates":[127.1598132,37.4515531]},"properties":{"feature":"metro","name":"남한산성입구","source_url":"https://www.openstreetmap.org/node/6094326924"}},{"type":"Feature","geometry":{"type":"Point","coordinates":[127.1499333,37.4568677]},"properties":{"feature":"metro","name":"산성","source_url":"https://www.openstreetmap.org/node/6094326925"}},{"type":"Feature","geometry":{"type":"Point","coordinates":[127.1392162,37.4627715]},"properties":{"feature":"metro","name":"남위례","source_url":"https://www.openstreetmap.org/node/6094326926"}},{"type":"Feature","geometry":{"type":"Point","coordinates":[127.126067,37.4788881]},"properties":{"feature":"metro","name":"장지","source_url":"https://www.openstreetmap.org/node/6094326927"}},{"type":"Feature","geometry":{"type":"Point","coordinates":[127.1225184,37.4858358]},"properties":{"feature":"metro","name":"문정","source_url":"https://www.openstreetmap.org/node/6094326930"}},{"type":"Feature","geometry":{"type":"Point","coordinates":[127.1121822,37.4997247]},"properties":{"feature":"metro","name":"송파","source_url":"https://www.openstreetmap.org/node/6094326939"}},{"type":"Feature","geometry":{"type":"Point","coordinates":[127.1071105,37.5052954]},"properties":{"feature":"metro","name":"석촌","source_url":"https://www.openstreetmap.org/node/6094326940"}},{"type":"Feature","geometry":{"type":"Point","coordinates":[127.11267,37.5175329]},"properties":{"feature":"metro","name":"몽촌토성","source_url":"https://www.openstreetmap.org/node/6094326941"}},{"type":"Feature","geometry":{"type":"Point","coordinates":[127.1206234,37.5306942]},"properties":{"feature":"metro","name":"강동구청","source_url":"https://www.openstreetmap.org/node/6094326942"}},{"type":"Feature","geometry":{"type":"Point","coordinates":[127.1275385,37.5501059]},"properties":{"feature":"metro","name":"암사","source_url":"https://www.openstreetmap.org/node/6094326943"}},{"type":"Feature","geometry":{"type":"Point","coordinates":[127.1488118,37.528931]},"properties":{"feature":"metro","name":"","source_url":"https://www.openstreetmap.org/node/6102706363"}},{"type":"Feature","geometry":{"type":"Point","coordinates":[127.1487864,37.5298719]},"properties":{"feature":"metro","name":"","source_url":"https://www.openstreetmap.org/node/6102706364"}},{"type":"Feature","geometry":{"type":"Point","coordinates":[127.147624,37.5278816]},"properties":{"feature":"metro","name":"","source_url":"https://www.openstreetmap.org/node/6102706365"}},{"type":"Feature","geometry":{"type":"Point","coordinates":[127.1482582,37.5282799]},"properties":{"feature":"metro","name":"중앙보훈병원","source_url":"https://www.openstreetmap.org/node/6102706368"}},{"type":"Feature","geometry":{"type":"Point","coordinates":[127.1383856,37.5191057]},"properties":{"feature":"metro","name":"","source_url":"https://www.openstreetmap.org/node/6102706371"}},{"type":"Feature","geometry":{"type":"Point","coordinates":[127.1387892,37.5196824]},"properties":{"feature":"metro","name":"","source_url":"https://www.openstreetmap.org/node/6102706372"}},{"type":"Feature","geometry":{"type":"Point","coordinates":[127.1384179,37.5198411]},"properties":{"feature":"metro","name":"둔촌오륜","source_url":"https://www.openstreetmap.org/node/6102706373"}},{"type":"Feature","geometry":{"type":"Point","coordinates":[127.1159623,37.5160723]},"properties":{"feature":"metro","name":"","source_url":"https://www.openstreetmap.org/node/6102706376"}},{"type":"Feature","geometry":{"type":"Point","coordinates":[127.1165964,37.5158759]},"properties":{"feature":"metro","name":"","source_url":"https://www.openstreetmap.org/node/6102706377"}},{"type":"Feature","geometry":{"type":"Point","coordinates":[127.1164457,37.5166755]},"properties":{"feature":"metro","name":"","source_url":"https://www.openstreetmap.org/node/6102706378"}},{"type":"Feature","geometry":{"type":"Point","coordinates":[127.1150821,37.5163632]},"properties":{"feature":"metro","name":"","source_url":"https://www.openstreetmap.org/node/6102706379"}},{"type":"Feature","geometry":{"type":"Point","coordinates":[127.1162125,37.5166702]},"properties":{"feature":"metro","name":"한성백제","source_url":"https://www.openstreetmap.org/node/6102706380"}},{"type":"Feature","geometry":{"type":"Point","coordinates":[127.1118888,37.5102141]},"properties":{"feature":"metro","name":"","source_url":"https://www.openstreetmap.org/node/6102706381"}},{"type":"Feature","geometry":{"type":"Point","coordinates":[127.1123944,37.5099992]},"properties":{"feature":"metro","name":"","source_url":"https://www.openstreetmap.org/node/6102706382"}},{"type":"Feature","geometry":{"type":"Point","coordinates":[127.112605,37.5103801]},"properties":{"feature":"metro","name":"","source_url":"https://www.openstreetmap.org/node/6102706383"}},{"type":"Feature","geometry":{"type":"Point","coordinates":[127.1121208,37.5106099]},"properties":{"feature":"metro","name":"","source_url":"https://www.openstreetmap.org/node/6102706384"}},{"type":"Feature","geometry":{"type":"Point","coordinates":[127.1127954,37.511245]},"properties":{"feature":"metro","name":"송파나루","source_url":"https://www.openstreetmap.org/node/6102706785"}},{"type":"Feature","geometry":{"type":"Point","coordinates":[127.0967907,37.5022382]},"properties":{"feature":"metro","name":"","source_url":"https://www.openstreetmap.org/node/6102706790"}},{"type":"Feature","geometry":{"type":"Point","coordinates":[127.0971581,37.5022255]},"properties":{"feature":"metro","name":"","source_url":"https://www.openstreetmap.org/node/6102706791"}},{"type":"Feature","geometry":{"type":"Point","coordinates":[127.0972064,37.5026425]},"properties":{"feature":"metro","name":"","source_url":"https://www.openstreetmap.org/node/6102706792"}},{"type":"Feature","geometry":{"type":"Point","coordinates":[127.0968121,37.502651]},"properties":{"feature":"metro","name":"","source_url":"https://www.openstreetmap.org/node/6102706793"}},{"type":"Feature","geometry":{"type":"Point","coordinates":[127.0966143,37.5024441]},"properties":{"feature":"metro","name":"석촌고분","source_url":"https://www.openstreetmap.org/node/6102706795"}},{"type":"Feature","geometry":{"type":"Point","coordinates":[127.0873373,37.5043282]},"properties":{"feature":"metro","name":"","source_url":"https://www.openstreetmap.org/node/6102706796"}},{"type":"Feature","geometry":{"type":"Point","coordinates":[127.0885397,37.5039762]},"properties":{"feature":"metro","name":"","source_url":"https://www.openstreetmap.org/node/6102706797"}},{"type":"Feature","geometry":{"type":"Point","coordinates":[127.0886969,37.5042596]},"properties":{"feature":"metro","name":"","source_url":"https://www.openstreetmap.org/node/6102706798"}},{"type":"Feature","geometry":{"type":"Point","coordinates":[127.0875975,37.5045843]},"properties":{"feature":"metro","name":"","source_url":"https://www.openstreetmap.org/node/6102706799"}},{"type":"Feature","geometry":{"type":"Point","coordinates":[127.0872078,37.5045347]},"properties":{"feature":"metro","name":"삼전","source_url":"https://www.openstreetmap.org/node/6102706802"}},{"type":"Feature","geometry":{"type":"Point","coordinates":[126.721104,37.5074652]},"properties":{"feature":"metro","name":"부평구청","source_url":"https://www.openstreetmap.org/node/6122528127"}},{"type":"Feature","geometry":{"type":"Point","coordinates":[126.7880378,37.6430359]},"properties":{"feature":"metro","name":"백석","source_url":"https://www.openstreetmap.org/node/6125828716"}},{"type":"Feature","geometry":{"type":"Point","coordinates":[126.7604575,37.6702805]},"properties":{"feature":"metro","name":"","source_url":"https://www.openstreetmap.org/node/6126344588"}},{"type":"Feature","geometry":{"type":"Point","coordinates":[126.760675,37.6705665]},"properties":{"feature":"metro","name":"","source_url":"https://www.openstreetmap.org/node/6126344592"}},{"type":"Feature","geometry":{"type":"Point","coordinates":[126.7479514,37.6656007]},"properties":{"feature":"metro","name":"","source_url":"https://www.openstreetmap.org/node/6139304189"}},{"type":"Feature","geometry":{"type":"Point","coordinates":[126.7474754,37.6651418]},"properties":{"feature":"metro","name":"","source_url":"https://www.openstreetmap.org/node/6139304190"}},{"type":"Feature","geometry":{"type":"Point","coordinates":[126.7484376,37.664713]},"properties":{"feature":"metro","name":"","source_url":"https://www.openstreetmap.org/node/6139304193"}},{"type":"Feature","geometry":{"type":"Point","coordinates":[126.7489378,37.6652283]},"properties":{"feature":"metro","name":"","source_url":"https://www.openstreetmap.org/node/6139304194"}},{"type":"Feature","geometry":{"type":"Point","coordinates":[126.7487518,37.6653734]},"properties":{"feature":"metro","name":"","source_url":"https://www.openstreetmap.org/node/6139304196"}},{"type":"Feature","geometry":{"type":"Point","coordinates":[126.7474925,37.6647447]},"properties":{"feature":"metro","name":"","source_url":"https://www.openstreetmap.org/node/6139304197"}},{"type":"Feature","geometry":{"type":"Point","coordinates":[126.7036926,37.5086974]},"properties":{"feature":"metro","name":"산곡","source_url":"https://www.openstreetmap.org/node/6185441876"}},{"type":"Feature","geometry":{"type":"Point","coordinates":[126.9424807,37.5139378]},"properties":{"feature":"metro","name":"","source_url":"https://www.openstreetmap.org/node/6264751423"}},{"type":"Feature","geometry":{"type":"Point","coordinates":[126.8118113,37.4852186]},"properties":{"feature":"metro","name":"역곡","source_url":"https://www.openstreetmap.org/node/6271625486"}},{"type":"Feature","geometry":{"type":"Point","coordinates":[127.0706153,37.4963837]},"properties":{"feature":"metro","name":"","source_url":"https://www.openstreetmap.org/node/6294788733"}},{"type":"Feature","geometry":{"type":"Point","coordinates":[127.0099368,37.5700996]},"properties":{"feature":"metro","name":"","source_url":"https://www.openstreetmap.org/node/6414252407"}},{"type":"Feature","geometry":{"type":"Point","coordinates":[127.0096697,37.569493]},"properties":{"feature":"metro","name":"","source_url":"https://www.openstreetmap.org/node/6414252408"}},{"type":"Feature","geometry":{"type":"Point","coordinates":[127.0094003,37.5700501]},"properties":{"feature":"metro","name":"","source_url":"https://www.openstreetmap.org/node/6414252771"}},{"type":"Feature","geometry":{"type":"Point","coordinates":[127.0097987,37.5694933]},"properties":{"feature":"metro","name":"","source_url":"https://www.openstreetmap.org/node/6414252836"}},{"type":"Feature","geometry":{"type":"Point","coordinates":[126.9496707,37.3898449]},"properties":{"feature":"metro","name":"","source_url":"https://www.openstreetmap.org/node/6542203015"}},{"type":"Feature","geometry":{"type":"Point","coordinates":[126.9494107,37.3896468]},"properties":{"feature":"metro","name":"","source_url":"https://www.openstreetmap.org/node/6542203016"}},{"type":"Feature","geometry":{"type":"Point","coordinates":[127.046603,37.7256225]},"properties":{"feature":"metro","name":"","source_url":"https://www.openstreetmap.org/node/6645626438"}},{"type":"Feature","geometry":{"type":"Point","coordinates":[126.7771662,37.651956]},"properties":{"feature":"metro","name":"","source_url":"https://www.openstreetmap.org/node/6730954135"}},{"type":"Feature","geometry":{"type":"Point","coordinates":[126.7773179,37.651672]},"properties":{"feature":"metro","name":"","source_url":"https://www.openstreetmap.org/node/6730954136"}},{"type":"Feature","geometry":{"type":"Point","coordinates":[127.0164764,37.5926755]},"properties":{"feature":"metro","name":"성신여대입구","source_url":"https://www.openstreetmap.org/node/6734894972"}},{"type":"Feature","geometry":{"type":"Point","coordinates":[127.0463757,37.6883613]},"properties":{"feature":"metro","name":"","source_url":"https://www.openstreetmap.org/node/6746770669"}},{"type":"Feature","geometry":{"type":"Point","coordinates":[127.2044029,37.5518523]},"properties":{"feature":"metro","name":"","source_url":"https://www.openstreetmap.org/node/7087302914"}},{"type":"Feature","geometry":{"type":"Point","coordinates":[127.2042301,37.5521942]},"properties":{"feature":"metro","name":"","source_url":"https://www.openstreetmap.org/node/7087302915"}},{"type":"Feature","geometry":{"type":"Point","coordinates":[127.1653742,37.5563713]},"properties":{"feature":"metro","name":"","source_url":"https://www.openstreetmap.org/node/7095480805"}},{"type":"Feature","geometry":{"type":"Point","coordinates":[127.1657862,37.5568237]},"properties":{"feature":"metro","name":"","source_url":"https://www.openstreetmap.org/node/7095480806"}},{"type":"Feature","geometry":{"type":"Point","coordinates":[127.1678826,37.5568047]},"properties":{"feature":"metro","name":"","source_url":"https://www.openstreetmap.org/node/7095480807"}},{"type":"Feature","geometry":{"type":"Point","coordinates":[127.1676152,37.5570223]},"properties":{"feature":"metro","name":"","source_url":"https://www.openstreetmap.org/node/7095480808"}},{"type":"Feature","geometry":{"type":"Point","coordinates":[127.0446284,37.5799754]},"properties":{"feature":"metro","name":"청량리","source_url":"https://www.openstreetmap.org/node/7176735174"}},{"type":"Feature","geometry":{"type":"Point","coordinates":[127.1040904,37.6125508]},"properties":{"feature":"metro","name":"신내","source_url":"https://www.openstreetmap.org/node/7186344001"}},{"type":"Feature","geometry":{"type":"Point","coordinates":[126.9923242,37.5704405]},"properties":{"feature":"metro","name":"종로3가","source_url":"https://www.openstreetmap.org/node/7207442616"}},{"type":"Feature","geometry":{"type":"Point","coordinates":[127.1023688,37.51101]},"properties":{"feature":"metro","name":"","source_url":"https://www.openstreetmap.org/node/7218094717"}},{"type":"Feature","geometry":{"type":"Point","coordinates":[127.1016706,37.5108118]},"properties":{"feature":"metro","name":"","source_url":"https://www.openstreetmap.org/node/7218094718"}},{"type":"Feature","geometry":{"type":"Point","coordinates":[126.7320859,37.6123847]},"properties":{"feature":"metro","name":"","source_url":"https://www.openstreetmap.org/node/7218642723"}},{"type":"Feature","geometry":{"type":"Point","coordinates":[126.7323356,37.6126922]},"properties":{"feature":"metro","name":"","source_url":"https://www.openstreetmap.org/node/7218642724"}},{"type":"Feature","geometry":{"type":"Point","coordinates":[126.9733678,37.5227123]},"properties":{"feature":"metro","name":"이촌","source_url":"https://www.openstreetmap.org/node/7238508817"}},{"type":"Feature","geometry":{"type":"Point","coordinates":[127.2032505,37.7200538]},"properties":{"feature":"metro","name":"진접","source_url":"https://www.openstreetmap.org/node/7265480502"}},{"type":"Feature","geometry":{"type":"Point","coordinates":[127.1911664,37.7052338]},"properties":{"feature":"metro","name":"오남","source_url":"https://www.openstreetmap.org/node/7265480503"}},{"type":"Feature","geometry":{"type":"Point","coordinates":[127.1162693,37.6678242]},"properties":{"feature":"metro","name":"별내별가람","source_url":"https://www.openstreetmap.org/node/7265480504"}},{"type":"Feature","geometry":{"type":"Point","coordinates":[127.0163474,37.5667547]},"properties":{"feature":"metro","name":"","source_url":"https://www.openstreetmap.org/node/7293684346"}},{"type":"Feature","geometry":{"type":"Point","coordinates":[126.9697994,37.5534363]},"properties":{"feature":"metro","name":"서울역","source_url":"https://www.openstreetmap.org/node/7368810705"}},{"type":"Feature","geometry":{"type":"Point","coordinates":[127.0779039,37.5120482]},"properties":{"feature":"metro","name":"아시아공원지하보도 (종합운동장역 연결)","source_url":"https://www.openstreetmap.org/node/7530818087"}},{"type":"Feature","geometry":{"type":"Point","coordinates":[127.077637,37.5119567]},"properties":{"feature":"metro","name":"아시아공원지하보도 (종합운동장역 연결)","source_url":"https://www.openstreetmap.org/node/7530818088"}},{"type":"Feature","geometry":{"type":"Point","coordinates":[127.0787649,37.512095]},"properties":{"feature":"metro","name":"아시아공원지하보도 (종합운동장역 연결)","source_url":"https://www.openstreetmap.org/node/7530818089"}},{"type":"Feature","geometry":{"type":"Point","coordinates":[127.0785396,37.512162]},"properties":{"feature":"metro","name":"아시아공원지하보도 (종합운동장역 연결)","source_url":"https://www.openstreetmap.org/node/7530818090"}},{"type":"Feature","geometry":{"type":"Point","coordinates":[127.0788101,37.5116105]},"properties":{"feature":"metro","name":"아시아공원지하보도 (종합운동장역 연결)","source_url":"https://www.openstreetmap.org/node/7530818091"}},{"type":"Feature","geometry":{"type":"Point","coordinates":[127.0786697,37.5114705]},"properties":{"feature":"metro","name":"아시아공원지하보도 (종합운동장역 연결)","source_url":"https://www.openstreetmap.org/node/7530818092"}},{"type":"Feature","geometry":{"type":"Point","coordinates":[127.0782308,37.5113735]},"properties":{"feature":"metro","name":"아시아공원지하보도 (종합운동장역 연결)","source_url":"https://www.openstreetmap.org/node/7530818093"}},{"type":"Feature","geometry":{"type":"Point","coordinates":[127.0460501,37.7377035]},"properties":{"feature":"metro","name":"의정부","source_url":"https://www.openstreetmap.org/node/7777463060"}},{"type":"Feature","geometry":{"type":"Point","coordinates":[127.1925191,37.5631741]},"properties":{"feature":"metro","name":"","source_url":"https://www.openstreetmap.org/node/7797852232"}},{"type":"Feature","geometry":{"type":"Point","coordinates":[127.1932344,37.5633572]},"properties":{"feature":"metro","name":"","source_url":"https://www.openstreetmap.org/node/7797852233"}},{"type":"Feature","geometry":{"type":"Point","coordinates":[127.1928071,37.5637635]},"properties":{"feature":"metro","name":"","source_url":"https://www.openstreetmap.org/node/7797852234"}},{"type":"Feature","geometry":{"type":"Point","coordinates":[127.192479,37.5636824]},"properties":{"feature":"metro","name":"","source_url":"https://www.openstreetmap.org/node/7797852235"}},{"type":"Feature","geometry":{"type":"Point","coordinates":[127.1926246,37.5628614]},"properties":{"feature":"metro","name":"","source_url":"https://www.openstreetmap.org/node/7797852244"}},{"type":"Feature","geometry":{"type":"Point","coordinates":[127.1933677,37.5630414]},"properties":{"feature":"metro","name":"","source_url":"https://www.openstreetmap.org/node/7797852245"}},{"type":"Feature","geometry":{"type":"Point","coordinates":[127.1929712,37.5624579]},"properties":{"feature":"metro","name":"","source_url":"https://www.openstreetmap.org/node/7797852248"}},{"type":"Feature","geometry":{"type":"Point","coordinates":[127.193336,37.5625321]},"properties":{"feature":"metro","name":"","source_url":"https://www.openstreetmap.org/node/7797852249"}},{"type":"Feature","geometry":{"type":"Point","coordinates":[127.1934192,37.5621991]},"properties":{"feature":"metro","name":"","source_url":"https://www.openstreetmap.org/node/7797852250"}},{"type":"Feature","geometry":{"type":"Point","coordinates":[127.192822,37.5630546]},"properties":{"feature":"metro","name":"미사","source_url":"https://www.openstreetmap.org/node/7797861989"}},{"type":"Feature","geometry":{"type":"Point","coordinates":[127.0352882,37.5511192]},"properties":{"feature":"metro","name":"","source_url":"https://www.openstreetmap.org/node/7838649607"}},{"type":"Feature","geometry":{"type":"Point","coordinates":[126.8807399,37.5026461]},"properties":{"feature":"metro","name":"","source_url":"https://www.openstreetmap.org/node/7855959587"}},{"type":"Feature","geometry":{"type":"Point","coordinates":[127.069384,37.5403626]},"properties":{"feature":"metro","name":"건대입구","source_url":"https://www.openstreetmap.org/node/7856245647"}},{"type":"Feature","geometry":{"type":"Point","coordinates":[126.9221567,37.4005513]},"properties":{"feature":"metro","name":"","source_url":"https://www.openstreetmap.org/node/7892365604"}},{"type":"Feature","geometry":{"type":"Point","coordinates":[126.9228215,37.4021612]},"properties":{"feature":"metro","name":"","source_url":"https://www.openstreetmap.org/node/7896020160"}},{"type":"Feature","geometry":{"type":"Point","coordinates":[127.1290831,37.4322241]},"properties":{"feature":"metro","name":"모란","source_url":"https://www.openstreetmap.org/node/7908597457"}},{"type":"Feature","geometry":{"type":"Point","coordinates":[127.0371526,37.5612078]},"properties":{"feature":"metro","name":"왕십리","source_url":"https://www.openstreetmap.org/node/7916699664"}},{"type":"Feature","geometry":{"type":"Point","coordinates":[127.0369249,37.561827]},"properties":{"feature":"metro","name":"왕십리","source_url":"https://www.openstreetmap.org/node/7916699665"}},{"type":"Feature","geometry":{"type":"Point","coordinates":[127.2042713,37.551605]},"properties":{"feature":"metro","name":"","source_url":"https://www.openstreetmap.org/node/7965744307"}},{"type":"Feature","geometry":{"type":"Point","coordinates":[127.2036605,37.5514174]},"properties":{"feature":"metro","name":"","source_url":"https://www.openstreetmap.org/node/7965744308"}},{"type":"Feature","geometry":{"type":"Point","coordinates":[127.2033253,37.5515456]},"properties":{"feature":"metro","name":"","source_url":"https://www.openstreetmap.org/node/7965744310"}},{"type":"Feature","geometry":{"type":"Point","coordinates":[127.203088,37.5522622]},"properties":{"feature":"metro","name":"","source_url":"https://www.openstreetmap.org/node/7965744311"}},{"type":"Feature","geometry":{"type":"Point","coordinates":[127.2028881,37.5520716]},"properties":{"feature":"metro","name":"","source_url":"https://www.openstreetmap.org/node/7965744312"}},{"type":"Feature","geometry":{"type":"Point","coordinates":[127.2039018,37.5523978]},"properties":{"feature":"metro","name":"","source_url":"https://www.openstreetmap.org/node/7965744313"}},{"type":"Feature","geometry":{"type":"Point","coordinates":[127.0254473,37.5745192]},"properties":{"feature":"metro","name":"신설동","source_url":"https://www.openstreetmap.org/node/8043801405"}},{"type":"Feature","geometry":{"type":"Point","coordinates":[126.8270131,37.5590874]},"properties":{"feature":"metro","name":"","source_url":"https://www.openstreetmap.org/node/8074882723"}},{"type":"Feature","geometry":{"type":"Point","coordinates":[126.827593,37.5594253]},"properties":{"feature":"metro","name":"","source_url":"https://www.openstreetmap.org/node/8074882724"}},{"type":"Feature","geometry":{"type":"Point","coordinates":[126.8277322,37.5598816]},"properties":{"feature":"metro","name":"","source_url":"https://www.openstreetmap.org/node/8074882725"}},{"type":"Feature","geometry":{"type":"Point","coordinates":[127.0476987,37.6531817]},"properties":{"feature":"metro","name":"창동","source_url":"https://www.openstreetmap.org/node/8111056262"}},{"type":"Feature","geometry":{"type":"Point","coordinates":[126.9803481,37.5031081]},"properties":{"feature":"metro","name":"동작","source_url":"https://www.openstreetmap.org/node/8145379643"}},{"type":"Feature","geometry":{"type":"Point","coordinates":[127.0469383,37.7227201]},"properties":{"feature":"metro","name":"","source_url":"https://www.openstreetmap.org/node/8208463356"}},{"type":"Feature","geometry":{"type":"Point","coordinates":[127.0473807,37.7228493]},"properties":{"feature":"metro","name":"","source_url":"https://www.openstreetmap.org/node/8208463357"}},{"type":"Feature","geometry":{"type":"Point","coordinates":[127.0463509,37.6904222]},"properties":{"feature":"metro","name":"","source_url":"https://www.openstreetmap.org/node/8208509533"}},{"type":"Feature","geometry":{"type":"Point","coordinates":[126.9413717,37.5147265]},"properties":{"feature":"metro","name":"","source_url":"https://www.openstreetmap.org/node/8208979816"}},{"type":"Feature","geometry":{"type":"Point","coordinates":[126.906874,37.5161226]},"properties":{"feature":"metro","name":"","source_url":"https://www.openstreetmap.org/node/8211568112"}},{"type":"Feature","geometry":{"type":"Point","coordinates":[126.845001,37.4948462]},"properties":{"feature":"metro","name":"","source_url":"https://www.openstreetmap.org/node/8211725025"}},{"type":"Feature","geometry":{"type":"Point","coordinates":[126.7949726,37.4821757]},"properties":{"feature":"metro","name":"","source_url":"https://www.openstreetmap.org/node/8211784318"}},{"type":"Feature","geometry":{"type":"Point","coordinates":[126.7953615,37.4821234]},"properties":{"feature":"metro","name":"","source_url":"https://www.openstreetmap.org/node/8211784319"}},{"type":"Feature","geometry":{"type":"Point","coordinates":[126.7538584,37.487817]},"properties":{"feature":"metro","name":"","source_url":"https://www.openstreetmap.org/node/8211805877"}},{"type":"Feature","geometry":{"type":"Point","coordinates":[126.8892142,37.4660271]},"properties":{"feature":"metro","name":"","source_url":"https://www.openstreetmap.org/node/8211893622"}},{"type":"Feature","geometry":{"type":"Point","coordinates":[126.9811291,37.5661053]},"properties":{"feature":"metro","name":"","source_url":"https://www.openstreetmap.org/node/8212227135"}},{"type":"Feature","geometry":{"type":"Point","coordinates":[127.0299065,37.5644566]},"properties":{"feature":"metro","name":"","source_url":"https://www.openstreetmap.org/node/8212295828"}},{"type":"Feature","geometry":{"type":"Point","coordinates":[127.0489713,37.5469023]},"properties":{"feature":"metro","name":"","source_url":"https://www.openstreetmap.org/node/8212421336"}},{"type":"Feature","geometry":{"type":"Point","coordinates":[127.0486982,37.5466738]},"properties":{"feature":"metro","name":"","source_url":"https://www.openstreetmap.org/node/8212421337"}},{"type":"Feature","geometry":{"type":"Point","coordinates":[126.90131,37.5340082]},"properties":{"feature":"metro","name":"","source_url":"https://www.openstreetmap.org/node/8217937516"}},{"type":"Feature","geometry":{"type":"Point","coordinates":[126.9015266,37.5342622]},"properties":{"feature":"metro","name":"","source_url":"https://www.openstreetmap.org/node/8217973917"}},{"type":"Feature","geometry":{"type":"Point","coordinates":[126.9014379,37.5336403]},"properties":{"feature":"metro","name":"","source_url":"https://www.openstreetmap.org/node/8217973918"}},{"type":"Feature","geometry":{"type":"Point","coordinates":[126.9024633,37.5338039]},"properties":{"feature":"metro","name":"","source_url":"https://www.openstreetmap.org/node/8217973919"}},{"type":"Feature","geometry":{"type":"Point","coordinates":[126.9019942,37.5333563]},"properties":{"feature":"metro","name":"","source_url":"https://www.openstreetmap.org/node/8217973920"}},{"type":"Feature","geometry":{"type":"Point","coordinates":[126.9038328,37.5327045]},"properties":{"feature":"metro","name":"","source_url":"https://www.openstreetmap.org/node/8217973921"}},{"type":"Feature","geometry":{"type":"Point","coordinates":[126.9040145,37.5329494]},"properties":{"feature":"metro","name":"","source_url":"https://www.openstreetmap.org/node/8217973922"}},{"type":"Feature","geometry":{"type":"Point","coordinates":[126.9584959,37.574193]},"properties":{"feature":"metro","name":"","source_url":"https://www.openstreetmap.org/node/8218137042"}},{"type":"Feature","geometry":{"type":"Point","coordinates":[126.9727733,37.5760187]},"properties":{"feature":"metro","name":"","source_url":"https://www.openstreetmap.org/node/8218148406"}},{"type":"Feature","geometry":{"type":"Point","coordinates":[127.0159645,37.4848572]},"properties":{"feature":"metro","name":"","source_url":"https://www.openstreetmap.org/node/8218511706"}},{"type":"Feature","geometry":{"type":"Point","coordinates":[127.079726,37.6710368]},"properties":{"feature":"metro","name":"","source_url":"https://www.openstreetmap.org/node/8218636739"}},{"type":"Feature","geometry":{"type":"Point","coordinates":[127.0060972,37.4361741]},"properties":{"feature":"metro","name":"","source_url":"https://www.openstreetmap.org/node/8226112185"}},{"type":"Feature","geometry":{"type":"Point","coordinates":[126.8386855,37.5587172]},"properties":{"feature":"metro","name":"","source_url":"https://www.openstreetmap.org/node/8226188351"}},{"type":"Feature","geometry":{"type":"Point","coordinates":[127.0198135,37.5543782]},"properties":{"feature":"metro","name":"","source_url":"https://www.openstreetmap.org/node/8226559817"}},{"type":"Feature","geometry":{"type":"Point","coordinates":[127.0202958,37.5544567]},"properties":{"feature":"metro","name":"","source_url":"https://www.openstreetmap.org/node/8226559818"}},{"type":"Feature","geometry":{"type":"Point","coordinates":[127.1328632,37.5358764]},"properties":{"feature":"metro","name":"","source_url":"https://www.openstreetmap.org/node/8226748774"}},{"type":"Feature","geometry":{"type":"Point","coordinates":[127.1307843,37.5164324]},"properties":{"feature":"metro","name":"","source_url":"https://www.openstreetmap.org/node/8227072104"}},{"type":"Feature","geometry":{"type":"Point","coordinates":[127.1260511,37.5083225]},"properties":{"feature":"metro","name":"","source_url":"https://www.openstreetmap.org/node/8227102391"}},{"type":"Feature","geometry":{"type":"Point","coordinates":[127.0887306,37.5804926]},"properties":{"feature":"metro","name":"","source_url":"https://www.openstreetmap.org/node/8230068953"}},{"type":"Feature","geometry":{"type":"Point","coordinates":[126.8686243,37.476106]},"properties":{"feature":"metro","name":"","source_url":"https://www.openstreetmap.org/node/8230271045"}},{"type":"Feature","geometry":{"type":"Point","coordinates":[126.7976654,37.5785381]},"properties":{"feature":"metro","name":"개화","source_url":"https://www.openstreetmap.org/node/8232932947"}},{"type":"Feature","geometry":{"type":"Point","coordinates":[126.8935377,37.5379181]},"properties":{"feature":"metro","name":"","source_url":"https://www.openstreetmap.org/node/8233170487"}},{"type":"Feature","geometry":{"type":"Point","coordinates":[126.8936638,37.5381065]},"properties":{"feature":"metro","name":"","source_url":"https://www.openstreetmap.org/node/8233170488"}},{"type":"Feature","geometry":{"type":"Point","coordinates":[127.0334187,37.5070589]},"properties":{"feature":"metro","name":"","source_url":"https://www.openstreetmap.org/node/8233375929"}},{"type":"Feature","geometry":{"type":"Point","coordinates":[127.0527672,37.5127735]},"properties":{"feature":"metro","name":"","source_url":"https://www.openstreetmap.org/node/8233402936"}},{"type":"Feature","geometry":{"type":"Point","coordinates":[127.0351633,37.5512185]},"properties":{"feature":"metro","name":"","source_url":"https://www.openstreetmap.org/node/8233635568"}},{"type":"Feature","geometry":{"type":"Point","coordinates":[127.0919828,37.6002933]},"properties":{"feature":"metro","name":"","source_url":"https://www.openstreetmap.org/node/8233660571"}},{"type":"Feature","geometry":{"type":"Point","coordinates":[126.7061791,37.6319671]},"properties":{"feature":"metro","name":"","source_url":"https://www.openstreetmap.org/node/8236609290"}},{"type":"Feature","geometry":{"type":"Point","coordinates":[126.7052056,37.6314164]},"properties":{"feature":"metro","name":"","source_url":"https://www.openstreetmap.org/node/8236609291"}},{"type":"Feature","geometry":{"type":"Point","coordinates":[126.7199572,37.6202961]},"properties":{"feature":"metro","name":"","source_url":"https://www.openstreetmap.org/node/8236631651"}},{"type":"Feature","geometry":{"type":"Point","coordinates":[126.7193649,37.619677]},"properties":{"feature":"metro","name":"","source_url":"https://www.openstreetmap.org/node/8236631652"}},{"type":"Feature","geometry":{"type":"Point","coordinates":[126.7701282,37.6018914]},"properties":{"feature":"metro","name":"","source_url":"https://www.openstreetmap.org/node/8236652806"}},{"type":"Feature","geometry":{"type":"Point","coordinates":[126.7701499,37.6012065]},"properties":{"feature":"metro","name":"","source_url":"https://www.openstreetmap.org/node/8236652807"}},{"type":"Feature","geometry":{"type":"Point","coordinates":[126.7457232,37.3797622]},"properties":{"feature":"metro","name":"","source_url":"https://www.openstreetmap.org/node/8238934811"}},{"type":"Feature","geometry":{"type":"Point","coordinates":[126.7457551,37.3800545]},"properties":{"feature":"metro","name":"","source_url":"https://www.openstreetmap.org/node/8238934812"}},{"type":"Feature","geometry":{"type":"Point","coordinates":[126.7222112,37.4002571]},"properties":{"feature":"metro","name":"","source_url":"https://www.openstreetmap.org/node/8238978718"}},{"type":"Feature","geometry":{"type":"Point","coordinates":[126.7227823,37.4004248]},"properties":{"feature":"metro","name":"","source_url":"https://www.openstreetmap.org/node/8238978719"}},{"type":"Feature","geometry":{"type":"Point","coordinates":[126.7077089,37.467556]},"properties":{"feature":"metro","name":"","source_url":"https://www.openstreetmap.org/node/8239131054"}},{"type":"Feature","geometry":{"type":"Point","coordinates":[126.7443084,37.5531264]},"properties":{"feature":"metro","name":"","source_url":"https://www.openstreetmap.org/node/8239162840"}},{"type":"Feature","geometry":{"type":"Point","coordinates":[126.7445057,37.5531868]},"properties":{"feature":"metro","name":"","source_url":"https://www.openstreetmap.org/node/8239162841"}},{"type":"Feature","geometry":{"type":"Point","coordinates":[126.7452222,37.5544981]},"properties":{"feature":"metro","name":"","source_url":"https://www.openstreetmap.org/node/8239162842"}},{"type":"Feature","geometry":{"type":"Point","coordinates":[126.7454719,37.5545088]},"properties":{"feature":"metro","name":"","source_url":"https://www.openstreetmap.org/node/8239162843"}},{"type":"Feature","geometry":{"type":"Point","coordinates":[126.7856591,37.4400742]},"properties":{"feature":"metro","name":"","source_url":"https://www.openstreetmap.org/node/8239335212"}},{"type":"Feature","geometry":{"type":"Point","coordinates":[126.7863201,37.4403149]},"properties":{"feature":"metro","name":"","source_url":"https://www.openstreetmap.org/node/8239335213"}},{"type":"Feature","geometry":{"type":"Point","coordinates":[126.7923696,37.4510962]},"properties":{"feature":"metro","name":"","source_url":"https://www.openstreetmap.org/node/8239337887"}},{"type":"Feature","geometry":{"type":"Point","coordinates":[126.7937875,37.4512767]},"properties":{"feature":"metro","name":"","source_url":"https://www.openstreetmap.org/node/8239337888"}},{"type":"Feature","geometry":{"type":"Point","coordinates":[127.0560345,37.7454896]},"properties":{"feature":"metro","name":"","source_url":"https://www.openstreetmap.org/node/8239526729"}},{"type":"Feature","geometry":{"type":"Point","coordinates":[126.7612377,37.6701524]},"properties":{"feature":"metro","name":"주엽","source_url":"https://www.openstreetmap.org/node/8334234978"}},{"type":"Feature","geometry":{"type":"Point","coordinates":[126.7009761,37.449506]},"properties":{"feature":"metro","name":"예술회관","source_url":"https://www.openstreetmap.org/node/8390030411"}},{"type":"Feature","geometry":{"type":"Point","coordinates":[126.7079494,37.4671553]},"properties":{"feature":"metro","name":"간석오거리","source_url":"https://www.openstreetmap.org/node/8390030413"}},{"type":"Feature","geometry":{"type":"Point","coordinates":[126.7103571,37.4779093]},"properties":{"feature":"metro","name":"부평삼거리","source_url":"https://www.openstreetmap.org/node/8390030414"}},{"type":"Feature","geometry":{"type":"Point","coordinates":[126.7185419,37.4854218]},"properties":{"feature":"metro","name":"동수","source_url":"https://www.openstreetmap.org/node/8390030415"}},{"type":"Feature","geometry":{"type":"Point","coordinates":[126.7237346,37.4899854]},"properties":{"feature":"metro","name":"부평","source_url":"https://www.openstreetmap.org/node/8390030416"}},{"type":"Feature","geometry":{"type":"Point","coordinates":[126.722289,37.4983678]},"properties":{"feature":"metro","name":"부평시장","source_url":"https://www.openstreetmap.org/node/8390080117"}},{"type":"Feature","geometry":{"type":"Point","coordinates":[126.7205539,37.5082283]},"properties":{"feature":"metro","name":"부평구청","source_url":"https://www.openstreetmap.org/node/8390080118"}},{"type":"Feature","geometry":{"type":"Point","coordinates":[126.7215178,37.5168126]},"properties":{"feature":"metro","name":"갈산","source_url":"https://www.openstreetmap.org/node/8390080120"}},{"type":"Feature","geometry":{"type":"Point","coordinates":[126.7225307,37.5303129]},"properties":{"feature":"metro","name":"작전","source_url":"https://www.openstreetmap.org/node/8390080121"}},{"type":"Feature","geometry":{"type":"Point","coordinates":[126.7226027,37.5384076]},"properties":{"feature":"metro","name":"경인교대입구","source_url":"https://www.openstreetmap.org/node/8390080122"}},{"type":"Feature","geometry":{"type":"Point","coordinates":[126.7278571,37.543336]},"properties":{"feature":"metro","name":"계산","source_url":"https://www.openstreetmap.org/node/8390080123"}},{"type":"Feature","geometry":{"type":"Point","coordinates":[126.928282,37.517362]},"properties":{"feature":"metro","name":"샛강","source_url":"https://www.openstreetmap.org/node/8401534578"}},{"type":"Feature","geometry":{"type":"Point","coordinates":[127.2035509,37.7207998]},"properties":{"feature":"metro","name":"","source_url":"https://www.openstreetmap.org/node/8539885738"}},{"type":"Feature","geometry":{"type":"Point","coordinates":[127.2034947,37.7203376]},"properties":{"feature":"metro","name":"","source_url":"https://www.openstreetmap.org/node/8539885739"}},{"type":"Feature","geometry":{"type":"Point","coordinates":[127.2034972,37.7191337]},"properties":{"feature":"metro","name":"","source_url":"https://www.openstreetmap.org/node/8539885742"}},{"type":"Feature","geometry":{"type":"Point","coordinates":[127.2031872,37.7191091]},"properties":{"feature":"metro","name":"","source_url":"https://www.openstreetmap.org/node/8539885743"}},{"type":"Feature","geometry":{"type":"Point","coordinates":[127.202817,37.7202472]},"properties":{"feature":"metro","name":"","source_url":"https://www.openstreetmap.org/node/8539885744"}},{"type":"Feature","geometry":{"type":"Point","coordinates":[127.2027494,37.7205018]},"properties":{"feature":"metro","name":"","source_url":"https://www.openstreetmap.org/node/8539885745"}},{"type":"Feature","geometry":{"type":"Point","coordinates":[127.1743486,37.5574416]},"properties":{"feature":"metro","name":"","source_url":"https://www.openstreetmap.org/node/8566458076"}},{"type":"Feature","geometry":{"type":"Point","coordinates":[127.1744769,37.5569835]},"properties":{"feature":"metro","name":"","source_url":"https://www.openstreetmap.org/node/8566458077"}},{"type":"Feature","geometry":{"type":"Point","coordinates":[127.1765397,37.557822]},"properties":{"feature":"metro","name":"","source_url":"https://www.openstreetmap.org/node/8566458078"}},{"type":"Feature","geometry":{"type":"Point","coordinates":[127.1767135,37.5574504]},"properties":{"feature":"metro","name":"","source_url":"https://www.openstreetmap.org/node/8566458079"}},{"type":"Feature","geometry":{"type":"Point","coordinates":[127.2066008,37.5421485]},"properties":{"feature":"metro","name":"","source_url":"https://www.openstreetmap.org/node/8566458083"}},{"type":"Feature","geometry":{"type":"Point","coordinates":[127.2068321,37.5422282]},"properties":{"feature":"metro","name":"","source_url":"https://www.openstreetmap.org/node/8566458084"}},{"type":"Feature","geometry":{"type":"Point","coordinates":[127.2061287,37.5418802]},"properties":{"feature":"metro","name":"","source_url":"https://www.openstreetmap.org/node/8566458085"}},{"type":"Feature","geometry":{"type":"Point","coordinates":[127.2066365,37.5413102]},"properties":{"feature":"metro","name":"","source_url":"https://www.openstreetmap.org/node/8566458086"}},{"type":"Feature","geometry":{"type":"Point","coordinates":[127.2072038,37.5414242]},"properties":{"feature":"metro","name":"","source_url":"https://www.openstreetmap.org/node/8566458087"}},{"type":"Feature","geometry":{"type":"Point","coordinates":[127.2074165,37.5416325]},"properties":{"feature":"metro","name":"","source_url":"https://www.openstreetmap.org/node/8566458088"}},{"type":"Feature","geometry":{"type":"Point","coordinates":[127.2253214,37.5392327]},"properties":{"feature":"metro","name":"","source_url":"https://www.openstreetmap.org/node/8568931830"}},{"type":"Feature","geometry":{"type":"Point","coordinates":[126.8980769,37.5773957]},"properties":{"feature":"metro","name":"디지털미디어시티","source_url":"https://www.openstreetmap.org/node/8724752444"}},{"type":"Feature","geometry":{"type":"Point","coordinates":[126.9014558,37.5761895]},"properties":{"feature":"metro","name":"디지털미디어시티","source_url":"https://www.openstreetmap.org/node/8724752445"}},{"type":"Feature","geometry":{"type":"Point","coordinates":[126.7034519,37.5090532]},"properties":{"feature":"metro","name":"","source_url":"https://www.openstreetmap.org/node/8754538350"}},{"type":"Feature","geometry":{"type":"Point","coordinates":[126.7030435,37.5087689]},"properties":{"feature":"metro","name":"","source_url":"https://www.openstreetmap.org/node/8754538351"}},{"type":"Feature","geometry":{"type":"Point","coordinates":[126.7030463,37.5085102]},"properties":{"feature":"metro","name":"","source_url":"https://www.openstreetmap.org/node/8754538352"}},{"type":"Feature","geometry":{"type":"Point","coordinates":[126.7033381,37.5080659]},"properties":{"feature":"metro","name":"","source_url":"https://www.openstreetmap.org/node/8754538353"}},{"type":"Feature","geometry":{"type":"Point","coordinates":[126.703645,37.5081561]},"properties":{"feature":"metro","name":"","source_url":"https://www.openstreetmap.org/node/8754538354"}},{"type":"Feature","geometry":{"type":"Point","coordinates":[126.7037415,37.5091587]},"properties":{"feature":"metro","name":"","source_url":"https://www.openstreetmap.org/node/8754538355"}},{"type":"Feature","geometry":{"type":"Point","coordinates":[126.7039626,37.5084693]},"properties":{"feature":"metro","name":"","source_url":"https://www.openstreetmap.org/node/8754538356"}},{"type":"Feature","geometry":{"type":"Point","coordinates":[127.0634799,37.6563651]},"properties":{"feature":"metro","name":"노원","source_url":"https://www.openstreetmap.org/node/8778625274"}},{"type":"Feature","geometry":{"type":"Point","coordinates":[127.1917592,37.7053361]},"properties":{"feature":"metro","name":"","source_url":"https://www.openstreetmap.org/node/8787897977"}},{"type":"Feature","geometry":{"type":"Point","coordinates":[127.1911334,37.705073]},"properties":{"feature":"metro","name":"","source_url":"https://www.openstreetmap.org/node/8787897978"}},{"type":"Feature","geometry":{"type":"Point","coordinates":[127.1920217,37.7050106]},"properties":{"feature":"metro","name":"","source_url":"https://www.openstreetmap.org/node/8787897979"}},{"type":"Feature","geometry":{"type":"Point","coordinates":[127.1160818,37.6682248]},"properties":{"feature":"metro","name":"","source_url":"https://www.openstreetmap.org/node/8787897982"}},{"type":"Feature","geometry":{"type":"Point","coordinates":[127.1164842,37.6676178]},"properties":{"feature":"metro","name":"","source_url":"https://www.openstreetmap.org/node/8787897983"}},{"type":"Feature","geometry":{"type":"Point","coordinates":[127.1162947,37.6675449]},"properties":{"feature":"metro","name":"","source_url":"https://www.openstreetmap.org/node/8787897984"}},{"type":"Feature","geometry":{"type":"Point","coordinates":[127.1158076,37.6677835]},"properties":{"feature":"metro","name":"","source_url":"https://www.openstreetmap.org/node/8787897985"}},{"type":"Feature","geometry":{"type":"Point","coordinates":[126.9026845,37.533531]},"properties":{"feature":"metro","name":"당산","source_url":"https://www.openstreetmap.org/node/8822741689"}},{"type":"Feature","geometry":{"type":"Point","coordinates":[126.9723599,37.5560719]},"properties":{"feature":"metro","name":"서울역","source_url":"https://www.openstreetmap.org/node/8829280690"}},{"type":"Feature","geometry":{"type":"Point","coordinates":[126.9163515,37.5175077]},"properties":{"feature":"metro","name":"신길","source_url":"https://www.openstreetmap.org/node/8829295765"}},{"type":"Feature","geometry":{"type":"Point","coordinates":[126.8828796,37.4804538]},"properties":{"feature":"metro","name":"가산디지털단지","source_url":"https://www.openstreetmap.org/node/8829295766"}},{"type":"Feature","geometry":{"type":"Point","coordinates":[127.073439,37.6607649]},"properties":{"feature":"metro","name":"상계","source_url":"https://www.openstreetmap.org/node/9165988119"}},{"type":"Feature","geometry":{"type":"Point","coordinates":[126.8939823,37.5378593]},"properties":{"feature":"metro","name":"선유도","source_url":"https://www.openstreetmap.org/node/9181579788"}},{"type":"Feature","geometry":{"type":"Point","coordinates":[126.8831758,37.544211]},"properties":{"feature":"metro","name":"신목동","source_url":"https://www.openstreetmap.org/node/9181579789"}},{"type":"Feature","geometry":{"type":"Point","coordinates":[126.8753972,37.5470335]},"properties":{"feature":"metro","name":"염창","source_url":"https://www.openstreetmap.org/node/9181579790"}},{"type":"Feature","geometry":{"type":"Point","coordinates":[126.864574,37.5511518]},"properties":{"feature":"metro","name":"등촌","source_url":"https://www.openstreetmap.org/node/9181579791"}},{"type":"Feature","geometry":{"type":"Point","coordinates":[126.8618185,37.5575102]},"properties":{"feature":"metro","name":"증미","source_url":"https://www.openstreetmap.org/node/9181579792"}},{"type":"Feature","geometry":{"type":"Point","coordinates":[126.8550997,37.5611423]},"properties":{"feature":"metro","name":"가양","source_url":"https://www.openstreetmap.org/node/9181579793"}},{"type":"Feature","geometry":{"type":"Point","coordinates":[126.8412958,37.5684524]},"properties":{"feature":"metro","name":"양천향교","source_url":"https://www.openstreetmap.org/node/9181579794"}},{"type":"Feature","geometry":{"type":"Point","coordinates":[126.8165921,37.5674973]},"properties":{"feature":"metro","name":"신방화","source_url":"https://www.openstreetmap.org/node/9181579795"}},{"type":"Feature","geometry":{"type":"Point","coordinates":[126.8106016,37.5636577]},"properties":{"feature":"metro","name":"공항시장","source_url":"https://www.openstreetmap.org/node/9181579796"}},{"type":"Feature","geometry":{"type":"Point","coordinates":[127.0950267,37.7285436]},"properties":{"feature":"metro","name":"","source_url":"https://www.openstreetmap.org/node/9213371204"}},{"type":"Feature","geometry":{"type":"Point","coordinates":[127.1396406,37.462972]},"properties":{"feature":"metro","name":"","source_url":"https://www.openstreetmap.org/node/9350289882"}},{"type":"Feature","geometry":{"type":"Point","coordinates":[127.1390928,37.4633439]},"properties":{"feature":"metro","name":"","source_url":"https://www.openstreetmap.org/node/9350289883"}},{"type":"Feature","geometry":{"type":"Point","coordinates":[126.7974606,37.5058364]},"properties":{"feature":"metro","name":"부천종합운동장","source_url":"https://www.openstreetmap.org/node/9417728884"}},{"type":"Feature","geometry":{"type":"Point","coordinates":[126.8048614,37.5238457]},"properties":{"feature":"metro","name":"원종","source_url":"https://www.openstreetmap.org/node/9417728897"}},{"type":"Feature","geometry":{"type":"Point","coordinates":[126.9822371,37.48678]},"properties":{"feature":"metro","name":"총신대입구(이수)","source_url":"https://www.openstreetmap.org/node/9420130583"}},{"type":"Feature","geometry":{"type":"Point","coordinates":[127.015659,37.5723419]},"properties":{"feature":"metro","name":"동묘앞","source_url":"https://www.openstreetmap.org/node/9454775466"}},{"type":"Feature","geometry":{"type":"Point","coordinates":[127.0095288,37.5704964]},"properties":{"feature":"metro","name":"동대문","source_url":"https://www.openstreetmap.org/node/9454775467"}},{"type":"Feature","geometry":{"type":"Point","coordinates":[126.9902702,37.5725401]},"properties":{"feature":"metro","name":"종로3가","source_url":"https://www.openstreetmap.org/node/9454775468"}},{"type":"Feature","geometry":{"type":"Point","coordinates":[126.9919062,37.5714989]},"properties":{"feature":"metro","name":"종로3가","source_url":"https://www.openstreetmap.org/node/9454775469"}},{"type":"Feature","geometry":{"type":"Point","coordinates":[126.9747869,37.5633295]},"properties":{"feature":"metro","name":"시청","source_url":"https://www.openstreetmap.org/node/9467463479"}},{"type":"Feature","geometry":{"type":"Point","coordinates":[126.9415727,37.5136137]},"properties":{"feature":"metro","name":"노량진","source_url":"https://www.openstreetmap.org/node/9485597747"}},{"type":"Feature","geometry":{"type":"Point","coordinates":[127.0244486,37.5040442]},"properties":{"feature":"metro","name":"","source_url":"https://www.openstreetmap.org/node/9776527215"}},{"type":"Feature","geometry":{"type":"Point","coordinates":[127.0254056,37.5030953]},"properties":{"feature":"metro","name":"","source_url":"https://www.openstreetmap.org/node/9776527216"}},{"type":"Feature","geometry":{"type":"Point","coordinates":[127.0218024,37.50962]},"properties":{"feature":"metro","name":"","source_url":"https://www.openstreetmap.org/node/9776544717"}},{"type":"Feature","geometry":{"type":"Point","coordinates":[127.0221741,37.5098471]},"properties":{"feature":"metro","name":"","source_url":"https://www.openstreetmap.org/node/9776544718"}},{"type":"Feature","geometry":{"type":"Point","coordinates":[126.9456019,37.4686187]},"properties":{"feature":"metro","name":"","source_url":"https://www.openstreetmap.org/node/9776585978"}},{"type":"Feature","geometry":{"type":"Point","coordinates":[126.9254574,37.5127046]},"properties":{"feature":"metro","name":"","source_url":"https://www.openstreetmap.org/node/9776619422"}},{"type":"Feature","geometry":{"type":"Point","coordinates":[126.934127,37.4719507]},"properties":{"feature":"metro","name":"","source_url":"https://www.openstreetmap.org/node/9776619423"}},{"type":"Feature","geometry":{"type":"Point","coordinates":[126.9338877,37.4722]},"properties":{"feature":"metro","name":"","source_url":"https://www.openstreetmap.org/node/9776619424"}},{"type":"Feature","geometry":{"type":"Point","coordinates":[126.9332832,37.4782861]},"properties":{"feature":"metro","name":"","source_url":"https://www.openstreetmap.org/node/9787649487"}},{"type":"Feature","geometry":{"type":"Point","coordinates":[126.933003,37.4783618]},"properties":{"feature":"metro","name":"","source_url":"https://www.openstreetmap.org/node/9787649488"}},{"type":"Feature","geometry":{"type":"Point","coordinates":[126.9275257,37.4898901]},"properties":{"feature":"metro","name":"","source_url":"https://www.openstreetmap.org/node/9787649490"}},{"type":"Feature","geometry":{"type":"Point","coordinates":[126.9278121,37.4899811]},"properties":{"feature":"metro","name":"","source_url":"https://www.openstreetmap.org/node/9787649491"}},{"type":"Feature","geometry":{"type":"Point","coordinates":[126.9246197,37.4926905]},"properties":{"feature":"metro","name":"","source_url":"https://www.openstreetmap.org/node/9787649492"}},{"type":"Feature","geometry":{"type":"Point","coordinates":[126.9237805,37.4931658]},"properties":{"feature":"metro","name":"","source_url":"https://www.openstreetmap.org/node/9787649493"}},{"type":"Feature","geometry":{"type":"Point","coordinates":[126.9180256,37.4953567]},"properties":{"feature":"metro","name":"","source_url":"https://www.openstreetmap.org/node/9787649494"}},{"type":"Feature","geometry":{"type":"Point","coordinates":[126.9182807,37.4953911]},"properties":{"feature":"metro","name":"","source_url":"https://www.openstreetmap.org/node/9787649495"}},{"type":"Feature","geometry":{"type":"Point","coordinates":[126.9225018,37.5056706]},"properties":{"feature":"metro","name":"","source_url":"https://www.openstreetmap.org/node/9787649496"}},{"type":"Feature","geometry":{"type":"Point","coordinates":[126.9228538,37.5059836]},"properties":{"feature":"metro","name":"","source_url":"https://www.openstreetmap.org/node/9787649497"}},{"type":"Feature","geometry":{"type":"Point","coordinates":[127.0460102,37.7378454]},"properties":{"feature":"metro","name":"","source_url":"https://www.openstreetmap.org/node/9996850283"}},{"type":"Feature","geometry":{"type":"Point","coordinates":[126.9993912,37.5706959]},"properties":{"feature":"metro","name":"","source_url":"https://www.openstreetmap.org/node/10294667587"}},{"type":"Feature","geometry":{"type":"Point","coordinates":[127.0001068,37.571045]},"properties":{"feature":"metro","name":"","source_url":"https://www.openstreetmap.org/node/10300422223"}},{"type":"Feature","geometry":{"type":"Point","coordinates":[127.1194122,37.3946908]},"properties":{"feature":"metro","name":"성남","source_url":"https://www.openstreetmap.org/node/10787176951"}},{"type":"Feature","geometry":{"type":"Point","coordinates":[126.8015843,37.5619877]},"properties":{"feature":"metro","name":"김포공항","source_url":"https://www.openstreetmap.org/node/10814394661"}},{"type":"Feature","geometry":{"type":"Point","coordinates":[126.8015857,37.561745]},"properties":{"feature":"metro","name":"김포공항","source_url":"https://www.openstreetmap.org/node/10814394662"}},{"type":"Feature","geometry":{"type":"Point","coordinates":[126.7978707,37.5062757]},"properties":{"feature":"metro","name":"","source_url":"https://www.openstreetmap.org/node/11015720660"}},{"type":"Feature","geometry":{"type":"Point","coordinates":[126.7973812,37.5063856]},"properties":{"feature":"metro","name":"","source_url":"https://www.openstreetmap.org/node/11015720661"}},{"type":"Feature","geometry":{"type":"Point","coordinates":[126.8052388,37.5219251]},"properties":{"feature":"metro","name":"","source_url":"https://www.openstreetmap.org/node/11015720680"}},{"type":"Feature","geometry":{"type":"Point","coordinates":[126.805114,37.524409]},"properties":{"feature":"metro","name":"","source_url":"https://www.openstreetmap.org/node/11015720681"}},{"type":"Feature","geometry":{"type":"Point","coordinates":[126.8047223,37.5243424]},"properties":{"feature":"metro","name":"","source_url":"https://www.openstreetmap.org/node/11015720683"}},{"type":"Feature","geometry":{"type":"Point","coordinates":[126.804728,37.5230518]},"properties":{"feature":"metro","name":"","source_url":"https://www.openstreetmap.org/node/11015720684"}},{"type":"Feature","geometry":{"type":"Point","coordinates":[126.8049909,37.5232374]},"properties":{"feature":"metro","name":"","source_url":"https://www.openstreetmap.org/node/11015720685"}},{"type":"Feature","geometry":{"type":"Point","coordinates":[127.0175496,37.5413731]},"properties":{"feature":"metro","name":"옥수","source_url":"https://www.openstreetmap.org/node/11164853360"}},{"type":"Feature","geometry":{"type":"Point","coordinates":[126.8916649,37.5091331]},"properties":{"feature":"metro","name":"신도림","source_url":"https://www.openstreetmap.org/node/11237829305"}},{"type":"Feature","geometry":{"type":"Point","coordinates":[127.0710264,37.5400273]},"properties":{"feature":"metro","name":"","source_url":"https://www.openstreetmap.org/node/11465385629"}},{"type":"Feature","geometry":{"type":"Point","coordinates":[127.0433944,37.7378809]},"properties":{"feature":"metro","name":"","source_url":"https://www.openstreetmap.org/node/11578668226"}},{"type":"Feature","geometry":{"type":"Point","coordinates":[127.1011492,37.4870797]},"properties":{"feature":"metro","name":"","source_url":"https://www.openstreetmap.org/node/11778011714"}},{"type":"Feature","geometry":{"type":"Point","coordinates":[127.1032335,37.4854685]},"properties":{"feature":"metro","name":"","source_url":"https://www.openstreetmap.org/node/11778011715"}},{"type":"Feature","geometry":{"type":"Point","coordinates":[127.1035811,37.4857081]},"properties":{"feature":"metro","name":"","source_url":"https://www.openstreetmap.org/node/11778011716"}},{"type":"Feature","geometry":{"type":"Point","coordinates":[127.1202399,37.3937392]},"properties":{"feature":"metro","name":"","source_url":"https://www.openstreetmap.org/node/11778014340"}},{"type":"Feature","geometry":{"type":"Point","coordinates":[127.1213681,37.3946182]},"properties":{"feature":"metro","name":"","source_url":"https://www.openstreetmap.org/node/11778014341"}},{"type":"Feature","geometry":{"type":"Point","coordinates":[127.1200142,37.3948976]},"properties":{"feature":"metro","name":"","source_url":"https://www.openstreetmap.org/node/11778014342"}},{"type":"Feature","geometry":{"type":"Point","coordinates":[127.1194174,37.3948315]},"properties":{"feature":"metro","name":"","source_url":"https://www.openstreetmap.org/node/11778014343"}},{"type":"Feature","geometry":{"type":"Point","coordinates":[127.1186903,37.3948055]},"properties":{"feature":"metro","name":"","source_url":"https://www.openstreetmap.org/node/11778014344"}},{"type":"Feature","geometry":{"type":"Point","coordinates":[127.1379117,37.587406]},"properties":{"feature":"metro","name":"장자호수공원","source_url":"https://www.openstreetmap.org/node/11942201168"}},{"type":"Feature","geometry":{"type":"Point","coordinates":[127.1408384,37.6022712]},"properties":{"feature":"metro","name":"구리","source_url":"https://www.openstreetmap.org/node/11942201669"}},{"type":"Feature","geometry":{"type":"Point","coordinates":[127.1381088,37.6105143]},"properties":{"feature":"metro","name":"동구릉","source_url":"https://www.openstreetmap.org/node/11942201670"}},{"type":"Feature","geometry":{"type":"Point","coordinates":[127.1497626,37.6243286]},"properties":{"feature":"metro","name":"다산","source_url":"https://www.openstreetmap.org/node/11942201671"}},{"type":"Feature","geometry":{"type":"Point","coordinates":[127.1278172,37.6420348]},"properties":{"feature":"metro","name":"별내","source_url":"https://www.openstreetmap.org/node/11942201672"}},{"type":"Feature","geometry":{"type":"Point","coordinates":[127.1372042,37.5571365]},"properties":{"feature":"metro","name":"","source_url":"https://www.openstreetmap.org/node/12121814691"}},{"type":"Feature","geometry":{"type":"Point","coordinates":[127.1372757,37.5569509]},"properties":{"feature":"metro","name":"","source_url":"https://www.openstreetmap.org/node/12121814692"}},{"type":"Feature","geometry":{"type":"Point","coordinates":[127.138336,37.5572371]},"properties":{"feature":"metro","name":"","source_url":"https://www.openstreetmap.org/node/12121814693"}},{"type":"Feature","geometry":{"type":"Point","coordinates":[127.1385688,37.5875201]},"properties":{"feature":"metro","name":"","source_url":"https://www.openstreetmap.org/node/12121814698"}},{"type":"Feature","geometry":{"type":"Point","coordinates":[127.1380239,37.5880574]},"properties":{"feature":"metro","name":"","source_url":"https://www.openstreetmap.org/node/12121814699"}},{"type":"Feature","geometry":{"type":"Point","coordinates":[127.1378064,37.5880547]},"properties":{"feature":"metro","name":"","source_url":"https://www.openstreetmap.org/node/12121814700"}},{"type":"Feature","geometry":{"type":"Point","coordinates":[127.1374787,37.5877445]},"properties":{"feature":"metro","name":"","source_url":"https://www.openstreetmap.org/node/12121815001"}},{"type":"Feature","geometry":{"type":"Point","coordinates":[127.1375088,37.5874894]},"properties":{"feature":"metro","name":"","source_url":"https://www.openstreetmap.org/node/12121815002"}},{"type":"Feature","geometry":{"type":"Point","coordinates":[127.1386031,37.5877581]},"properties":{"feature":"metro","name":"","source_url":"https://www.openstreetmap.org/node/12121815003"}},{"type":"Feature","geometry":{"type":"Point","coordinates":[127.1418344,37.6024392]},"properties":{"feature":"metro","name":"","source_url":"https://www.openstreetmap.org/node/12121815007"}},{"type":"Feature","geometry":{"type":"Point","coordinates":[127.1417162,37.6023626]},"properties":{"feature":"metro","name":"","source_url":"https://www.openstreetmap.org/node/12121815008"}},{"type":"Feature","geometry":{"type":"Point","coordinates":[127.1412807,37.602258]},"properties":{"feature":"metro","name":"","source_url":"https://www.openstreetmap.org/node/12121815009"}},{"type":"Feature","geometry":{"type":"Point","coordinates":[127.1411151,37.602296]},"properties":{"feature":"metro","name":"","source_url":"https://www.openstreetmap.org/node/12121815010"}},{"type":"Feature","geometry":{"type":"Point","coordinates":[127.1387568,37.6106216]},"properties":{"feature":"metro","name":"","source_url":"https://www.openstreetmap.org/node/12121815015"}},{"type":"Feature","geometry":{"type":"Point","coordinates":[127.1380174,37.6101452]},"properties":{"feature":"metro","name":"","source_url":"https://www.openstreetmap.org/node/12121815016"}},{"type":"Feature","geometry":{"type":"Point","coordinates":[127.1374948,37.6113519]},"properties":{"feature":"metro","name":"","source_url":"https://www.openstreetmap.org/node/12121815017"}},{"type":"Feature","geometry":{"type":"Point","coordinates":[127.137273,37.6106685]},"properties":{"feature":"metro","name":"","source_url":"https://www.openstreetmap.org/node/12121815018"}},{"type":"Feature","geometry":{"type":"Point","coordinates":[127.1381899,37.6113675]},"properties":{"feature":"metro","name":"","source_url":"https://www.openstreetmap.org/node/12121815019"}},{"type":"Feature","geometry":{"type":"Point","coordinates":[127.1501184,37.6237364]},"properties":{"feature":"metro","name":"","source_url":"https://www.openstreetmap.org/node/12121815036"}},{"type":"Feature","geometry":{"type":"Point","coordinates":[127.1492558,37.623575]},"properties":{"feature":"metro","name":"","source_url":"https://www.openstreetmap.org/node/12121815037"}},{"type":"Feature","geometry":{"type":"Point","coordinates":[127.1496754,37.6246224]},"properties":{"feature":"metro","name":"","source_url":"https://www.openstreetmap.org/node/12121815038"}},{"type":"Feature","geometry":{"type":"Point","coordinates":[127.1497888,37.6251151]},"properties":{"feature":"metro","name":"","source_url":"https://www.openstreetmap.org/node/12121815039"}},{"type":"Feature","geometry":{"type":"Point","coordinates":[127.1503285,37.6256085]},"properties":{"feature":"metro","name":"","source_url":"https://www.openstreetmap.org/node/12121815040"}},{"type":"Feature","geometry":{"type":"Point","coordinates":[127.1500189,37.626071]},"properties":{"feature":"metro","name":"","source_url":"https://www.openstreetmap.org/node/12121815041"}},{"type":"Feature","geometry":{"type":"Point","coordinates":[127.1265154,37.6430818]},"properties":{"feature":"metro","name":"","source_url":"https://www.openstreetmap.org/node/12121815056"}},{"type":"Feature","geometry":{"type":"Point","coordinates":[127.1271286,37.6423595]},"properties":{"feature":"metro","name":"","source_url":"https://www.openstreetmap.org/node/12121815057"}},{"type":"Feature","geometry":{"type":"Point","coordinates":[127.1276479,37.6426139]},"properties":{"feature":"metro","name":"","source_url":"https://www.openstreetmap.org/node/12121815058"}},{"type":"Feature","geometry":{"type":"Point","coordinates":[127.1281747,37.6417165]},"properties":{"feature":"metro","name":"","source_url":"https://www.openstreetmap.org/node/12121815059"}},{"type":"Feature","geometry":{"type":"Point","coordinates":[127.1277031,37.6416006]},"properties":{"feature":"metro","name":"","source_url":"https://www.openstreetmap.org/node/12121815060"}},{"type":"Feature","geometry":{"type":"Point","coordinates":[127.0473292,37.7395782]},"properties":{"feature":"metro","name":"","source_url":"https://www.openstreetmap.org/node/12145635840"}},{"type":"Feature","geometry":{"type":"Point","coordinates":[127.027975,37.5869377]},"properties":{"feature":"metro","name":"","source_url":"https://www.openstreetmap.org/node/12415306191"}},{"type":"Feature","geometry":{"type":"Point","coordinates":[126.8108576,37.6320797]},"properties":{"feature":"metro","name":"","source_url":"https://www.openstreetmap.org/node/12556235551"}},{"type":"Feature","geometry":{"type":"Point","coordinates":[126.8105704,37.632123]},"properties":{"feature":"metro","name":"","source_url":"https://www.openstreetmap.org/node/12556235552"}},{"type":"Feature","geometry":{"type":"Point","coordinates":[126.8104097,37.6323879]},"properties":{"feature":"metro","name":"","source_url":"https://www.openstreetmap.org/node/12556235554"}},{"type":"Feature","geometry":{"type":"Point","coordinates":[126.7133006,37.5922592]},"properties":{"feature":"metro","name":"아라","source_url":"https://www.openstreetmap.org/node/12961370706"}},{"type":"Feature","geometry":{"type":"Point","coordinates":[127.04741,37.5472351]},"properties":{"feature":"metro","name":"뚝섬","source_url":"https://www.openstreetmap.org/node/12969391184"}},{"type":"Feature","geometry":{"type":"Point","coordinates":[126.7134425,37.5927403]},"properties":{"feature":"metro","name":"","source_url":"https://www.openstreetmap.org/node/13009232000"}},{"type":"Feature","geometry":{"type":"Point","coordinates":[126.7139627,37.5925496]},"properties":{"feature":"metro","name":"","source_url":"https://www.openstreetmap.org/node/13009309001"}},{"type":"Feature","geometry":{"type":"Point","coordinates":[126.7140866,37.5921794]},"properties":{"feature":"metro","name":"","source_url":"https://www.openstreetmap.org/node/13009309002"}},{"type":"Feature","geometry":{"type":"Point","coordinates":[126.7136009,37.5917699]},"properties":{"feature":"metro","name":"","source_url":"https://www.openstreetmap.org/node/13009309003"}},{"type":"Feature","geometry":{"type":"Point","coordinates":[126.713218,37.5916996]},"properties":{"feature":"metro","name":"","source_url":"https://www.openstreetmap.org/node/13009309004"}},{"type":"Feature","geometry":{"type":"Point","coordinates":[126.7127043,37.5919734]},"properties":{"feature":"metro","name":"","source_url":"https://www.openstreetmap.org/node/13009309005"}},{"type":"Feature","geometry":{"type":"Point","coordinates":[126.7126622,37.592325]},"properties":{"feature":"metro","name":"","source_url":"https://www.openstreetmap.org/node/13009309006"}},{"type":"Feature","geometry":{"type":"Point","coordinates":[126.7130405,37.5927357]},"properties":{"feature":"metro","name":"","source_url":"https://www.openstreetmap.org/node/13009309007"}},{"type":"Feature","geometry":{"type":"Point","coordinates":[126.8832721,37.4805064]},"properties":{"feature":"metro","name":"","source_url":"https://www.openstreetmap.org/node/13011535790"}},{"type":"Feature","geometry":{"type":"Point","coordinates":[126.8811358,37.4798256]},"properties":{"feature":"metro","name":"","source_url":"https://www.openstreetmap.org/node/13011535791"}},{"type":"Feature","geometry":{"type":"Point","coordinates":[127.0071354,37.5642774]},"properties":{"feature":"metro","name":"동대문역사문화공원","source_url":"https://www.openstreetmap.org/node/13045404511"}},{"type":"Feature","geometry":{"type":"Point","coordinates":[127.0081569,37.5658762]},"properties":{"feature":"metro","name":"동대문역사문화공원","source_url":"https://www.openstreetmap.org/node/13045404512"}},{"type":"Feature","geometry":{"type":"Point","coordinates":[127.0762089,37.511406]},"properties":{"feature":"metro","name":"종합운동장","source_url":"https://www.openstreetmap.org/node/13051385207"}},{"type":"Feature","geometry":{"type":"Point","coordinates":[126.9234474,37.5566261]},"properties":{"feature":"metro","name":"홍대입구","source_url":"https://www.openstreetmap.org/node/13055976391"}},{"type":"Feature","geometry":{"type":"Point","coordinates":[126.7282646,37.7157963]},"properties":{"feature":"metro","name":"","source_url":"https://www.openstreetmap.org/node/13065384805"}},{"type":"Feature","geometry":{"type":"Point","coordinates":[126.7282829,37.716478]},"properties":{"feature":"metro","name":"","source_url":"https://www.openstreetmap.org/node/13065384806"}},{"type":"Feature","geometry":{"type":"Point","coordinates":[126.9208902,37.6191855]},"properties":{"feature":"metro","name":"","source_url":"https://www.openstreetmap.org/node/13357321480"}},{"type":"Feature","geometry":{"type":"Point","coordinates":[127.0731678,37.4917405]},"properties":{"feature":"metro","name":"","source_url":"https://www.openstreetmap.org/node/13367069268"}},{"type":"Feature","geometry":{"type":"Point","coordinates":[127.0731903,37.4912973]},"properties":{"feature":"metro","name":"","source_url":"https://www.openstreetmap.org/node/13367069269"}},{"type":"Feature","geometry":{"type":"Point","coordinates":[127.079177,37.4939991]},"properties":{"feature":"metro","name":"","source_url":"https://www.openstreetmap.org/node/13367069270"}},{"type":"Feature","geometry":{"type":"Point","coordinates":[127.0632648,37.5953096]},"properties":{"feature":"metro","name":"3","source_url":"https://www.openstreetmap.org/node/13409816613"}},{"type":"Feature","geometry":{"type":"Point","coordinates":[126.9640694,37.3942801]},"properties":{"feature":"metro","name":"","source_url":"https://www.openstreetmap.org/node/13556535473"}},{"type":"Feature","geometry":{"type":"Point","coordinates":[126.9256162,37.5128412]},"properties":{"feature":"metro","name":"","source_url":"https://www.openstreetmap.org/node/13670786958"}},{"type":"Feature","geometry":{"type":"Polygon","coordinates":[[[126.7450754,37.5534276],[126.7452135,37.5537302],[126.7453522,37.5542171],[126.7453637,37.5542583],[126.7453791,37.5543114],[126.7454305,37.5543011],[126.7454763,37.554444],[126.7454721,37.5544723],[126.7454829,37.5545067],[126.7454719,37.5545088],[126.7454581,37.5545106],[126.7454482,37.5544754],[126.7454542,37.5544436],[126.7454149,37.5543237],[126.7453843,37.5543295],[126.7454256,37.5544752],[126.7452512,37.5545085],[126.7452073,37.5543616],[126.7451596,37.554371],[126.7451703,37.5544072],[126.7451779,37.5544328],[126.7452164,37.5544448],[126.7452349,37.5544963],[126.7452222,37.5544981],[126.7452098,37.5544999],[126.7451964,37.5544633],[126.745157,37.554445],[126.7451469,37.5544102],[126.7451299,37.5543514],[126.7452026,37.5543373],[126.7450331,37.5537754],[126.7448987,37.5535408],[126.7447252,37.5533008],[126.7445441,37.5530935],[126.7445106,37.5531214],[126.744487,37.5531415],[126.7444634,37.553123],[126.7444881,37.5531034],[126.7444304,37.5530572],[126.7444073,37.5530757],[126.7445181,37.5531774],[126.7445057,37.5531868],[126.7444913,37.5531977],[126.7443904,37.5531035],[126.7443556,37.5531014],[126.7443185,37.5531339],[126.7443084,37.5531264],[126.7443009,37.5531205],[126.7444673,37.5529894],[126.7443937,37.5529005],[126.7445911,37.5528039],[126.7447916,37.5530621],[126.7450754,37.5534276]]]},"properties":{"feature":"metro","name":"박촌","source_url":"https://www.openstreetmap.org/way/224626521"}},{"type":"Feature","geometry":{"type":"Polygon","coordinates":[[[126.738808,37.5454003],[126.7386295,37.5451817],[126.7386535,37.5451694],[126.7390082,37.5456035],[126.7392093,37.5455003],[126.7387581,37.5449479],[126.7387871,37.5449329],[126.7389172,37.5450922],[126.7389326,37.5450843],[126.7389457,37.5450776],[126.7385977,37.5446516],[126.7385839,37.5446587],[126.7385685,37.5446666],[126.7387203,37.5448524],[126.7386923,37.5448668],[126.7385332,37.544672],[126.7383321,37.5447753],[126.7385805,37.5450793],[126.7385549,37.5450924],[126.7383755,37.5448728],[126.7383607,37.5448804],[126.7383423,37.5448899],[126.7386458,37.5452615],[126.7387736,37.545418],[126.7387926,37.5454082],[126.738808,37.5454003]]]},"properties":{"feature":"metro","name":"임학","source_url":"https://www.openstreetmap.org/way/227895543"}},{"type":"Feature","geometry":{"type":"Polygon","coordinates":[[[126.763618,37.5044744],[126.7637029,37.5049096],[126.7634569,37.5049434],[126.7634637,37.5049861],[126.7637802,37.5049457],[126.7637565,37.5048167],[126.7642872,37.5047478],[126.76431,37.5048808],[126.7646265,37.5048446],[126.7646198,37.5047946],[126.7643623,37.5048265],[126.7642829,37.5043855],[126.764528,37.5043541],[126.7645192,37.5043041],[126.7642134,37.5043509],[126.7642349,37.5044637],[126.7637065,37.5045361],[126.763677,37.5043786],[126.7636045,37.504385],[126.7636099,37.5044233],[126.7625665,37.5045573],[126.7625785,37.5046082],[126.7628994,37.504567],[126.763618,37.5044744]]]},"properties":{"feature":"metro","name":"부천시청","source_url":"https://www.openstreetmap.org/way/268233172"}},{"type":"Feature","geometry":{"type":"Polygon","coordinates":[[[127.1242897,37.4959673],[127.1242992,37.4959623],[127.1243067,37.4959583],[127.1242039,37.4958518],[127.1241876,37.4958615],[127.1242897,37.4959673]]]},"properties":{"feature":"metro","name":"경찰병원","source_url":"https://www.openstreetmap.org/way/1490436081"}},{"type":"Feature","geometry":{"type":"Polygon","coordinates":[[[127.1237097,37.495472],[127.1237266,37.495463],[127.1236238,37.4953565],[127.1236144,37.4953621],[127.1236075,37.4953662],[127.1237097,37.495472]]]},"properties":{"feature":"metro","name":"경찰병원","source_url":"https://www.openstreetmap.org/way/1490436082"}},{"type":"Feature","geometry":{"type":"Polygon","coordinates":[[[127.1241892,37.4954957],[127.1242061,37.4954866],[127.1241034,37.4953801],[127.1240936,37.4953859],[127.1240871,37.4953898],[127.1241892,37.4954957]]]},"properties":{"feature":"metro","name":"경찰병원","source_url":"https://www.openstreetmap.org/way/1490436083"}},{"type":"Feature","geometry":{"type":"Polygon","coordinates":[[[127.1238004,37.4952054],[127.1238146,37.4951979],[127.1237032,37.4951058],[127.1236964,37.4951106],[127.1236875,37.4951155],[127.1238004,37.4952054]]]},"properties":{"feature":"metro","name":"경찰병원","source_url":"https://www.openstreetmap.org/way/1490436084"}},{"type":"Feature","geometry":{"type":"Polygon","coordinates":[[[126.926143,37.5130002],[126.9261479,37.5131402],[126.9265238,37.513159],[126.9265363,37.5131726],[126.9266148,37.5131763],[126.9266168,37.5132087],[126.9260556,37.5131966],[126.9260455,37.5130023],[126.9254288,37.5130202],[126.9253479,37.5130497],[126.9252617,37.5128992],[126.9252086,37.5129224],[126.9251848,37.5128729],[126.9253983,37.5128003],[126.9255177,37.5128035],[126.9255362,37.5128266],[126.9255986,37.5128066],[126.9256162,37.5128412],[126.9256357,37.5128792],[126.9255734,37.5129003],[126.9255747,37.5129129],[126.926141,37.5129092],[126.926143,37.5130002]]]},"properties":{"feature":"metro","name":"대방","source_url":"https://www.openstreetmap.org/way/1491725843"}}]}